# %ECSV 1.0
# ---
# datatype:
# - {name: Column Number, datatype: int64}
# - {name: Wavelength (microns), datatype: float64}
# - {name: Wavelength Full Widths (microns), datatype: float64}
# - {name: Transit Depth (Rp/Rs)^2, datatype: float64}
# - {name: Transit Depth Uncertainty, datatype: float64}
# meta: !!omap
# - {Overview: This is a coadded transmission spectrum of LHS 475 b reduced by G. Fu using the FIREFLy data reduction pipeline.}
# - {Program: JWST GO 1981}
# - {Target: LHS 475 b}
# - {Observation(s): '41:1, 43:1'}
# - {Reference(s): Lustig-Yaeger & Fu et al. (2023)}
# - {ArXiV Link: 'https://doi.org/10.48550/arXiv.2301.04191'}
# schema: astropy-2.0
"Column Number" "Wavelength (microns)" "Wavelength Full Widths (microns)" "Transit Depth (Rp/Rs)^2" "Transit Depth Uncertainty"
700 2.809005343804248 0.00068 0.0013160639911194063 0.0002909482436507071
701 2.809684845546335 0.000679 0.0014564776795660194 0.0002987827235492376
702 2.810364343428911 0.000679 0.0011534953104537264 0.0002821495842043615
703 2.811043837450217 0.000679 0.0009998124065923241 0.00028930464252762344
704 2.8117233276084934 0.000679 0.0011917195154924369 0.00028555049201370287
705 2.8124028139019805 0.000679 0.0009461945307955549 0.00027366235240825756
706 2.8130822963289193 0.000679 0.0006061068754159335 0.00028765315730975584
707 2.8137617748875496 0.000679 0.0010355872113279082 0.00028924552059165153
708 2.814441249576112 0.000679 0.0008783253172138648 0.0002909930714157183
709 2.8151207203928474 0.000679 0.0011187125535291392 0.0002725698741477617
710 2.8158001873359964 0.000679 0.0008097780763597911 0.00027190966331627834
711 2.816479650403799 0.000679 0.0006019915218115363 0.00025603481728186765
712 2.8171591095944963 0.000679 0.0012745712848986437 0.0002815140042301066
713 2.817838564906328 0.000679 0.000926175651616842 0.00028026863751031447
714 2.8185180163375354 0.000679 0.0012988142092482942 0.00029076415055872624
715 2.8191974638863577 0.000679 0.001241693085512796 0.0002773727966875179
716 2.8198769075510373 0.000679 0.001049262178200796 0.00028848679447872474
717 2.8205563473298128 0.000679 0.0011332957545332374 0.00028577262665888933
718 2.821235783220926 0.000679 0.0013585241177119325 0.00027696795243776866
719 2.821915215222617 0.000679 0.0008928843388693838 0.0002730822007467685
720 2.8225946433331255 0.000679 0.001610738314004779 0.0002697408699140497
721 2.8232740675506935 0.000679 0.0011899116515018374 0.00026689322758802897
722 2.82395348787356 0.000679 0.0015290431587201593 0.0002761447035467388
723 2.8246329042999667 0.000679 0.0009827748086456778 0.00026297929155297874
724 2.8253123168281533 0.000679 0.0017140674575997425 0.0002658450991192915
725 2.825991725456361 0.000679 0.001322903443483456 0.0002657291549662361
726 2.826671130182829 0.000679 0.0009760124727559811 0.0002570163424616304
727 2.827350531005799 0.000679 0.0009695572782555417 0.00026945178714640153
728 2.828029927923511 0.000679 0.0009160434638231626 0.00026465110546038963
729 2.828709320934206 0.000679 0.001573044528199325 0.00025645551195738447
730 2.8293887100361235 0.000679 0.0010481384805855738 0.0002615473086173105
731 2.830068095227505 0.000679 0.001059926606180195 0.0002553402847519579
732 2.8307474765065903 0.000679 0.0012463851235276937 0.000241573431511906
733 2.8314268538716205 0.000679 0.0008981422284066987 0.0002525048870213202
734 2.8321062273208355 0.000679 0.0007609831582242553 0.0002591139707203916
735 2.832785596852476 0.000679 0.0009732323035615202 0.00024979271773751236
736 2.833464962464782 0.000679 0.0016114370144433925 0.00025409203325140253
737 2.834144324155995 0.000679 0.0012208137553333135 0.00026636856413941943
738 2.8348236819243553 0.000679 0.0008451372434701604 0.00025743515425945187
739 2.835503035768103 0.000679 0.0010268803546538427 0.0002644518207595354
740 2.8361823856854786 0.000679 0.0008912540555850407 0.00025544215431900293
741 2.836861731674722 0.000679 0.0012323841633670614 0.00025102569009921013
742 2.837541073734075 0.000679 0.0014350171909441193 0.0002652652894874565
743 2.838220411861777 0.000679 0.0011124361562992436 0.00025838514761663487
744 2.8388997460560694 0.000679 0.0014616753901160915 0.00025719602976310594
745 2.839579076315192 0.000679 0.0009883697553390285 0.00023776300098059892
746 2.8402584026373856 0.000679 0.0012828297833494472 0.00022806258612813785
747 2.84093772502089 0.000679 0.0013445095456777229 0.00025065422075402525
748 2.841617043463947 0.000679 0.0011031055217970967 0.00024754336173364464
749 2.8422963579647957 0.000679 0.0007804433228238885 0.0002481122601601572
750 2.8429756685216776 0.000679 0.0011899312294569942 0.0002641697121115134
751 2.843654975132833 0.000679 0.0016281368618731038 0.0002444515457576102
752 2.8443342777965017 0.000679 0.0012228703401243254 0.00024317535887607937
753 2.845013576510925 0.000679 0.0009400460518575481 0.0002506928728598814
754 2.845692871274343 0.000679 0.0006685081051661592 0.00023986052765085438
755 2.8463721620849967 0.000679 0.0013293845922007462 0.0002407687513904877
756 2.8470514489411256 0.000679 0.0007608206777289027 0.00023830853664292049
757 2.8477307318409713 0.000679 0.0010734096315726492 0.0002365781101236625
758 2.8484100107827732 0.000679 0.0009176368783889516 0.00022037556690903244
759 2.8490892857647725 0.000679 0.0013923561060707839 0.00024645227470247244
760 2.8497685567852096 0.000679 0.0009431052295769641 0.0002396438546691155
761 2.850447823842325 0.000679 0.0011149546899832889 0.0002523533705301004
762 2.8511270869343583 0.000679 0.001104579295598832 0.0002415618632119057
763 2.851806346059552 0.000679 0.0012165991202584825 0.0002413653118171396
764 2.852485601216145 0.000679 0.0013122622511489612 0.0002549725743766761
765 2.8531648524023776 0.000679 0.0011201237454785589 0.00025173128658020574
766 2.8538440996164915 0.000679 0.0011782331838820072 0.00024332342136701624
767 2.854523342856726 0.000679 0.001511424700934691 0.00025315066836596256
768 2.855202582121322 0.000679 0.0011092521893341328 0.00025583270891383735
769 2.8558818174085205 0.000679 0.0013304704339572376 0.00024903530516024423
770 2.8565610487165616 0.000679 0.0015374500649564455 0.0002490907218278986
771 2.857240276043686 0.000679 0.0008997866841723946 0.00024897335720156687
772 2.8579194993881334 0.000679 0.0009749550668368879 0.0002197445230829579
773 2.8585987187481456 0.000679 0.0014031715331446724 0.00022956842894346124
774 2.859277934121962 0.000679 0.0012077986017360173 0.0002265980358060414
775 2.859957145507823 0.000679 0.0011462162256952817 0.00022769118757872523
776 2.8606363529039704 0.000679 0.0011211150964054947 0.00023285290903981692
777 2.861315556308643 0.000679 0.0013001774876530321 0.00022877512870883243
778 2.8619947557200827 0.000679 0.0009557301684540158 0.00021926727266397596
779 2.8626739511365287 0.000679 0.0009897531894072905 0.0002283717259348628
780 2.863353142556223 0.000679 0.0011071325462511778 0.0002289632995888522
781 2.8640323299774044 0.000679 0.0008153019219765087 0.0002451001115858532
782 2.8647115133983148 0.000679 0.0011154129210852095 0.00023642481516586336
783 2.8653906928171935 0.000679 0.001140600535055836 0.00023745622119045184
784 2.8660698682322825 0.000679 0.0007621765612396633 0.00023242426610081533
785 2.866749039641821 0.000679 0.0012138010025974073 0.00022593735791804568
786 2.8674282070440498 0.000679 0.000990892137554063 0.00022663445917704846
787 2.86810737043721 0.000679 0.0007036644879653026 0.00023187667853948843
788 2.868786529819541 0.000679 0.0012760118052527498 0.00023781923317336447
789 2.869465685189285 0.000679 0.0007029800705956352 0.00023066317253360138
790 2.8701448365446796 0.000679 0.001304041109818733 0.00023593277604099007
791 2.870823983883968 0.000679 0.0005833686621023974 0.00023238332451429804
792 2.8715031272053895 0.000679 0.0012983485694797988 0.0002399967153819574
793 2.8721822665071852 0.000679 0.001284810104252647 0.0002364647161545412
794 2.8728614017875946 0.000679 0.0010779508068332264 0.00023840771952776319
795 2.873540533044859 0.000679 0.0010234429825309332 0.00024081373194346692
796 2.874219660277219 0.000679 0.0011419006075378134 0.00023291533108935509
797 2.8748987834829145 0.000679 0.0014001822637226928 0.0002414157469542994
798 2.8755779026601864 0.000679 0.0011645343726975725 0.00021026319158808622
799 2.876257017807275 0.000679 0.0011438012679203455 0.0001846209393051819
800 2.876936128922421 0.000679 0.0011188201932771395 0.00020692118480185426
801 2.8776152360038645 0.000679 0.0012189600075648167 0.00022587861923990007
802 2.8782943390498463 0.000679 0.0008594036923957845 0.00022948725587524678
803 2.8789734380586065 0.000679 0.001210955283154911 0.00021906228906973441
804 2.879652533028386 0.000679 0.0012023203152191691 0.00022116432884679155
805 2.8803316239574257 0.000679 0.0007152853293544236 0.00022538317193801085
806 2.881010710843965 0.000679 0.0008531890129472924 0.00023209797945252322
807 2.8816897936862453 0.000679 0.0010421959225270598 0.00023067541751092192
808 2.8823688724825063 0.000679 0.000535625842958671 0.00022955095248905879
809 2.883047947230989 0.000679 0.0011557719733184706 0.00023388586069310565
810 2.8837270179299344 0.000679 0.0008310603013091926 0.00023414369406685293
811 2.8844060845775816 0.000679 0.00118585225332265 0.00022818724760155154
812 2.8850851471721723 0.000679 0.0007792400286726607 0.00022793302952920803
813 2.8857642057119466 0.000679 0.001119330516767541 0.00023433738266214168
814 2.8864432601951453 0.000679 0.0011468811806884765 0.00023768670541149313
815 2.8871223106200077 0.000679 0.0013149324568543924 0.00024101862940172937
816 2.887801356984776 0.000679 0.0009030704861577296 0.00023689606603706945
817 2.8884803992876895 0.000679 0.0008409562697479692 0.0002432904478566786
818 2.8891594375269887 0.000679 0.0011762612901689128 0.00023839763990959835
819 2.889838471700915 0.000679 0.0009974668710461302 0.0002368829324144243
820 2.890517501807708 0.000679 0.001244439640679024 0.000239758178025966
821 2.891196527845608 0.000679 0.0011252418521213222 0.00023846301671077026
822 2.8918755498128563 0.000679 0.0008667090681992779 0.00023655568091038808
823 2.892554567707694 0.000679 0.0012261151015974016 0.0002452184495690115
824 2.893233581528359 0.000679 0.0010788972488118488 0.00021271248797470258
825 2.8939125912730947 0.000679 0.0007978868644476605 0.00022372686802378321
826 2.8945915969401392 0.000679 0.001029308388840966 0.00022709181348751987
827 2.895270598527735 0.000679 0.0009494053336782458 0.00023544826150137432
828 2.8959495960341215 0.000679 0.0007420305268144124 0.00023051456735818872
829 2.8966285894575394 0.000679 0.0012144970366956608 0.0002376864308306129
830 2.897307578796229 0.000679 0.0011367823757715508 0.00022205756808462397
831 2.897986564048431 0.000679 0.001055615417384369 0.00022516930102930052
832 2.8986655452123857 0.000679 0.0014512264597301588 0.00023654346404026856
833 2.899344522286334 0.000679 0.0008799176753076678 0.00023258215253056075
834 2.900023495268516 0.000679 0.0013159982489192542 0.00023164110683867345
835 2.9007024641571726 0.000679 0.001046539254876132 0.0002361415963814907
836 2.9013814289505433 0.000679 0.0010109319228330323 0.00023127692174804414
837 2.90206038964687 0.000679 0.0005925916852662816 0.00021937508372619295
838 2.9027393462443927 0.000679 0.0012024558034477119 0.00018369590470586084
839 2.9034182987413506 0.000679 0.001240858513180092 0.00022281633942968133
840 2.9040972471359856 0.000679 0.0007863408707527843 0.0002308495897297233
841 2.904776191426538 0.000679 0.0009158569014529785 0.00023416887258209562
842 2.905455131611249 0.000679 0.0011610725119694776 0.0002261878814205298
843 2.906134067688357 0.000679 0.000990676285999268 0.00022130941688782812
844 2.906812999656104 0.000679 0.0012083490042457965 0.000233948425409477
845 2.9074919275127304 0.000679 0.0006611245648003997 0.00021154750232174382
846 2.9081708512564766 0.000679 0.0007164185269377182 0.00021148416222995173
847 2.9088497708855825 0.000679 0.0008646433421617453 0.00023948295169085542
848 2.909528686398289 0.000679 0.0011084308562952438 0.0002387901633682431
849 2.9102075977928368 0.000679 0.0010651760688749736 0.00023654337009969745
850 2.910886505067467 0.000679 0.0008770215464784089 0.00020361086065429396
851 2.9115654082204188 0.000679 0.0009822256400059302 0.00021626286636545032
852 2.912244307249933 0.000679 0.0010912928647433357 0.0002155884656233042
853 2.91292320215425 0.000679 0.0009146029148960916 0.00021653739909206418
854 2.9136020929316113 0.000679 0.001285491464266834 0.00022342049384651866
855 2.9142809795802567 0.000679 0.0013246033248605978 0.0002185562742155626
856 2.9149598620984256 0.000679 0.0012047292470699735 0.00022445812325651242
857 2.9156387404843604 0.000679 0.0009599600856236051 0.0002151412786788322
858 2.916317614736301 0.000679 0.0013135783560763205 0.00022781319161727676
859 2.9169964848524867 0.000679 0.001053220551913696 0.00021694173225282346
860 2.9176753508311593 0.000679 0.0007465271315736021 0.00022592761583278197
861 2.9183542126705593 0.000679 0.0011403827422237505 0.0002177460215323967
862 2.919033070368926 0.000679 0.0007059764354148438 0.0002212395003515512
863 2.9197119239245013 0.000679 0.0015307437744001414 0.00022227649500297251
864 2.9203907733355248 0.000679 0.0011805151143163975 0.0002213734106075836
865 2.9210696186002374 0.000679 0.0007467010654166515 0.00022195226836900614
866 2.9217484597168792 0.000679 0.001004893611540784 0.00023017769475215715
867 2.9224272966836913 0.000679 0.0009883866955067264 0.00023503868892736556
868 2.9231061294989136 0.000679 0.0013337392506410821 0.0002271878569963105
869 2.9237849581607867 0.000679 0.001035871753086402 0.00022484394572873048
870 2.9244637826675515 0.000679 0.001140911987567141 0.00022571091756888484
871 2.925142603017448 0.000679 0.000938169619985603 0.00021802796103751626
872 2.9258214192087166 0.000679 0.0007745857230536965 0.00020138045109534402
873 2.9265002312395985 0.000679 0.0006317674983287963 0.00021957066544948096
874 2.927179039108333 0.000679 0.0009465736452704629 0.00020635818015470874
875 2.9278578428131623 0.000679 0.0008518601796384643 0.00022426492267384817
876 2.9285366423523254 0.000679 0.001062882015570888 0.00022238062854209592
877 2.9292154377240633 0.000679 0.0010851227647240636 0.0001990303589090939
878 2.9298942289266168 0.000679 0.0009931801459002955 0.00019877937863205434
879 2.9305730159582253 0.000679 0.0012185052361498618 0.00021868518960177456
880 2.931251798817131 0.000679 0.0007298508989826541 0.00018895154167652574
881 2.9319305775015727 0.000679 0.0007720458635228306 0.00020943894850689086
882 2.9326093520097927 0.000679 0.0010683188807192989 0.00021308807933328815
883 2.933288122340029 0.000679 0.0012786004484129747 0.000201244526342143
884 2.9339668884905246 0.000679 0.0009821467030759542 0.0002142258525593878
885 2.934645650459519 0.000679 0.0008775056973788886 0.00021159756567684873
886 2.935324408245252 0.000679 0.001434740691136481 0.00021260316595865858
887 2.9360031618459645 0.000679 0.0008386200041901841 0.00021059551741428153
888 2.9366819112598974 0.000679 0.0013617592573213306 0.00018823421072480334
889 2.937360656485291 0.000679 0.0012598473342228208 0.00021552153686508696
890 2.938039397520386 0.000679 0.0012532470301774008 0.00021085263559960602
891 2.9387181343634223 0.000679 0.0007868089547011944 0.00020710372244512018
892 2.9393968670126407 0.000679 0.0008010843802542728 0.00021527687423407202
893 2.940075595466282 0.000679 0.0013169160527108084 0.00021353054989111544
894 2.940754319722586 0.000679 0.0012214323129163367 0.00022351298637645627
895 2.941433039779794 0.000679 0.0011300284136832822 0.00021829478169637783
896 2.942111755636146 0.000679 0.0008142260429856111 0.00021459393675146127
897 2.9427904672898824 0.000679 0.0010303576927514126 0.0002147672545954736
898 2.943469174739244 0.000679 0.00087666418656394 0.0002108232466304884
899 2.944147877982471 0.000679 0.0010245462945506643 0.00021714319295977594
900 2.9448265770178037 0.000679 0.0009097678219632572 0.00021916342528709176
901 2.9455052718434835 0.000679 0.0010453009635405873 0.0002207572426654572
902 2.9461839624577504 0.000679 0.0014087019866583393 0.0002269008787499769
903 2.9468626488588443 0.000679 0.0009115722708939304 0.0002252206566422831
904 2.947541331045006 0.000679 0.0012515786755836471 0.00022827882911711318
905 2.948220009014477 0.000679 0.0013189797033995774 0.0002180793201177851
906 2.9488986827654964 0.000679 0.0013476759678539597 0.0002214497692244248
907 2.9495773522963047 0.000679 0.0012088245189621 0.00021991150804273783
908 2.9502560176051436 0.000679 0.001279185922560126 0.00020200354218385914
909 2.950934678690253 0.000679 0.001348165116458452 0.00020782726049186641
910 2.9516133355498737 0.000679 0.0007695497880469916 0.00018796991359032003
911 2.9522919881822447 0.000679 0.0008024996426484099 0.00020337106824599424
912 2.9529706365856083 0.000679 0.0012174988705858545 0.0002106657032223639
913 2.9536492807582038 0.000679 0.001169654777308013 0.0002066509523284233
914 2.954327920698273 0.000679 0.001183400770619539 0.0001992529251378202
915 2.9550065564040544 0.000679 0.0011574854555704726 0.00020863892301656265
916 2.95568518787379 0.000679 0.0012314705556500326 0.0002129471405955487
917 2.9563638151057203 0.000679 0.001154776087558689 0.00021270700436203807
918 2.9570424380980853 0.000679 0.0007582098234060785 0.00020832684479356355
919 2.9577210568491257 0.000679 0.0010296448814875474 0.00020339365467491328
920 2.9583996713570815 0.000679 0.0011976868088446257 0.0002105788438457936
921 2.9590782816201937 0.000679 0.0010584174204115815 0.0002026877965454203
922 2.9597568876367033 0.000679 0.0012539388250327045 0.0002047467352116073
923 2.9604354894048486 0.000679 0.0008330329214982431 0.00020842407840985478
924 2.961114086922873 0.000679 0.0009643856134537356 0.00020987718048159627
925 2.9617926801890153 0.000679 0.0010496433745986107 0.00020632928234961694
926 2.962471269201516 0.000679 0.000936986266524842 0.00021112054193715585
927 2.9631498539586167 0.000679 0.0010573559232239208 0.0002069001138491994
928 2.963828434458556 0.000679 0.0016431904345156963 0.00019364244843552176
929 2.9645070106995766 0.000679 0.0011988682059952604 0.00022562412005308285
930 2.965185582679917 0.000679 0.0011838975952976737 0.0001883480811430096
931 2.965864150397819 0.000679 0.0010126095788064186 0.0002001947461398925
932 2.966542713851522 0.000679 0.0008810945056713287 0.00018686770182434873
933 2.967221273039268 0.000679 0.0009782954288117545 0.0001856625049312536
934 2.967899827959296 0.000679 0.0009143141694577249 0.00020906010814786892
935 2.9685783786098474 0.000679 0.0010858624402830827 0.00021404417914675352
936 2.9692569249891623 0.000679 0.0013222682797386265 0.00022013584782614812
937 2.969935467095481 0.000679 0.0010019827670830234 0.00020849594106351181
938 2.970614004927044 0.000679 0.0010844624181160925 0.00020962087379618272
939 2.971292538482093 0.000679 0.0009973821150895622 0.0002054530540566486
940 2.9719710677588678 0.000679 0.0011814122594171993 0.00020322220792120198
941 2.9726495927556074 0.000679 0.0008825966296990025 0.00020672203208256043
942 2.9733281134705543 0.000679 0.0009064097528986005 0.0002018442867715727
943 2.9740066299019476 0.000679 0.0012939382291812973 0.00020273739612355633
944 2.974685142048029 0.000679 0.0009228733683815594 0.00020843829263179336
945 2.975363649907038 0.000679 0.0008684493727284068 0.00019680998022935593
946 2.9760421534772155 0.000678 0.0011090129805452842 0.00019951602217661922
947 2.9767206527568018 0.000678 0.00129346965500041 0.00019776522730700758
948 2.977399147744038 0.000678 0.0011729103351329105 0.00019334937045388723
949 2.978077638437164 0.000678 0.000833919982926363 0.00019357515820950545
950 2.9787561248344203 0.000678 0.0010429589879933179 0.00019995228710001172
951 2.9794346069340474 0.000678 0.0011422157289212686 0.00019957532146711122
952 2.980113084734286 0.000678 0.0012035020099323557 0.0001938613208075134
953 2.980791558233377 0.000678 0.0006882609469660261 0.00019029374722421316
954 2.98147002742956 0.000678 0.00100455125208467 0.00017375134015538778
955 2.982148492321075 0.000678 0.0012677880488135853 0.00019760245897203226
956 2.9828269529061644 0.000678 0.0007296927496769293 0.00019905144370694147
957 2.983505409183067 0.000678 0.0011240844297579246 0.0002011096511287315
958 2.9841838611500244 0.000678 0.0009017411532098024 0.00019722528205737294
959 2.984862308805277 0.000678 0.0010300955006137917 0.00019090898051780995
960 2.985540752147064 0.000678 0.0010742309598751481 0.00019384640008365892
961 2.9862191911736273 0.000678 0.0011356583974822612 0.00019955066819365367
962 2.986897625883207 0.000678 0.0012180483512156375 0.00020274556382280826
963 2.987576056274043 0.000678 0.0007715164060705901 0.00020532366682791066
964 2.9882544823443764 0.000678 0.0010141299535455454 0.0002156104964301334
965 2.9889329040924473 0.000678 0.0013856718077984327 0.0001734064638684716
966 2.9896113215164966 0.000678 0.0008451029428240555 0.00020740282096998875
967 2.9902897346147648 0.000678 0.00134292557020849 0.0002086419646734701
968 2.9909681433854924 0.000678 0.0011403390053250633 0.0001989302820744445
969 2.991646547826919 0.000678 0.001135715170391054 0.0002002491892319885
970 2.992324947937287 0.000678 0.0011589358225422214 0.00020204000599915266
971 2.9930033437148347 0.000678 0.00111173787979985 0.0001993700643647915
972 2.9936817351578036 0.000678 0.0009718340593658397 0.00020005003074889538
973 2.994360122264434 0.000678 0.0007445966238827633 0.00019522795164257645
974 2.9950385050329666 0.000678 0.0014762845805009225 0.0002052665148999191
975 2.9957168834616423 0.000678 0.0011194714580015225 0.00019891723362502049
976 2.996395257548701 0.000678 0.0009584985773078087 0.00020210313763205327
977 2.9970736272923824 0.000678 0.0008878492495899741 0.0002154696596785431
978 2.997751992690929 0.000678 0.0009315057610302685 0.00021112885114892344
979 2.9984303537425796 0.000678 0.0005294512273147246 0.00020811497940448922
980 2.999108710445576 0.000678 0.0012126544495965857 0.00020876033093513794
981 2.999787062798157 0.000678 0.0008938781830889457 0.00019575536491350654
982 3.000465410798564 0.000678 0.00129218090516869 0.0002013371550141653
983 3.001143754445038 0.000678 0.0011010037287235144 0.0002006691834048892
984 3.001822093735819 0.000678 0.0009297068976673966 0.00019869508243798673
985 3.0025004286691472 0.000678 0.0014905617455994334 0.00018519464954323817
986 3.003178759243264 0.000678 0.0010150795801960172 0.0002093729651130676
987 3.003857085456408 0.000678 0.0007062749163990044 0.000234442567315849
988 3.0045354073068227 0.000678 0.0009773828264610191 0.00019927430728631902
989 3.005213724792746 0.000678 0.0008978079350245374 0.00020016036097848713
990 3.0058920379124188 0.000678 0.0011242255580253483 0.00020273302572423524
991 3.0065703466640823 0.000678 0.0009192991863849421 0.0002047599687021739
992 3.0072486510459773 0.000678 0.0008099889728603316 0.00020665832441262838
993 3.0079269510563433 0.000678 0.0010179929944270339 0.00020952554621351497
994 3.0086052466934206 0.000678 0.0009016816207501044 0.00022042686638931906
995 3.0092835379554512 0.000678 0.0009667976380100369 0.00020862655154294687
996 3.009961824840674 0.000678 0.0008784456159637337 0.00020332408906481562
997 3.0106401073473306 0.000678 0.0011246183272297923 0.0002020735462178034
998 3.0113183854736607 0.000678 0.001288138622733066 0.00019398236185371262
999 3.011996659217905 0.000678 0.0011773126768636279 0.000201172931760847
1000 3.0126749285783045 0.000678 0.0009628364940313914 0.00019471017460614452
1001 3.0133531935530993 0.000678 0.0013498078332270687 0.00019880252319226229
1002 3.0140314541405298 0.000678 0.0014349804445002645 0.00019041692999545952
1003 3.0147097103388365 0.000678 0.0012467807043076541 0.00019120492577976152
1004 3.01538796214626 0.000678 0.0009896521202638745 0.00017287674120377547
1005 3.016066209561041 0.000678 0.0010677732477910613 0.00014399104371695285
1006 3.0167444525814195 0.000678 0.0007590925457559984 0.00017889395628460715
1007 3.017422691205636 0.000678 0.0010992307029732474 0.0001615507065033961
1008 3.0181009254319315 0.000678 0.0010176937251284565 0.00019362384193673997
1009 3.0187791552585463 0.000678 0.0010972113752153229 0.0001938589105711528
1010 3.01945738068372 0.000678 0.0011313339850630836 0.00016193215451255926
1011 3.020135601705695 0.000678 0.001233151134034969 0.00016329471821172146
1012 3.0208138183227105 0.000678 0.0008116415334147637 0.00019020354200983841
1013 3.0214920305330066 0.000678 0.001183893306805147 0.00019311091921110982
1014 3.022170238334825 0.000678 0.0010797447687206584 0.0001953074511508461
1015 3.022848441726405 0.000678 0.0010180551727419999 0.00019999624043372968
1016 3.0235266407059878 0.000678 0.001462873565696935 0.0001955479800455444
1017 3.0242048352718136 0.000678 0.0009358556240250707 0.0002037242493794773
1018 3.024883025422123 0.000678 0.0009489822978001224 0.00019896188178482674
1019 3.0255612111551566 0.000678 0.0012347292556084874 0.00019657293218369094
1020 3.026239392469155 0.000678 0.001443160131129583 0.00020456721038708824
1021 3.0269175693623573 0.000678 0.000900714192341076 0.00017031087538964284
1022 3.0275957418330064 0.000678 0.0008283750901387896 0.00020264624135774194
1023 3.028273909879341 0.000678 0.0010316025396437949 0.00020228709914682687
1024 3.0289520734996027 0.000678 0.0013005883961600643 0.00021204024580117044
1025 3.029630232692031 0.000678 0.0009052156224290484 0.00019989123271113612
1026 3.0303083874548666 0.000678 0.0010751238091042067 0.00019573671719073192
1027 3.030986537786351 0.000678 0.0011771784459806975 0.00019707438435208723
1028 3.0316646836847227 0.000678 0.0010951640266088811 0.00019926782333933629
1029 3.0323428251482243 0.000678 0.001095466298425067 0.00019571692249953688
1030 3.0330209621750948 0.000678 0.0007749201669245632 0.0001735360788806331
1031 3.0336990947635756 0.000678 0.0011214071180781434 0.00019199310837861313
1032 3.0343772229119064 0.000678 0.0010884053506652518 0.00018846616957993024
1033 3.0350553466183285 0.000678 0.0013403305208494845 0.00019411072417020242
1034 3.0357334658810817 0.000678 0.0009375321025890488 0.0001962264871736135
1035 3.0364115806984073 0.000678 0.0011641742506859122 0.0001976519419450372
1036 3.037089691068545 0.000678 0.0008271835906918186 0.0001690526472620274
1037 3.0377677969897356 0.000678 0.0007429887747580395 0.00019463983934908267
1038 3.0384458984602194 0.000678 0.00133382793701938 0.0001952062314846864
1039 3.0391239954782368 0.000678 0.0009676353894961917 0.00019373772421762088
1040 3.0398020880420287 0.000678 0.0009626146518259692 0.00019585165346511273
1041 3.0404801761498357 0.000678 0.0010075114759335862 0.00019027190691338908
1042 3.0411582597998983 0.000678 0.0009590851583928771 0.00018928736918717522
1043 3.041836338990456 0.000678 0.0009054873116231671 0.00019420702437129503
1044 3.0425144137197506 0.000678 0.0012189141726962824 0.00019807324476253234
1045 3.043192483986021 0.000678 0.0008781104108049817 0.00020056653027598122
1046 3.04387054978751 0.000678 0.0011806398389821067 0.00020190784164119004
1047 3.0445486111224556 0.000678 0.001223097503773245 0.00020111694760482584
1048 3.0452266679891 0.000678 0.0010570740866729213 0.00020185582347796995
1049 3.045904720385683 0.000678 0.0013334783844902007 0.0001988128022908042
1050 3.046582768310445 0.000678 0.0009824100602567145 0.00019727980514628042
1051 3.047260811761627 0.000678 0.0011666915540099899 0.00021241819171012935
1052 3.047938850737469 0.000678 0.0010075997471355564 0.00020528506039212594
1053 3.0486168852362114 0.000678 0.0013940118200662566 0.0002037111295932999
1054 3.0492949152560955 0.000678 0.0010205242576655574 0.0002064855735609374
1055 3.049972940795361 0.000678 0.0008660949163826424 0.0002014667165425464
1056 3.050650961852249 0.000678 0.0010149229196573766 0.00020134516383582416
1057 3.0513289784249995 0.000678 0.0014397490942684309 0.00019606097084304202
1058 3.052006990511853 0.000678 0.0012818168282660355 0.0001998978504986941
1059 3.05268499811105 0.000678 0.0010839437589721004 0.0002012170691963242
1060 3.053363001220831 0.000678 0.0009454243787642095 0.00019553960095515215
1061 3.0540409998394367 0.000678 0.0007662215448157054 0.00020197679448396625
1062 3.0547189939651074 0.000678 0.001034095237328945 0.00018038631247234942
1063 3.0553969835960837 0.000678 0.0009796743064275964 0.00017754354230649653
1064 3.056074968730606 0.000678 0.001071079701791352 0.00015322455451855367
1065 3.056752949366915 0.000678 0.0010826887564959631 0.00020056270735268806
1066 3.0574309255032506 0.000678 0.001391574712915194 0.00019968975291014188
1067 3.058108897137854 0.000678 0.0012743401945763972 0.00019609450669433274
1068 3.0587868642689657 0.000678 0.0013149272251702286 0.00019793924338461927
1069 3.0594648268948257 0.000678 0.0013691909176501665 0.0001966869590027706
1070 3.060142785013674 0.000678 0.0005004894742995755 0.00018997731916638424
1071 3.0608207386237525 0.000678 0.001000899088668563 0.00020585950945858266
1072 3.061498687723301 0.000678 0.000811519364846043 0.0001989651613916453
1073 3.06217663231056 0.000678 0.0010752139227254973 0.00019318257047163683
1074 3.0628545723837695 0.000678 0.0010969165697096675 0.0001895938795913549
1075 3.0635325079411704 0.000678 0.000981618300579014 0.00017250939840395013
1076 3.0642104389810028 0.000678 0.0011010775232326265 0.00019669337889848646
1077 3.0648883655015084 0.000678 0.0010633085804792623 0.00020218672868308374
1078 3.0655662875009266 0.000678 0.0009657988656448498 0.00020192309505868132
1079 3.0662442049774983 0.000678 0.0010193112617347473 0.0001943740471566129
1080 3.0669221179294635 0.000678 0.0009560112472543291 0.0001911962674430791
1081 3.067600026355063 0.000678 0.0008561373584559375 0.0001915394493752246
1082 3.068277930252538 0.000678 0.0011475694532416176 0.00015342735358271406
1083 3.0689558296201276 0.000678 0.000925960376518866 0.00016424427185407798
1084 3.069633724456073 0.000678 0.0009883508627605395 0.00018560548467193245
1085 3.0703116147586154 0.000678 0.0006820405916436014 0.0001953838491703531
1086 3.070989500525994 0.000678 0.0008292503139745285 0.00020559154119313068
1087 3.0716673817564493 0.000678 0.0011422735328951886 0.0002018419111816745
1088 3.0723452584482236 0.000678 0.0015100330423780588 0.000196354440019161
1089 3.0730231305995552 0.000678 0.0010384960345864126 0.00019433841269746058
1090 3.073700998208686 0.000678 0.000995930807702678 0.0002013401527429904
1091 3.074378861273856 0.000678 0.0012171836298794957 0.0002025586638242419
1092 3.075056719793306 0.000678 0.0012638027534159122 0.0001935421053564731
1093 3.075734573765275 0.000678 0.0012848755300135493 0.00020861629874119648
1094 3.076412423188006 0.000678 0.0008727089020299379 0.00019618966534409721
1095 3.077090268059737 0.000678 0.001254891502786744 0.00019343031802860526
1096 3.0777681083787107 0.000678 0.0012263789366267724 0.0001866222334027308
1097 3.0784459441431666 0.000678 0.0010149317466965919 0.00018952986265143387
1098 3.079123775351344 0.000678 0.0010373830626360914 0.00018791127127751724
1099 3.079801602001486 0.000678 0.0009896722633416343 0.00018978280373540006
1100 3.08047942409183 0.000678 0.0012933695469201666 0.00018676492410764576
1101 3.081157241620619 0.000678 0.0007569672562197713 0.0001747326584648063
1102 3.0818350545860924 0.000678 0.0008782614110642674 0.00019157200537477142
1103 3.082512862986491 0.000678 0.0011683739269951869 0.0001913883138677911
1104 3.083190666820055 0.000678 0.0011033368761151658 0.0002027003562286422
1105 3.0838684660850255 0.000678 0.0006387358029160579 0.00019274054387142476
1106 3.084546260779642 0.000678 0.0010082519354080376 0.0001964789699955419
1107 3.0852240509021454 0.000678 0.001191419088250942 0.00020312003143728164
1108 3.085901836450777 0.000678 0.0011090592941978283 0.0001953182738290883
1109 3.0865796174237756 0.000678 0.0009399301444773947 0.00019069520821160633
1110 3.0872573938193835 0.000678 0.0011682374515965157 0.00019277268305641808
1111 3.08793516563584 0.000678 0.0010704250198549216 0.0002008258287331059
1112 3.0886129328713867 0.000678 0.0008478468512927982 0.00019923853347350421
1113 3.0892906955242623 0.000678 0.0008281496851245073 0.0001939099693921989
1114 3.089968453592709 0.000678 0.0014246115906572942 0.00019646632112292804
1115 3.090646207074966 0.000678 0.0010961265562199436 0.0001879886683829917
1116 3.0913239559692753 0.000678 0.001232391238212691 0.0001985083424639161
1117 3.0920017002738756 0.000678 0.001305379771967191 0.0001976387051114138
1118 3.092679439987009 0.000678 0.0010651459743262995 0.00019801173565614695
1119 3.0933571751069144 0.000678 0.001340260335321516 0.0001885515623949713
1120 3.094034905631834 0.000678 0.0005323811879475594 0.00019125748567486297
1121 3.094712631560007 0.000678 0.0014096945781382527 0.00019505635996426926
1122 3.095390352889675 0.000678 0.0010772581383540587 0.00021163114910587594
1123 3.0960680696190774 0.000678 0.0013014582543774095 0.0002091944806211414
1124 3.0967457817464545 0.000678 0.0010783670510854822 0.00019192411533006811
1125 3.0974234892700485 0.000678 0.0012359052856827863 0.0001991317812909818
1126 3.098101192188098 0.000678 0.0013246296435814229 0.00019285395922217946
1127 3.0987788904988447 0.000678 0.0010458151628160023 0.0001987925058713238
1128 3.0994565842005284 0.000678 0.0011870732663659398 0.00019488183151684314
1129 3.10013427329139 0.000678 0.0010952450231858615 0.00019474789177383945
1130 3.10081195776967 0.000678 0.001479045375019463 0.00018797891863057452
1131 3.1014896376336085 0.000678 0.001269552769947005 0.00019011229271628205
1132 3.1021673128814458 0.000678 0.0009606793701910546 0.00018935563234876175
1133 3.1028449835114236 0.000678 0.0006543663894449457 0.000190099124437285
1134 3.103522649521781 0.000678 0.001051454908728172 0.00018237945056616612
1135 3.10420031091076 0.000678 0.0010318679757990636 0.0001872834276662434
1136 3.104877967676599 0.000678 0.0013990012497318632 0.00019182671028677767
1137 3.1055556198175402 0.000678 0.0009623550184677465 0.00018607072198199091
1138 3.1062332673318234 0.000678 0.0011456252908596538 0.0001906032634170193
1139 3.1069109102176897 0.000678 0.0009028755741472753 0.0001842240132175596
1140 3.1075885484733785 0.000678 0.0007290176243659309 0.00017947537521848723
1141 3.108266182097131 0.000678 0.0008792471882022833 0.00019539374224685217
1142 3.1089438110871885 0.000678 0.0009708607836071228 0.0002026850190632745
1143 3.1096214354417895 0.000678 0.0006380644672929414 0.0001845431558273721
1144 3.1102990551591754 0.000678 0.0013835109887230322 0.00019821029321588963
1145 3.1109766702375876 0.000678 0.0011557262500908744 0.00019872155475905072
1146 3.111654280675266 0.000678 0.001053659847756751 0.00019533728786413746
1147 3.11233188647045 0.000678 0.0009713320392096361 0.00020281555213149706
1148 3.1130094876213823 0.000678 0.0006272684963270539 0.00019699894787545552
1149 3.113687084126301 0.000678 0.0008566319820931868 0.00019527567803972107
1150 3.1143646759834485 0.000678 0.0009995900309222555 0.00018838945405513663
1151 3.115042263191064 0.000678 0.0013432452789217013 0.00019666155550571502
1152 3.1157198457473885 0.000678 0.0014002707738958054 0.00019760730055739186
1153 3.116397423650662 0.000678 0.0010788901889667803 0.0001879152674562059
1154 3.117074996899127 0.000678 0.0007586502739162864 0.00015723692493357265
1155 3.1177525654910205 0.000678 0.0009817153578864067 0.00018674811045253016
1156 3.118430129424586 0.000678 0.0010812548730611414 0.00020158948264703511
1157 3.1191076886980635 0.000678 0.0008675960079086479 0.00019675127373200972
1158 3.1197852433096918 0.000678 0.0009159481942534138 0.00019667062312863257
1159 3.1204627932577127 0.000678 0.0007378475510029026 0.00019116218181208897
1160 3.121140338540367 0.000678 0.0011050571506809829 0.00019390765290024743
1161 3.121817879155894 0.000678 0.0010768489442166684 0.00018957088514633884
1162 3.1224954151025353 0.000678 0.0010264138019932378 0.00018698503712589673
1163 3.1231729463785314 0.000678 0.0011974939771376395 0.00018507460950964154
1164 3.1238504729821215 0.000678 0.0014590941709246123 0.00019145232760891766
1165 3.124527994911547 0.000678 0.001030953664500974 0.00018659491154726882
1166 3.1252055121650484 0.000678 0.000891890849581616 0.00018720606876792523
1167 3.1258830247408667 0.000678 0.0009584543007893311 0.00018863914695522958
1168 3.1265605326372405 0.000678 0.0013025929388900946 0.0001845073900849941
1169 3.127238035852413 0.000677 0.0011248412544584028 0.00019003639047298292
1170 3.127915534384622 0.000677 0.0009140502134787109 0.00019342568565057126
1171 3.12859302823211 0.000677 0.0011282924616085373 0.00019111950456895954
1172 3.129270517393117 0.000677 0.0009550621604084684 0.00019693339034430914
1173 3.1299480018658823 0.000677 0.0009558695460816202 0.0001970572362277104
1174 3.1306254816486483 0.000677 0.001032760791576751 0.00018014715762429471
1175 3.131302956739654 0.000677 0.001119208278409755 0.0002056861515880558
1176 3.1319804271371394 0.000677 0.0008916524156546946 0.0002053009406710198
1177 3.132657892839348 0.000677 0.0009080193645724286 0.00019607071616245837
1178 3.133335353844517 0.000677 0.0010645542033421744 0.0001995339616051699
1179 3.134012810150888 0.000677 0.0006901964980451607 0.0001781645494445646
1180 3.1346902617567025 0.000677 0.001099821145594313 0.00019307438361002247
1181 3.1353677086601994 0.000677 0.0008491388469784285 0.00019335508168407095
1182 3.1360451508596205 0.000677 0.001062552945474079 0.00019325584683553315
1183 3.136722588353205 0.000677 0.0010963149197269523 0.00018757873775758979
1184 3.1374000211391944 0.000677 0.0010932083852084554 0.0001948294448562456
1185 3.1380774492158285 0.000677 0.001003383721287716 0.00019382740478859404
1186 3.138754872581349 0.000677 0.0012665694920394436 0.00019508207860270213
1187 3.1394322912339954 0.000677 0.0010972007015603328 0.00019376634247382754
1188 3.140109705172008 0.000677 0.001149700491743338 0.00018678361421725693
1189 3.1407871143936275 0.000677 0.0012235509640503755 0.00019600016622121124
1190 3.141464518897095 0.000677 0.000885112110342906 0.00019414524584182997
1191 3.1421419186806503 0.000677 0.0012750660334786782 0.0001956712925409164
1192 3.142819313742534 0.000677 0.0009530460094656231 0.00019782943658940903
1193 3.1434967040809862 0.000677 0.0006959135275261421 0.00019561525177385136
1194 3.1441740896942485 0.000677 0.0007657232788930693 0.00019171642912197123
1195 3.1448514705805612 0.000677 0.0011541501134694993 0.0001945885703860612
1196 3.1455288467381632 0.000677 0.0010880443018500188 0.00019134120859437705
1197 3.1462062181652968 0.000677 0.0011432947972246639 0.00018955150568310375
1198 3.146883584860202 0.000677 0.001056119341216028 0.0001614797483097798
1199 3.1475609468211188 0.000677 0.0012672621117243276 0.00019316996660442671
1200 3.148238304046288 0.000677 0.0012101509588969862 0.00019312392824188848
1201 3.14891565653395 0.000677 0.0012423577351118502 0.00019559323123270685
1202 3.149593004282345 0.000677 0.0007033969794503254 0.00018839148810470156
1203 3.150270347289715 0.000677 0.0010473328009774356 0.00018229433674511172
1204 3.150947685554298 0.000677 0.0007251007764521202 0.00019291224801023442
1205 3.1516250190743373 0.000677 0.0014122578595581895 0.00018379338443266554
1206 3.152302347848071 0.000677 0.0010367479098716335 0.000197457377029381
1207 3.152979671873741 0.000677 0.0006913920052849228 0.0001943847905312641
1208 3.153656991149587 0.000677 0.001185480338879056 0.00017837691236149904
1209 3.1543343056738493 0.000677 0.0009717367447100662 0.00019451062900072724
1210 3.15501161544477 0.000677 0.0011431234013965523 0.00018960042157372043
1211 3.155688920460587 0.000677 0.001412507956516298 0.0002007399310037304
1212 3.1563662207195433 0.000677 0.0009681097920059376 0.00019555113484633792
1213 3.1570435162198778 0.000677 0.001453668869474339 0.00019606242326249772
1214 3.1577208069598317 0.000677 0.0008627958232040006 0.0001918824167786918
1215 3.1583980929376456 0.000677 0.0004936270943584586 0.00018706073599540214
1216 3.15907537415156 0.000677 0.0011694349051902648 0.00019098033321785328
1217 3.159752650599814 0.000677 0.0010445194362392165 0.00019288302122552685
1218 3.1604299222806502 0.000677 0.001014573245498955 0.00018100107173615803
1219 3.1611071891923075 0.000677 0.0011355834884540688 0.00018398571113834646
1220 3.1617844513330273 0.000677 0.0012616828329831986 0.000198053138320382
1221 3.162461708701049 0.000677 0.0008466851939811447 0.00018020466584175605
1222 3.163138961294615 0.000677 0.001154197679231366 0.0001881899106274832
1223 3.1638162091119635 0.000677 0.0011262737322245073 0.00015831116180953003
1224 3.164493452151337 0.000677 0.0011458725543150301 0.00019235359328590278
1225 3.1651706904109744 0.000677 0.0013615050006427006 0.00018968535195955708
1226 3.1658479238891175 0.000677 0.001090975470634037 0.00019094296193467456
1227 3.166525152584006 0.000677 0.001070446918597014 0.0001887988314654395
1228 3.16720237649388 0.000677 0.0010902227103059378 0.00018459148853315963
1229 3.1678795956169807 0.000677 0.000876654689599796 0.0001935201237894908
1230 3.168556809951549 0.000677 0.0013880353122577376 0.00018995086335471287
1231 3.169234019495825 0.000677 0.0009448607279913796 0.00018756160176220307
1232 3.169911224248048 0.000677 0.001133098444952831 0.00018958883232313237
1233 3.1705884242064597 0.000677 0.0009073618687958524 0.00019119395621167425
1234 3.1712656193693007 0.000677 0.0009066922779851427 0.00019042521757719113
1235 3.1719428097348117 0.000677 0.0009259978971800265 0.00019527026021905926
1236 3.172619995301232 0.000677 0.0010316163127367952 0.00018991486233080695
1237 3.1732971760668027 0.000677 0.0012668813039823238 0.0001898447539666068
1238 3.1739743520297643 0.000677 0.0008248848699198388 0.00018889375586701463
1239 3.1746515231883583 0.000677 0.0012269493882971826 0.00018916170020008528
1240 3.175328689540823 0.000677 0.0009251695542522981 0.00018758569994702112
1241 3.1760058510854003 0.000677 0.0013603908083658395 0.0001905122735956089
1242 3.1766830078203308 0.000677 0.0012548124271162938 0.00018721590065436377
1243 3.177360159743855 0.000677 0.001543942076784863 0.0001956079440947061
1244 3.178037306854213 0.000677 0.0015206346578327148 0.0001766591418932638
1245 3.178714449149645 0.000677 0.001292457323218631 0.00016780123984310303
1246 3.179391586628391 0.000677 0.0010048387311443964 0.00018392014432989446
1247 3.180068719288694 0.000677 0.0011719158153078325 0.00020345603262956786
1248 3.180745847128792 0.000677 0.0010279181689938563 0.0001973639632126067
1249 3.181422970146926 0.000677 0.001015383681440444 0.00019579154311509298
1250 3.182100088341337 0.000677 0.0010142243648838633 0.00019098076903765337
1251 3.1827772017102656 0.000677 0.0009200640177091727 0.00019296641825369072
1252 3.183454310251952 0.000677 0.0010639951530687303 0.00017994770930033558
1253 3.184131413964636 0.000677 0.0010632375774657246 0.0001839668538084057
1254 3.1848085128465597 0.000677 0.001006333158349697 0.0001855822425813016
1255 3.1854856068959614 0.000677 0.001135909057172777 0.00017968619865229532
1256 3.186162696111084 0.000677 0.0015579646034589688 0.0001855354637204495
1257 3.186839780490166 0.000677 0.001090408695221344 0.00018578000083518508
1258 3.1875168600314496 0.000677 0.0010733859066263678 0.00018507535966833202
1259 3.1881939347331736 0.000677 0.0011997919739642842 0.0001873426157924719
1260 3.1888710045935795 0.000677 0.0008704837148597023 0.0001776479711635771
1261 3.1895480696109075 0.000677 0.000914445703188586 0.00018970152544110856
1262 3.1902251297833977 0.000677 0.0007712747637973115 0.00019222581128949882
1263 3.190902185109292 0.000677 0.000963033073612918 0.00019145742231176276
1264 3.1915792355868295 0.000677 0.001089022638014255 0.00018582248000398075
1265 3.1922562812142505 0.000677 0.0011048346491762994 0.00018572330020255885
1266 3.1929333219897966 0.000677 0.0009058358913356518 0.00019143234186235928
1267 3.193610357911708 0.000677 0.0009567748684196323 0.000187235038149145
1268 3.194287388978225 0.000677 0.0009465187345133785 0.00019425019449687293
1269 3.194964415187588 0.000677 0.0012473676170391213 0.00019078117375139668
1270 3.195641436538037 0.000677 0.0010983803096786412 0.00019273770846770828
1271 3.1963184530278137 0.000677 0.0010799702448231168 0.00018574053439223868
1272 3.1969954646551573 0.000677 0.001367867531880975 0.00018593043186531562
1273 3.1976724714183096 0.000677 0.001108849093306 0.00018516709517500703
1274 3.1983494733155102 0.000677 0.001150638678459877 0.00018943133060602319
1275 3.1990264703449998 0.000677 0.0011257411335689198 0.00018886797645750034
1276 3.1997034625050187 0.000677 0.0013785371828467666 0.00019964789571798723
1277 3.2003804497938075 0.000677 0.0012817220142495548 0.0002003819876177962
1278 3.2010574322096073 0.000677 0.0011278738540741959 0.00018751908702037534
1279 3.201734409750657 0.000677 0.0009610129178668503 0.00020181966285643063
1280 3.2024113824151987 0.000677 0.0015638879601895812 0.00020117316247813963
1281 3.2030883502014724 0.000677 0.0009911900482738318 0.00019324856972746248
1282 3.203765313107718 0.000677 0.0010650059877519856 0.00019165522459109924
1283 3.204442271132177 0.000677 0.0014179842377544266 0.00019459201490408268
1284 3.2051192242730897 0.000677 0.001263651253203432 0.00018981387011279347
1285 3.205796172528696 0.000677 0.0009474459548096105 0.00018551104728719336
1286 3.2064731158972366 0.000677 0.00044325788793890764 0.00018094204351851314
1287 3.2071500543769518 0.000677 0.0011042864557198426 0.00018551287974938883
1288 3.2078269879660826 0.000677 0.0011022449626166655 0.00018493893963585862
1289 3.208503916662869 0.000677 0.0012278240696163157 0.00018686364594336206
1290 3.209180840465552 0.000677 0.0012826398042935097 0.00019387143172456671
1291 3.2098577593723716 0.000677 0.000899416421898142 0.00018577475747349591
1292 3.2105346733815683 0.000677 0.0008596736118070711 0.00019261283294187668
1293 3.2112115824913836 0.000677 0.0013265209013233615 0.00019627115714436317
1294 3.2118884867000563 0.000677 0.0011396951796611755 0.00019411420523566812
1295 3.212565386005828 0.000677 0.0014157814184214577 0.00018678851317322536
1296 3.2132422804069387 0.000677 0.001131990747544592 0.00018300923546848998
1297 3.2139191699016294 0.000677 0.0012698680088216831 0.00019109886134898582
1298 3.2145960544881405 0.000677 0.0014051302187563708 0.00019723248561699324
1299 3.2152729341647115 0.000677 0.0007478444017668353 0.00019624078701417112
1300 3.215949808929585 0.000677 0.0008922292780795319 0.00018907026904495448
1301 3.216626678780999 0.000677 0.0008628807723624695 0.00019212563655593385
1302 3.217303543717196 0.000677 0.0009273006583034636 0.00019390350219825045
1303 3.2179804037364153 0.000677 0.0013483533522886464 0.00019976625872702416
1304 3.2186572588368976 0.000677 0.001587405331905887 0.00019812955857917802
1305 3.219334109016884 0.000677 0.001104697196522079 0.00019209544630020205
1306 3.2200109542746134 0.000677 0.0010020926990772089 0.00019568812583023955
1307 3.2206877946083283 0.000677 0.0010810749574782044 0.00019762949800755246
1308 3.2213646300162684 0.000677 0.0009249712752834754 0.0001994859532061766
1309 3.2220414604966736 0.000677 0.0011639703051194096 0.00019669350185817555
1310 3.222718286047785 0.000677 0.0017930213220701023 0.00019812766392989756
1311 3.2233951066678435 0.000677 0.0011843357790843553 0.000205136624067225
1312 3.2240719223550887 0.000677 0.0009351267068582333 0.0001930331911295525
1313 3.224748733107761 0.000677 0.0011116702018553683 0.00019373248446798684
1314 3.2254255389241013 0.000677 0.0009740509893373145 0.0001994006211212248
1315 3.2261023398023507 0.000677 0.000798231608843442 0.00020261145725013183
1316 3.226779135740749 0.000677 0.0010437222099342978 0.00019953307148711302
1317 3.227455926737536 0.000677 0.001019366283644835 0.00019359238670895669
1318 3.228132712790954 0.000677 0.0013590812817995952 0.00020042325261540402
1319 3.2288094938992415 0.000677 0.0011813374256792893 0.0001809357185701492
1320 3.2294862700606406 0.000677 0.0011347214831597644 0.00019900571527391284
1321 3.230163041273391 0.000677 0.0012541780643860587 0.00019614646806227732
1322 3.2308398075357334 0.000677 0.0010697283835213098 0.00019370785294244602
1323 3.2315165688459078 0.000677 0.0011188489878851602 0.00019071110431493916
1324 3.232193325202156 0.000677 0.0011875509383607345 0.00019438842903204644
1325 3.2328700766027167 0.000677 0.0008212676681568273 0.00019580642793201234
1326 3.233546823045832 0.000677 0.0008252503076551758 0.0002043281121945766
1327 3.2342235645297412 0.000677 0.0010816484514557256 0.00019562834662169434
1328 3.234900301052685 0.000677 0.0010947239536553126 0.0001968733893798077
1329 3.2355770326129045 0.000677 0.0011926748871019602 0.00018731819430997982
1330 3.2362537592086396 0.000677 0.0007082832013308354 0.00019085333229829315
1331 3.236930480838131 0.000677 0.0015817626361996845 0.00018925253782452767
1332 3.23760719749962 0.000677 0.0011933920757293101 0.0001966915361851642
1333 3.2382839091913453 0.000677 0.0013274238994645214 0.0001914144617660137
1334 3.2389606159115485 0.000677 0.0012769906854782315 0.00019930001424736476
1335 3.2396373176584703 0.000677 0.001341076503272519 0.00020394062828613072
1336 3.240314014430351 0.000677 0.0006691014380403562 0.0001916038618005413
1337 3.2409907062254306 0.000677 0.0012905502214858229 0.00020166078157904353
1338 3.2416673930419497 0.000677 0.0010565494050710003 0.00020221805699842282
1339 3.2423440748781496 0.000677 0.0007413879732459873 0.00019992963952315378
1340 3.24302075173227 0.000677 0.0008570098653900303 0.0001974121084872194
1341 3.2436974236025513 0.000677 0.0010041069158292512 0.00019959606780080449
1342 3.2443740904872347 0.000677 0.001139931284701838 0.00019281451826787572
1343 3.24505075238456 0.000677 0.0010249055086397798 0.0001953297675477426
1344 3.245727409292768 0.000677 0.0010576526121080054 0.0001991917333494614
1345 3.246404061210099 0.000677 0.0010197296949275628 0.0001930765162355238
1346 3.247080708134794 0.000677 0.0010281350849874545 0.00017977164946188668
1347 3.2477573500650925 0.000677 0.0011240128249832679 0.00018565283762462216
1348 3.2484339869992365 0.000677 0.0008146225992095894 0.0001871720419557387
1349 3.2491106189354646 0.000677 0.0008179346801430883 0.00019606096643083596
1350 3.249787245872019 0.000677 0.0007207887234596997 0.00018853704920382058
1351 3.2504638678071394 0.000677 0.0009424077259574152 0.00019117939431797886
1352 3.251140484739066 0.000677 0.0010477977777730507 0.00018825279671951623
1353 3.25181709666604 0.000677 0.0009541014298471927 0.00018393478573213354
1354 3.2524937035863015 0.000677 0.0010436192769647215 0.0001814512489128623
1355 3.2531703054980907 0.000677 0.0008706216887917071 0.00018106673037456006
1356 3.253846902399649 0.000677 0.0013627871932192085 0.00018878545782150536
1357 3.2545234942892156 0.000677 0.0009562439848084119 0.000188034346847441
1358 3.2552000811650323 0.000677 0.0007245527838423233 0.00019397821430567258
1359 3.2558766630253384 0.000677 0.0008423641098815168 0.00019435385948792013
1360 3.256553239868375 0.000677 0.000838847974508759 0.00018337908059367535
1361 3.257229811692383 0.000677 0.0010336978074042798 0.0001850727084621635
1362 3.257906378495602 0.000677 0.0010065342162322343 0.00018275063057381297
1363 3.2585829402762734 0.000677 0.0012250184418148781 0.00018525664096133247
1364 3.259259497032637 0.000677 0.0013075081631637685 0.00018709331693095923
1365 3.259936048762933 0.000677 0.0013536261909404433 0.0001930764715613282
1366 3.2606125954654033 0.000677 0.0010482212769478568 0.00018481851644098945
1367 3.261289137138287 0.000677 0.0009931214251799414 0.00019033263187073207
1368 3.2619656737798253 0.000677 0.0009082847656044532 0.00018182305940525866
1369 3.262642205388258 0.000677 0.0011289164816909612 0.0001555839624002117
1370 3.2633187319618266 0.000677 0.0009479030546029558 0.000177832203954623
1371 3.2639952534987704 0.000677 0.0009927860653177166 0.0001918793504651248
1372 3.264671769997331 0.000677 0.0011233554476026868 0.00017585432939773655
1373 3.2653482814557484 0.000677 0.0012635159032632374 0.00019145225463519446
1374 3.266024787872263 0.000677 0.0011362069654724852 0.00018882155340692116
1375 3.2667012892451153 0.000676 0.0009049261851952885 0.00018896348604982398
1376 3.2673777855725454 0.000676 0.0012431895211021402 0.0001832404064835089
1377 3.268054276852795 0.000676 0.0010000247441798922 0.00018746458799646828
1378 3.2687307630841036 0.000676 0.0011288440689077102 0.00018975724228624004
1379 3.2694072442647117 0.000676 0.0010029161446660198 0.00020340312814663873
1380 3.2700837203928605 0.000676 0.001035752111083492 0.0001864861495460378
1381 3.2707601914667896 0.000676 0.0009427213975653557 0.00019188122922377495
1382 3.27143665748474 0.000676 0.0007858681089295179 0.00018329566599508497
1383 3.2721131184449517 0.000676 0.0010789437392505383 0.00018340020777211092
1384 3.2727895743456665 0.000676 0.001104479668585219 0.0001886623763885695
1385 3.2734660251851233 0.000676 0.0010492550099890766 0.00018640592476671942
1386 3.2741424709615634 0.000676 0.0011949033999992134 0.00019055771774871208
1387 3.274818911673227 0.000676 0.0009093738757904208 0.0001865533232797058
1388 3.275495347318355 0.000676 0.0011330384714719824 0.00018642773852649362
1389 3.2761717778951875 0.000676 0.0012371295694743822 0.00018906615254158147
1390 3.276848203401965 0.000676 0.0012060488077199033 0.00018951290039363996
1391 3.277524623836928 0.000676 0.0017233777281241078 0.00018970524530355292
1392 3.278201039198317 0.000676 0.0011044341844123255 0.00017303016464912099
1393 3.278877449484373 0.000676 0.001015249693194106 0.00019072047009653518
1394 3.279553854693336 0.000676 0.0011668486175166522 0.0001889160977679112
1395 3.280230254823446 0.000676 0.001103656403972796 0.0001868627641361716
1396 3.2809066498729447 0.000676 0.0011713584197587663 0.00018775534595132237
1397 3.281583039840071 0.000676 0.0013163104813089907 0.00018736478507122705
1398 3.282259424723067 0.000676 0.0012314498233983932 0.0001937672640678268
1399 3.2829358045201724 0.000676 0.0010121260563897253 0.00018680773358321654
1400 3.2836121792296282 0.000676 0.001202714356810256 0.0001890663968447357
1401 3.2842885488496742 0.000676 0.0009752710839760736 0.00018609041940452316
1402 3.284964913378551 0.000676 0.0012537358445684418 0.00018966180606052127
1403 3.285641272814499 0.000676 0.000864460883530829 0.00018707867268585778
1404 3.2863176271557593 0.000676 0.0010625261200528056 0.00018365090873854662
1405 3.286993976400572 0.000676 0.0012516261657457219 0.00019103556579440725
1406 3.2876703205471776 0.000676 0.0012179961572163097 0.00019089017738146123
1407 3.2883466595938162 0.000676 0.0011403697858216552 0.0001904983084517578
1408 3.289022993538729 0.000676 0.0011661679396913558 0.00018580674374462316
1409 3.289699322380156 0.000676 0.000737154140220516 0.00018443385771860964
1410 3.290375646116338 0.000676 0.0012237170234992525 0.00018423502276790067
1411 3.2910519647455154 0.000676 0.0011486160185137392 0.000171116166498815
1412 3.291728278265928 0.000676 0.0009953570576152545 0.0001910261001365674
1413 3.292404586675818 0.000676 0.0012360648435996236 0.00018957746653409512
1414 3.2930808899734245 0.000676 0.0009603753004499439 0.00019098533201465163
1415 3.293757188156988 0.000676 0.001068090569960218 0.0001893928144808993
1416 3.2944334812247495 0.000676 0.0007863398300014228 0.00019273627894557242
1417 3.295109769174949 0.000676 0.0012775302231582749 0.00019022602401802207
1418 3.295786052005827 0.000676 0.0013634948791480155 0.00018379900377499942
1419 3.2964623297156246 0.000676 0.0011065873657856188 0.00019035803598714212
1420 3.2971386023025824 0.000676 0.0010029429150225301 0.0001879289257559652
1421 3.29781486976494 0.000676 0.0007949025136226309 0.00019619848496635052
1422 3.2984911321009385 0.000676 0.0011261636584031388 0.0001906371344155806
1423 3.2991673893088174 0.000676 0.0010843274121443746 0.00018775896494876648
1424 3.299843641386819 0.000676 0.0012618215975452587 0.00018693026197821367
1425 3.3005198883331825 0.000676 0.001185559112664626 0.0001658733433965869
1426 3.3011961301461485 0.000676 0.0009075403138734847 0.00018390744968233282
1427 3.3018723668239573 0.000676 0.0007131076168577896 0.0001868669174294227
1428 3.302548598364851 0.000676 0.0010450473511082255 0.0001809905505163072
1429 3.3032248247670672 0.000676 0.0012672648257132393 0.00018103713285709752
1430 3.303901046028849 0.000676 0.0011967592356486394 0.00018043323490207023
1431 3.3045772621484355 0.000676 0.001431434857012082 0.00018757609354038066
1432 3.305253473124068 0.000676 0.001105608092644714 0.000180431734430323
1433 3.3059296789539863 0.000676 0.0008461920573910788 0.0001868883669396229
1434 3.306605879636431 0.000676 0.001281604305227517 0.00018385472160925703
1435 3.3072820751696437 0.000676 0.0012341009554613794 0.0001835132301583837
1436 3.307958265551863 0.000676 0.0009012168404536565 0.00018044807979713688
1437 3.30863445078133 0.000676 0.0007942745958571334 0.00018950175155012496
1438 3.309310630856286 0.000676 0.001127469040067254 0.0001870212888937089
1439 3.3099868057749715 0.000676 0.0010268395935976045 0.00018458638171301613
1440 3.310662975535626 0.000676 0.001117634679382713 0.00018738796810631174
1441 3.3113391401364907 0.000676 0.0011574651990145287 0.00019453100398646224
1442 3.312015299575805 0.000676 0.0011358665522120744 0.00018762811107812192
1443 3.3126914538518113 0.000676 0.00045916530729078135 0.00016904122060057577
1444 3.3133676029627486 0.000676 0.0012499412807478545 0.0001893892606203328
1445 3.3140437469068584 0.000676 0.0007947495428759497 0.00018488732894707957
1446 3.31471988568238 0.000676 0.0005303113531921908 0.00018445134530840963
1447 3.3153960192875545 0.000676 0.0008090233848206351 0.00018501801484048123
1448 3.3160721477206225 0.000676 0.0008932172158220325 0.00019023406486550832
1449 3.316748270979825 0.000676 0.0008278585740448368 0.00018424122216438568
1450 3.317424389063401 0.000676 0.0009089971354490814 0.00018777503954062438
1451 3.3181005019695924 0.000676 0.0009385468509733758 0.00018582476543943947
1452 3.3187766096966387 0.000676 0.001178553493640005 0.00019449680810022012
1453 3.319452712242781 0.000676 0.0009202717743968345 0.00019783801386312084
1454 3.32012880960626 0.000676 0.001102117280147784 0.0001842435726890773
1455 3.320804901785315 0.000676 0.0009939428280788419 0.00018345101112329654
1456 3.3214809887781884 0.000676 0.0012916817429174314 0.0001793515817392581
1457 3.3221570705831187 0.000676 0.0008752769319147995 0.00019084865018018825
1458 3.322833147198348 0.000676 0.0010957773631366822 0.00018679446964064235
1459 3.3235092186221147 0.000676 0.0007498316337061011 0.00018692058644656504
1460 3.324185284852662 0.000676 0.0010832683551485465 0.00019047634536906004
1461 3.3248613458882286 0.000676 0.001146705629182747 0.00018801891853968152
1462 3.325537401727056 0.000676 0.0012196506463603711 0.0001913398163147496
1463 3.3262134523673828 0.000676 0.0007765944872980862 0.00017834871854349556
1464 3.3268894978074517 0.000676 0.0012878974313719413 0.0001869257683299311
1465 3.3275655380455023 0.000676 0.0011162140286166645 0.0001881168232153382
1466 3.328241573079775 0.000676 0.0007733216052059963 0.000173466778132686
1467 3.3289176029085104 0.000676 0.0011772873333769072 0.00017823660260395002
1468 3.3295936275299485 0.000676 0.0012757012986788793 0.0001808766627640609
1469 3.330269646942331 0.000676 0.0012808536107466798 0.00019092927672110046
1470 3.330945661143897 0.000676 0.0008451552425396491 0.0001824019228946625
1471 3.331621670132888 0.000676 0.0012001901251598316 0.00018560012488769682
1472 3.332297673907544 0.000676 0.0011300111925463692 0.00018433099968573834
1473 3.332973672466106 0.000676 0.0015229014404145287 0.00018548476980316856
1474 3.333649665806813 0.000676 0.0009314481178301489 0.00018192835140141742
1475 3.334325653927907 0.000676 0.0008377352046413264 0.00018116321621472982
1476 3.3350016368276285 0.000676 0.0008913264292878416 0.00018169367176913473
1477 3.3356776145042177 0.000676 0.0009656958761095175 0.00018634930765550837
1478 3.336353586955915 0.000676 0.001061939866985452 0.00019817621589901063
1479 3.33702955418096 0.000676 0.0009354693845172418 0.00019274553780409965
1480 3.3377055161775937 0.000676 0.0012107209553188264 0.0001946498596749594
1481 3.3383814729440577 0.000676 0.0008285561633348526 0.00019011579798278256
1482 3.339057424478592 0.000676 0.0007495873056223996 0.00018925856836779996
1483 3.3397333707794363 0.000676 0.0011239223074563755 0.000181377923489991
1484 3.340409311844831 0.000676 0.0009574688680835336 0.00019292127052328108
1485 3.3410852476730186 0.000676 0.0010239715910012736 0.0001948569568433516
1486 3.341761178262237 0.000676 0.0009193111232721882 0.00017990594385431746
1487 3.342437103610728 0.000676 0.0012134263605077414 0.00019527712994194324
1488 3.3431130237167324 0.000676 0.0009132739021391306 0.00019152731773328208
1489 3.343788938578489 0.000676 0.0009469810559208865 0.0001910606427691698
1490 3.3444648481942405 0.000676 0.0008794480957976848 0.0001922311971092873
1491 3.3451407525622265 0.000676 0.0012697836150123 0.00018849321281668897
1492 3.3458166516806873 0.000676 0.001045230633156093 0.00019195303155883757
1493 3.346492545547863 0.000676 0.0007902730603619618 0.00018635545715198107
1494 3.3471684341619947 0.000676 0.0013042375848816268 0.00016554895794598188
1495 3.3478443175213233 0.000676 0.0011847556220107697 0.00018533113729935936
1496 3.348520195624088 0.000676 0.0011411346211622911 0.0001836201747508245
1497 3.3491960684685296 0.000676 0.0008727938358598657 0.00018812761155432677
1498 3.34987193605289 0.000676 0.0009171772979623095 0.0001902746429023284
1499 3.350547798375408 0.000676 0.0011533098742483574 0.00018739594680726137
1500 3.351223655434325 0.000676 0.000941446553929008 0.00018852271328765913
1501 3.3518995072278814 0.000676 0.0009153326076552218 0.0001885650452073436
1502 3.3525753537543177 0.000676 0.0013204942390889402 0.00018136803838263746
1503 3.3532511950118744 0.000676 0.0011034082248850509 0.0001822461357250298
1504 3.353927030998791 0.000676 0.0013415746313261952 0.00019272852184340456
1505 3.3546028617133095 0.000676 0.001242630353605908 0.00018187500013857198
1506 3.3552786871536693 0.000676 0.0011160736714720316 0.00019246142437826677
1507 3.3559545073181107 0.000676 0.0009246657058861691 0.0001953925095672766
1508 3.356630322204876 0.000676 0.0009047750455916202 0.0001894424714910539
1509 3.357306131812204 0.000676 0.0009781964078304861 0.00018710695379557408
1510 3.3579819361383354 0.000676 0.0010209433968440594 0.00018442499290155647
1511 3.3586577351815112 0.000676 0.0008632656619495323 0.00018989840377204518
1512 3.3593335289399713 0.000676 0.0012617355866267235 0.00018823445647269912
1513 3.360009317411957 0.000676 0.0008887947274111654 0.00020106135058954803
1514 3.360685100595708 0.000676 0.0009565181668565511 0.00019386874196516797
1515 3.361360878489465 0.000676 0.0011400548513889565 0.0001972062620155679
1516 3.3620366510914685 0.000676 0.0015227313897356758 0.00019122106125616192
1517 3.3627124183999597 0.000676 0.001269042021248501 0.00018819017124024862
1518 3.3633881804131773 0.000676 0.0008654506974507474 0.00018714634125126896
1519 3.364063937129364 0.000676 0.001020380963207593 0.00018827119955364339
1520 3.3647396885467593 0.000676 0.0012784362329340392 0.00018419131787707435
1521 3.3654154346636025 0.000676 0.0010306597353803273 0.00018293922859055175
1522 3.366091175478136 0.000676 0.0012909554856890444 0.0001883096868721642
1523 3.3667669109886 0.000676 0.0008679740953390456 0.00018092323838503555
1524 3.367442641193233 0.000676 0.0011389802510227438 0.00018988673176434815
1525 3.368118366090278 0.000676 0.0013278835620606003 0.00018844245982559861
1526 3.3687940856779743 0.000676 0.0012551347778007 0.00019152581792713228
1527 3.3694697999545626 0.000676 0.0011218932372888876 0.00019550630901107782
1528 3.3701455089182835 0.000676 0.001220996104406584 0.0001772135927442379
1529 3.3708212125673773 0.000676 0.0010860610900784386 0.00018139000411597264
1530 3.371496910900084 0.000676 0.0011577545162366483 0.00018054604790769814
1531 3.3721726039146454 0.000676 0.0009599930389528537 0.0001851710578020033
1532 3.3728482916093006 0.000676 0.0011603128860607837 0.00018430900669856392
1533 3.37352397398229 0.000676 0.0011208604916561535 0.00018228449413295572
1534 3.3741996510318555 0.000676 0.0011449341565506288 0.00018752170445447764
1535 3.374875322756237 0.000676 0.0013687507231520298 0.0001846101984374839
1536 3.375550989153675 0.000676 0.0010961136714892758 0.00018282642192690913
1537 3.376226650222409 0.000676 0.0008615496216781307 0.00019084772605629358
1538 3.376902305960681 0.000676 0.0010001379581538886 0.00018879604124879705
1539 3.3775779563667303 0.000676 0.0009164249762834231 0.00018911565741967882
1540 3.3782536014387983 0.000676 0.000998785608508523 0.00020201891346583166
1541 3.3789292411751255 0.000676 0.0009903566186815476 0.0001905161615292031
1542 3.3796048755739507 0.000676 0.001098866627863476 0.0001949637357560229
1543 3.3802805046335163 0.000676 0.0008040007186357681 0.00019330736235759704
1544 3.380956128352062 0.000676 0.0011763156402283567 0.0001884951197672681
1545 3.3816317467278294 0.000676 0.0011496699689874624 0.00019075443540593506
1546 3.382307359759057 0.000676 0.0011038823590218594 0.00018721420191931222
1547 3.3829829674439864 0.000676 0.0011429323194586955 0.0001898404132359591
1548 3.3836585697808585 0.000676 0.000963868671537266 0.00018035522429807476
1549 3.3843341667679123 0.000676 0.0013810036024441302 0.00019023550890659357
1550 3.38500975840339 0.000676 0.0010807834090089897 0.00018504777269139067
1551 3.3856853446855313 0.000676 0.0010340627378615155 0.0001889706532894378
1552 3.3863609256125766 0.000676 0.0013631059697421378 0.00018779227759411208
1553 3.387036501182766 0.000676 0.0010883218221794002 0.0001575969073205165
1554 3.3877120713943416 0.000676 0.0007600010109104309 0.0001871638262374879
1555 3.3883876362455423 0.000676 0.0008248981982617454 0.0001906480346889978
1556 3.389063195734609 0.000676 0.0010046036902089473 0.0001847195621258014
1557 3.389738749859782 0.000676 0.0007204182879043113 0.00018673875469773992
1558 3.3904142986193024 0.000676 0.0009931896892519745 0.00018403622938514445
1559 3.3910898420114104 0.000676 0.0010478963670998535 0.00017972157024963463
1560 3.3917653800343466 0.000676 0.0011095349908824643 0.0001812079608869898
1561 3.3924409126863515 0.000676 0.0010646624360299423 0.0001868230045880858
1562 3.393116439965665 0.000676 0.0014901985227270204 0.00019591503588132394
1563 3.3937919618705283 0.000676 0.0012253288264182692 0.00019573133882422157
1564 3.3944674783991813 0.000676 0.0003438414179412182 0.00019194239296066966
1565 3.395142989549865 0.000676 0.0009720470747890107 0.00019846347964571346
1566 3.3958184953208193 0.000676 0.0009073685718018489 0.00019033728817344377
1567 3.3964939957102853 0.000675 0.0009728607890546255 0.00017585815805015042
1568 3.397169490716503 0.000675 0.0005830439818844815 0.00019634755919389698
1569 3.3978449803377133 0.000675 0.0010516683538690575 0.0001947410383124135
1570 3.3985204645721563 0.000675 0.001340295998770956 0.00018788286953137532
1571 3.399195943418073 0.000675 0.0010494252170374068 0.00018410848484788712
1572 3.3998714168737036 0.000675 0.0012021999012218386 0.00018382539729798562
1573 3.400546884937288 0.000675 0.0011476401252259608 0.0001839765655213535
1574 3.4012223476070687 0.000675 0.0010062889734219367 0.00018838238559426248
1575 3.4018978048812833 0.000675 0.0009680281558897628 0.00019907389539109755
1576 3.4025732567581746 0.000675 0.0010721769398607337 0.0001886771595894729
1577 3.403248703235982 0.000675 0.0010934936860183496 0.00018762526043928062
1578 3.403924144312946 0.000675 0.000979708973946733 0.00019183992695843947
1579 3.4045995799873077 0.000675 0.0006949367212745283 0.00019191417136143056
1580 3.4052750102573075 0.000675 0.0012014671628614013 0.00018565992845936158
1581 3.4059504351211847 0.000675 0.0011430782424099919 0.00018958449839456438
1582 3.4066258545771815 0.000675 0.0013009027187465977 0.00019147078126517653
1583 3.407301268623537 0.000675 0.0012286045300840594 0.00018974766897751776
1584 3.4079766772584925 0.000675 0.001052733718153081 0.00019308195282688567
1585 3.408652080480288 0.000675 0.0009495890135672199 0.00019310470448898702
1586 3.4093274782871648 0.000675 0.0008046856761785519 0.0001897589678264217
1587 3.4100028706773617 0.000675 0.0007448606188806216 0.00019444340309608996
1588 3.4106782576491215 0.000675 0.001211492920717178 0.0001847429197864961
1589 3.4113536392006827 0.000675 0.0009612817252549278 0.00019144247708534676
1590 3.412029015330287 0.000675 0.0008712685750347717 0.00018954718752069456
1591 3.412704386036174 0.000675 0.0010334828863505403 0.00018862392767516578
1592 3.413379751316585 0.000675 0.0007116022631679847 0.00018342925257465873
1593 3.4140551111697603 0.000675 0.0009338519192730471 0.00019442069968969686
1594 3.41473046559394 0.000675 0.0008466506463278513 0.0001747543587816741
1595 3.415405814587365 0.000675 0.00117661485752781 0.00018298203656110055
1596 3.4160811581482755 0.000675 0.0009725790114813438 0.00019072110559508433
1597 3.416756496274912 0.000675 0.0007406644408793095 0.00018328594047159165
1598 3.417431828965515 0.000675 0.0008645246816424736 0.00018689033289302366
1599 3.4181071562183254 0.000675 0.000968623577855973 0.0001888659839594134
1600 3.418782478031583 0.000675 0.0013071586819952525 0.00018462012902529832
1601 3.419457794403529 0.000675 0.0012302856591072347 0.00018475308697730588
1602 3.4201331053324036 0.000675 0.001021728020468869 0.00018417808680336808
1603 3.4208084108164467 0.000675 0.001249326431798566 0.00018361306750580908
1604 3.4214837108539 0.000675 0.0011515892951022672 0.00018516092725728652
1605 3.4221590054430022 0.000675 0.0009719437238595669 0.0001820130056509095
1606 3.422834294581996 0.000675 0.00116385882406797 0.00018412589285293703
1607 3.42350957826912 0.000675 0.0011981812363814923 0.00018827215322913556
1608 3.424184856502616 0.000675 0.0006273272584335402 0.00018200836912944353
1609 3.4248601292807237 0.000675 0.001058270553914472 0.00018875189354787547
1610 3.4255353966016844 0.000675 0.000994175548337501 0.00018976813043457098
1611 3.426210658463737 0.000675 0.0013245292004949183 0.0001923138072414581
1612 3.426885914865124 0.000675 0.000702487018997082 0.0001866964375992188
1613 3.4275611658040845 0.000675 0.000932944959628223 0.00018546499406721094
1614 3.42823641127886 0.000675 0.0011713344843447867 0.00020001759557963683
1615 3.4289116512876894 0.000675 0.001314377328199987 0.00018959981419617233
1616 3.4295868858288143 0.000675 0.000657606323565642 0.0001888709204639817
1617 3.430262114900475 0.000675 0.0010093813520561058 0.00015346798145791539
1618 3.4309373385009128 0.000675 0.0010305742171201455 0.00018466243029812348
1619 3.431612556628367 0.000675 0.000829609630103129 0.00018538593140022625
1620 3.4322877692810776 0.000675 0.0012412433252350589 0.00017909468541869308
1621 3.4329629764572873 0.000675 0.0010018815804405925 0.00018658586800090977
1622 3.4336381781552348 0.000675 0.0009651187260305508 0.00015671263040817056
1623 3.434313374373161 0.000675 0.0012488351195082336 0.00018911568624336975
1624 3.4349885651093066 0.000675 0.0009391090613381824 0.00018554986093338813
1625 3.4356637503619116 0.000675 0.0010999522755567293 0.00019225132087201638
1626 3.4363389301292173 0.000675 0.0011832555382900092 0.00018493595045280422
1627 3.4370141044094638 0.000675 0.0008627279921356718 0.0001861213849852184
1628 3.437689273200892 0.000675 0.0009691792398712417 0.0001801764227680606
1629 3.4383644365017405 0.000675 0.0011008684984578048 0.00018375612358127884
1630 3.439039594310252 0.000675 0.0007602717020521994 0.0001840318979902794
1631 3.4397147466246665 0.000675 0.0011019920127190283 0.0001807025275519721
1632 3.4403898934432235 0.000675 0.0006803713325951833 0.00019228834688356662
1633 3.441065034764165 0.000675 0.0012726300018589204 0.00019501835399655243
1634 3.44174017058573 0.000675 0.0012072113632515648 0.00018570915904915112
1635 3.442415300906159 0.000675 0.001199710717288025 0.00018470923748543878
1636 3.4430904257236943 0.000675 0.0008118853979717174 0.0001875782096985254
1637 3.443765545036575 0.000675 0.0010390923475341591 0.00019235536680602667
1638 3.444440658843041 0.000675 0.001017027243600184 0.00018820164468311457
1639 3.445115767141334 0.000675 0.0010084508707987614 0.00018577499337271464
1640 3.4457908699296946 0.000675 0.0013430965777901384 0.0001859537608869003
1641 3.446465967206363 0.000675 0.0012728275253546084 0.00018541404410088604
1642 3.447141058969578 0.000675 0.0008868844195229051 0.00017265030338521994
1643 3.4478161452175824 0.000675 0.000693136248126286 0.0001797994664326499
1644 3.448491225948616 0.000675 0.0010736580491680922 0.00018724238964489454
1645 3.4491663011609193 0.000675 0.0010842162919053491 0.00019706487727322224
1646 3.449841370852732 0.000675 0.0007212465730728884 0.00019010257812253543
1647 3.4505164350222954 0.000675 0.0009546405548217982 0.00018254115654468925
1648 3.4511914936678494 0.000675 0.0014963393714873966 0.0001857955059732133
1649 3.4518665467876355 0.000675 0.0010596298376874397 0.00018834690079904144
1650 3.452541594379894 0.000675 0.0010225462075621303 0.00019246696227950548
1651 3.453216636442864 0.000675 0.0011432656746151217 0.00018123777290883153
1652 3.4538916729747875 0.000675 0.000726365479449823 0.0001840132932959752
1653 3.4545667039739034 0.000675 0.0012701535319878487 0.00018075211046269778
1654 3.4552417294384536 0.000675 0.001153325172510598 0.00018482895929534146
1655 3.455916749366679 0.000675 0.001600208542135038 0.00019337941303111778
1656 3.456591763756819 0.000675 0.0011413167881833362 0.00018717291113553574
1657 3.457266772607114 0.000675 0.0010774934515076452 0.00018407990944025696
1658 3.4579417759158053 0.000675 0.001376244787094606 0.0001889804107011057
1659 3.458616773681132 0.000675 0.0010801892314410218 0.0001897360452961919
1660 3.4592917659013365 0.000675 0.0010003560462778895 0.00019131709854751887
1661 3.4599667525746582 0.000675 0.0011169360296016631 0.00019579768388559198
1662 3.4606417336993376 0.000675 0.0014197409000716418 0.0001873858979005059
1663 3.4613167092736146 0.000675 0.0006474691434471395 0.0001929686170079131
1664 3.4619916792957315 0.000675 0.0009540454440984397 0.00018190189666572766
1665 3.462666643763927 0.000675 0.0012635081694840678 0.00018490480431386362
1666 3.4633416026764428 0.000675 0.0010596338705941054 0.00018176071753043066
1667 3.4640165560315186 0.000675 0.001216730788933894 0.00018066282217822405
1668 3.4646915038273947 0.000675 0.0010033525706990831 0.00018656018011501243
1669 3.465366446062313 0.000675 0.0010737475614452062 0.0001901200640785723
1670 3.466041382734512 0.000675 0.001015966386572054 0.00018297578325483964
1671 3.466716313842233 0.000675 0.0007863342531554923 0.0001954266895591609
1672 3.467391239383718 0.000675 0.0010194245992822784 0.0001895220227881845
1673 3.468066159357205 0.000675 0.0011814238909205871 0.00018997370375086495
1674 3.468741073760936 0.000675 0.001176868451635156 0.00019537047269864023
1675 3.4694159825931514 0.000675 0.0006647579417819935 0.00019009249366846727
1676 3.470090885852091 0.000675 0.001098178676382437 0.00018268378579361914
1677 3.470765783535996 0.000675 0.0010003831947363547 0.00018402154784467162
1678 3.4714406756431067 0.000675 0.0011984721448582325 0.0001847506812384448
1679 3.4721155621716635 0.000675 0.0012712687096423372 0.0001822723815974619
1680 3.472790443119907 0.000675 0.0009798741550931498 0.00018956380034863845
1681 3.4734653184860775 0.000675 0.0009656260967884488 0.0001855441961549537
1682 3.4741401882684153 0.000675 0.001193907840725649 0.00018413650604089948
1683 3.4748150524651615 0.000675 0.001076970254859618 0.00018974233180242
1684 3.475489911074556 0.000675 0.0008843874629400209 0.00018522120665030693
1685 3.4761647640948397 0.000675 0.0013180341897035357 0.0001902161180464218
1686 3.4768396115242526 0.000675 0.0013959805635781293 0.00019183519530587456
1687 3.477514453361036 0.000675 0.001133437049202711 0.0001838456831502861
1688 3.4781892896034297 0.000675 0.000937350647492118 0.00018553792607316243
1689 3.478864120249674 0.000675 0.0012264149977211556 0.00018307596965726466
1690 3.4795389452980103 0.000675 0.0010063780579730537 0.0001896603388008728
1691 3.4802137647466784 0.000675 0.0007897046603622137 0.00016796882895026382
1692 3.4808885785939188 0.000675 0.0011567043550024694 0.00018825480385601293
1693 3.4815633868379723 0.000675 0.0010706033189208472 0.00019137031938149313
1694 3.482238189477079 0.000675 0.0006840882967418238 0.0001877401604634576
1695 3.4829129865094797 0.000675 0.0009326871816099926 0.0001878535271066662
1696 3.4835877779334146 0.000675 0.0009183403446689656 0.00018727059026135728
1697 3.4842625637471247 0.000675 0.0013093806978016192 0.00018911222487317465
1698 3.4849373439488502 0.000675 0.0005455046332058408 0.00018854957339063918
1699 3.4856121185368316 0.000675 0.001107870125282705 0.00019168968509042822
1700 3.486286887509309 0.000675 0.0009685866815442596 0.0001911311424894621
1701 3.486961650864523 0.000675 0.0008382611109372837 0.00018082135989690114
1702 3.4876364086007157 0.000675 0.001138706511635472 0.00019520134093766947
1703 3.4883111607161252 0.000675 0.001113350842217023 0.00019142934414690787
1704 3.488985907208993 0.000675 0.0012943306348299996 0.00019243164870382253
1705 3.4896606480775594 0.000675 0.0006852941058815075 0.00018851275488723998
1706 3.4903353833200654 0.000675 0.0013359409134634063 0.00018981497749678304
1707 3.4910101129347515 0.000675 0.0007690480572133205 0.00018925385405786876
1708 3.491684836919857 0.000675 0.0014962552857099077 0.00019340279820192108
1709 3.492359555273624 0.000675 0.0010681589469614472 0.0001891098464546526
1710 3.493034267994292 0.000675 0.0012257024163401203 0.00019882549600502508
1711 3.493708975080102 0.000675 0.0013701213337005114 0.0001924056545830434
1712 3.494383676529293 0.000675 0.0007303378237414212 0.00018844757326190066
1713 3.4950583723401074 0.000675 0.0011316511827047008 0.00019097545047823178
1714 3.495733062510786 0.000675 0.0009761636173904112 0.00018782180674633772
1715 3.4964077470395667 0.000675 0.0010726339351725962 0.00017505634329759552
1716 3.4970824259246927 0.000675 0.0014923964091291537 0.00016815801712132415
1717 3.497757099164403 0.000675 0.0012529133834358257 0.00018790321993135644
1718 3.498431766756939 0.000675 0.0009922241103682786 0.00018836752015435467
1719 3.4991064287005393 0.000675 0.0010359223218294475 0.000201176723272892
1720 3.4997810849934465 0.000675 0.0012718009493114238 0.0001903001540583995
1721 3.5004557356339 0.000675 0.0009718255256183786 0.0001896332738631375
1722 3.5011303806201406 0.000675 0.0009197381866252543 0.00018428742600958876
1723 3.501805019950409 0.000675 0.0010841231756648648 0.00018839311305163443
1724 3.502479653622945 0.000675 0.0009423113771484717 0.00017842559123124925
1725 3.5031542816359904 0.000675 0.0009795801902205618 0.0001836506821588051
1726 3.5038289039877846 0.000675 0.0014617799448457338 0.00018920030311392718
1727 3.504503520676568 0.000675 0.0012754571709233603 0.0001866732183856107
1728 3.505178131700581 0.000675 0.0013700191577760946 0.00018477610705425911
1729 3.505852737058065 0.000675 0.0011543592617451527 0.00018667936477171187
1730 3.5065273367472605 0.000675 0.0005908911282724688 0.00019054325886106382
1731 3.507201930766407 0.000675 0.000991087241815252 0.00018681049774933592
1732 3.5078765191137453 0.000675 0.0013113315931181364 0.00018895359173309837
1733 3.508551101787516 0.000675 0.0006859113393280286 0.00018508451591841348
1734 3.5092256787859597 0.000675 0.0014073938813853023 0.00019712459179117302
1735 3.509900250107317 0.000675 0.0009732108171229955 0.00018694490318525898
1736 3.510574815749828 0.000675 0.0012004540215087211 0.00019365401405048143
1737 3.511249375711734 0.000675 0.001237225605030065 0.0001977057241127997
1738 3.511923929991274 0.000675 0.001199466278209601 0.0001962877983142065
1739 3.51259847858669 0.000675 0.001088799139675237 0.00019925662999097405
1740 3.513273021496222 0.000675 0.0010581190682612868 0.0002011642852523104
1741 3.51394755871811 0.000675 0.0013210508972131886 0.00019420380674610045
1742 3.5146220902505947 0.000675 0.0012009491100716796 0.00018651801156792762
1743 3.5152966160919172 0.000675 0.0007774778372695134 0.0001858951921707825
1744 3.515971136240317 0.000675 0.0011019827791976743 0.0001912848532249548
1745 3.516645650694035 0.000675 0.0011386846490049687 0.00019648064297966326
1746 3.5173201594513124 0.000675 0.0006435900727871822 0.00019200718584006372
1747 3.5179946625103886 0.000674 0.0013344681866159034 0.00019098994848658492
1748 3.518669159869505 0.000674 0.0010848357092379584 0.00019316611860608547
1749 3.519343651526901 0.000674 0.0008005066390922976 0.00018725318397931864
1750 3.520018137480819 0.000674 0.0010379496658733706 0.00019895497623409364
1751 3.520692617729497 0.000674 0.0010334389395812878 0.0001958748875910938
1752 3.521367092271177 0.000674 0.0007263243489072542 0.00019092651117316901
1753 3.5220415611040994 0.000674 0.001369156795226421 0.00019869966708586923
1754 3.522716024226505 0.000674 0.0011717934737053362 0.0001960426084915048
1755 3.523390481636633 0.000674 0.0013422891726609233 0.000187826349156354
1756 3.524064933332725 0.000674 0.0007187276487933927 0.00018777418828671847
1757 3.5247393793130204 0.000674 0.0010841884710811297 0.000188790032395185
1758 3.5254138195757614 0.000674 0.000925221935108537 0.00019221910841214388
1759 3.526088254119187 0.000674 0.0008306036573374116 0.00018754015325147318
1760 3.5267626829415386 0.000674 0.0013467029242584245 0.00018620977046559652
1761 3.527437106041056 0.000674 0.0012129822980284583 0.0001925555407047581
1762 3.52811152341598 0.000674 0.0009844340305996521 0.00019184975275298601
1763 3.5287859350645516 0.000674 0.0010478155339909145 0.00018583057030743832
1764 3.5294603409850103 0.000674 0.0008998157869304193 0.000189025937452938
1765 3.5301347411755972 0.000674 0.001050598468780111 0.00018336400046279244
1766 3.530809135634553 0.000674 0.001094257619961756 0.00018103697167092518
1767 3.5314835243601177 0.000674 0.0009629783866405618 0.00018502284104997502
1768 3.5321579073505314 0.000674 0.0007927519322457966 0.00018748900304121942
1769 3.5328322846040354 0.000674 0.0010599890471928563 0.00019509807350844425
1770 3.53350665611887 0.000674 0.0012876970073078964 0.00018863657418792537
1771 3.534181021893276 0.000674 0.0009962738633823823 0.00014751859176920977
1772 3.5348553819254924 0.000674 0.0007660463540788748 0.00017877060908797523
1773 3.5355297362137614 0.000674 0.0008462336226941283 0.00019246050350688526
1774 3.536204084756323 0.000674 0.0011426707770736317 0.00019060735406644953
1775 3.536878427551417 0.000674 0.001218911507452933 0.0001868850855648596
1776 3.5375527645972853 0.000674 0.0011658338948267201 0.00018863695724863466
1777 3.538227095892167 0.000674 0.0012129091135923238 0.00018742025630524064
1778 3.538901421434303 0.000674 0.001049005832113252 0.00019348002139032928
1779 3.5395757412219346 0.000674 0.0009641980102702049 0.0001939647178483849
1780 3.5402500552533 0.000674 0.0011471907356319852 0.00018766197773471423
1781 3.540924363526643 0.000674 0.0011406144526615023 0.00018489369358699203
1782 3.5415986660402012 0.000674 0.0011635533071790854 0.0001872337002602565
1783 3.542272962792217 0.000674 0.0008638743855921588 0.0001874389580047037
1784 3.5429472537809295 0.000674 0.0011259571686160494 0.0001919866773828472
1785 3.5436215390045804 0.000674 0.0007957854217239221 0.00018566389938972513
1786 3.5442958184614097 0.000674 0.0009538893415072156 0.00017647651066694586
1787 3.5449700921496574 0.000674 0.0010598109255789087 0.00018737491425692806
1788 3.5456443600675644 0.000674 0.0010114992245595091 0.0001898096238192466
1789 3.546318622213371 0.000674 0.001002401409203471 0.0001888737437761716
1790 3.5469928785853178 0.000674 0.0010536062310130723 0.00019065994700567812
1791 3.5476671291816455 0.000674 0.0008971747013786791 0.00019310159438037713
1792 3.5483413740005947 0.000674 0.0011698160449911165 0.00019991135569897634
1793 3.549015613040406 0.000674 0.0008762432489301291 0.00019117157649133076
1794 3.5496898462993185 0.000674 0.0009612543488716092 0.00018694841263446976
1795 3.550364073775574 0.000674 0.0011165384475683706 0.0001881082165141636
1796 3.5510382954674133 0.000674 0.0009473230411732892 0.0001865951060702989
1797 3.5517125113730756 0.000674 0.000754384328946577 0.00019109746600908336
1798 3.5523867214908025 0.000674 0.0013001483129700966 0.0001855229009654137
1799 3.553060925818834 0.000674 0.0012715039882823876 0.00018927365749507233
1800 3.55373512435541 0.000674 0.0011271550719974951 0.0001791051488609872
1801 3.5544093170987727 0.000674 0.0010251723745237672 0.0001891738418140133
1802 3.5550835040471607 0.000674 0.0009928910737818288 0.00019221261982397655
1803 3.5557576851988157 0.000674 0.0011729693326327465 0.00018435736541431503
1804 3.5564318605519776 0.000674 0.0013316244540822978 0.00019342687828972007
1805 3.5571060301048876 0.000674 0.001074957649184889 0.00018634601294012488
1806 3.557780193855785 0.000674 0.001056865449778422 0.00020098816585724
1807 3.5584543518029106 0.000674 0.0011646468734415876 0.00019095608145284376
1808 3.559128503944506 0.000674 0.0010124882058735627 0.00018838757306286006
1809 3.5598026502788107 0.000674 0.0009597715325683224 0.00018972816603756367
1810 3.5604767908040653 0.000674 0.0009859625572555708 0.0001880409872841957
1811 3.5611509255185103 0.000674 0.0008633565550311479 0.0001867834967817164
1812 3.5618250544203867 0.000674 0.0010478486499830005 0.00018918740386063954
1813 3.5624991775079344 0.000674 0.0012520242200306539 0.00018814550759496573
1814 3.5631732947793946 0.000674 0.0009581053984312818 0.00019017996424040812
1815 3.5638474062330063 0.000674 0.0011776315036780307 0.00017305589243317822
1816 3.5645215118670115 0.000674 0.0013486767824636427 0.0001854681450162522
1817 3.56519561167965 0.000674 0.0009532748238017159 0.00019407555435496575
1818 3.5658697056691633 0.000674 0.0011563689914393257 0.00019277782182311825
1819 3.5665437938337896 0.000674 0.00077374116654101 0.00017383211851657544
1820 3.567217876171771 0.000674 0.0010360100835035905 0.00018977838533640703
1821 3.567891952681349 0.000674 0.0008673360278539216 0.0001897842936064261
1822 3.568566023360762 0.000674 0.0009624920592386498 0.00019303697559194656
1823 3.569240088208251 0.000674 0.0010719700280419219 0.00018960018995837764
1824 3.5699141472220575 0.000674 0.0009083864440339282 0.00019197812417666663
1825 3.5705882004004206 0.000674 0.001141593808441185 0.00019318699473458938
1826 3.571262247741582 0.000674 0.0014970241830282013 0.00019553226605003432
1827 3.571936289243782 0.000674 0.0010999711622483562 0.0001939576135644028
1828 3.57261032490526 0.000674 0.0007843231980903904 0.00018498290349214626
1829 3.573284354724258 0.000674 0.0013097905655663992 0.00019044154270924708
1830 3.5739583786990154 0.000674 0.0013392274507179245 0.000191206646417214
1831 3.5746323968277736 0.000674 0.0010217174543258436 0.00019035062376598764
1832 3.575306409108772 0.000674 0.0013011796311251402 0.00020340246091778036
1833 3.5759804155402524 0.000674 0.0008956921678238447 0.00019506008497741401
1834 3.576654416120453 0.000674 0.0010590981699950752 0.0001914557167578768
1835 3.5773284108476178 0.000674 0.0011868263287980445 0.0001904302525879735
1836 3.5780023997199843 0.000674 0.0010903192348733965 0.00018834004343748606
1837 3.578676382735794 0.000674 0.0012213171169779462 0.00019361149254903354
1838 3.579350359893287 0.000674 0.0010856543624979615 0.00019251184862424892
1839 3.580024331190705 0.000674 0.0010847687251586895 0.00019853471771145688
1840 3.580698296626287 0.000674 0.0010565551531196025 0.00019466210873713216
1841 3.581372256198274 0.000674 0.0010516142518862742 0.0001848836711062271
1842 3.5820462099049073 0.000674 0.0010186635583580557 0.00019135324360729133
1843 3.5827201577444265 0.000674 0.0011633106283263721 0.00019074666781587266
1844 3.583394099715072 0.000674 0.0009640825659548084 0.00019420469623600056
1845 3.5840680358150845 0.000674 0.0011679109550427227 0.00018895901825559782
1846 3.584741966042705 0.000674 0.0013795465901324142 0.00019479059080069474
1847 3.585415890396174 0.000674 0.0013968936282478207 0.00019095390913674906
1848 3.5860898088737305 0.000674 0.0011909600286343868 0.0001889977133084255
1849 3.5867637214736163 0.000674 0.0008820586348244474 0.0001939930257368423
1850 3.5874376281940727 0.000674 0.0008476156295205597 0.00018980350326670159
1851 3.5881115290333376 0.000674 0.0012894580287501458 0.00019540348346114815
1852 3.5887854239896546 0.000674 0.0007220250988622119 0.00019890073388580554
1853 3.5894593130612615 0.000674 0.0013023701134919716 0.00019725537305105936
1854 3.5901331962464003 0.000674 0.0010960936729254135 0.0001801734712391925
1855 3.590807073543311 0.000674 0.000833323430934395 0.0001930044456478952
1856 3.5914809449502334 0.000674 0.0011874012433015627 0.0001952560760181264
1857 3.5921548104654097 0.000674 0.001104205293387085 0.00019277458427680228
1858 3.592828670087079 0.000674 0.0013754159319535506 0.00019091065946218934
1859 3.5935025238134823 0.000674 0.001234572864083281 0.00019064822413279674
1860 3.5941763716428605 0.000674 0.0008531841532199943 0.00018592799919545284
1861 3.5948502135734532 0.000674 0.001161094468265502 0.0001891358445862445
1862 3.595524049603501 0.000674 0.0010830867252907342 0.00018746450047923722
1863 3.5961978797312453 0.000674 0.0009420288748595672 0.00019498545307750437
1864 3.5968717039549256 0.000674 0.0010260211940639192 0.00019261893734064432
1865 3.597545522272783 0.000674 0.0009294207271863308 0.00019325346068764407
1866 3.5982193346830567 0.000674 0.0010141160885670927 0.00019432425028252992
1867 3.5988931411839893 0.000674 0.0008310896646979033 0.000196730998749926
1868 3.59956694177382 0.000674 0.0010968014732679928 0.00019229316184946236
1869 3.6002407364507905 0.000674 0.0006339716986903109 0.00019729575937645877
1870 3.6009145252131387 0.000674 0.0012148413220318657 0.0001844700888375497
1871 3.6015883080591076 0.000674 0.0008067900519308826 0.00019667803195281557
1872 3.602262084986936 0.000674 0.000867742614935197 0.0001929393973488974
1873 3.6029358559948657 0.000674 0.0012493396193102076 0.00019481200684290725
1874 3.6036096210811364 0.000674 0.0010627314404546302 0.0002003464334908653
1875 3.604283380243989 0.000674 0.0009105966405802371 0.0001937546815594274
1876 3.6049571334816637 0.000674 0.0011623825665507456 0.00018426952171909428
1877 3.6056308807924013 0.000674 0.0010841643497433908 0.0001909126353837443
1878 3.606304622174442 0.000674 0.0011248249349464028 0.00018988465451024353
1879 3.6069783576260264 0.000674 0.0010226009152610694 0.000187270426014569
1880 3.6076520871453948 0.000674 0.000508507104412743 0.00018928620562898597
1881 3.608325810730788 0.000674 0.0009114504391742324 0.00019251741470636852
1882 3.6089995283804464 0.000674 0.0012827001787039498 0.00017562276102883945
1883 3.6096732400926106 0.000674 0.00120152985336568 0.0001872672182781116
1884 3.610346945865521 0.000674 0.0011769051364185056 0.00018904185084653056
1885 3.611020645697417 0.000674 0.0014383756388565406 0.00019789595244108974
1886 3.611694339586542 0.000674 0.0007746888325649607 0.00019390982279661454
1887 3.612368027531133 0.000674 0.0011482272713604204 0.00019536351769618555
1888 3.6130417095294325 0.000674 0.0007308315823761614 0.00018565788609799472
1889 3.61371538557968 0.000674 0.001123509153593104 0.00020052718406294169
1890 3.6143890556801175 0.000674 0.0011340049866951554 0.00019815493870865302
1891 3.615062719828984 0.000674 0.0012654396019165025 0.00018829495941964135
1892 3.615736378024521 0.000674 0.0010442765265145527 0.00019205229161810912
1893 3.616410030264968 0.000674 0.0010519452174781259 0.0001874811576738174
1894 3.6170836765485657 0.000674 0.0012366604380098121 0.00018820075895459963
1895 3.617757316873556 0.000674 0.0009345041266005605 0.00018921024671855565
1896 3.618430951238177 0.000674 0.0010425999143040387 0.00019208946451856882
1897 3.6191045796406716 0.000674 0.0009940413670982914 0.00018734160757615206
1898 3.619778202079279 0.000674 0.0006854846229010819 0.00018616951951458491
1899 3.620451818552239 0.000674 0.0008714916669952901 0.00019061634449908015
1900 3.621125429057794 0.000674 0.0010363016351865064 0.00019119930535694415
1901 3.6217990335941828 0.000674 0.000921619144255148 0.00019526503045106045
1902 3.6224726321596465 0.000674 0.001292832756858444 0.00017819447784756708
1903 3.6231462247524258 0.000674 0.000949402034576063 0.00019942500690581618
1904 3.623819811370761 0.000674 0.0007237171173179232 0.00019287774852623534
1905 3.6244933920128926 0.000674 0.0012376721546293228 0.00019122600539575666
1906 3.6251669666770607 0.000674 0.001289712120656866 0.00018858757119861688
1907 3.6258405353615064 0.000674 0.0011028217236303305 0.00019340215154120863
1908 3.6265140980644697 0.000674 0.001475608569480446 0.00019565811754673878
1909 3.6271876547841915 0.000674 0.0011622460719274024 0.0001935001824444814
1910 3.627861205518912 0.000674 0.0010372424484343177 0.0001924552368218989
1911 3.628534750266872 0.000674 0.0010432716929814126 0.00018656133428821638
1912 3.6292082890263115 0.000674 0.0007654978236892364 0.00019397763976710186
1913 3.629881821795472 0.000674 0.0009750441697835941 0.00019593046498387828
1914 3.6305553485725923 0.000674 0.0014494627357150265 0.0001943893608870081
1915 3.6312288693559145 0.000674 0.0008511481237943397 0.0002033685774134274
1916 3.6319023841436784 0.000674 0.001153749167288679 0.0001730833919396914
1917 3.632575892934124 0.000674 0.0014329078571129416 0.0001982916187313786
1918 3.6332493957254925 0.000673 0.0010357516928356616 0.00018789096101515715
1919 3.6339228925160247 0.000673 0.000856255237670961 0.00020178675672289357
1920 3.6345963833039603 0.000673 0.0012168895100538716 0.00019733232128020073
1921 3.63526986808754 0.000673 0.0009082180965289333 0.00019056868995288276
1922 3.6359433468650044 0.000673 0.0006867077595249268 0.00019925986060280917
1923 3.6366168196345936 0.000673 0.000849101624962213 0.00020424478712847605
1924 3.637290286394549 0.000673 0.0009214904042439473 0.00020149240734852774
1925 3.6379637471431105 0.000673 0.0012693921065399624 0.00017973527765683517
1926 3.6386372018785185 0.000673 0.0012392367261275415 0.00019600778524202523
1927 3.6393106505990134 0.000673 0.0008587605586849044 0.00019655561010343354
1928 3.639984093302836 0.000673 0.0011294340905365226 0.00019092860087750326
1929 3.6406575299882267 0.000673 0.0010978075756211173 0.00019412430069764628
1930 3.641330960653426 0.000673 0.0011905366759135546 0.00018915941115397303
1931 3.642004385296674 0.000673 0.0013188334987987943 0.00019630881341306866
1932 3.6426778039162127 0.000673 0.000935284285419919 0.00019729809825681866
1933 3.64335121651028 0.000673 0.001244742676562525 0.0001922693579946563
1934 3.6440246230771187 0.000673 0.0010823297396090176 0.0001934793279619294
1935 3.644698023614968 0.000673 0.0010607130879844615 0.00019309556280136625
1936 3.6453714181220693 0.000673 0.001056366286974118 0.0001930788308960001
1937 3.6460448065966617 0.000673 0.0015699139614622176 0.00018408194908142882
1938 3.6467181890369877 0.000673 0.00048215201532244255 0.00019469937373460937
1939 3.6473915654412856 0.000673 0.0012179317005026871 0.0001984155989592334
1940 3.6480649358077977 0.000673 0.0009478505687223833 0.00019791633993859276
1941 3.648738300134763 0.000673 0.0012349690559886966 0.00019539608235246092
1942 3.6494116584204233 0.000673 0.0011574929756175568 0.00019352921053911076
1943 3.6500850106630187 0.000673 0.0009249107851251796 0.00020077441590132176
1944 3.650758356860789 0.000673 0.0012300984441684611 0.00020099711111157715
1945 3.651431697011975 0.000673 0.0011263523658912188 0.00019949562395045318
1946 3.652105031114818 0.000673 0.0010805521955483733 0.0001914963186586692
1947 3.6527783591675576 0.000673 0.0012780706383815222 0.00019477930149105132
1948 3.6534516811684346 0.000673 0.000706902934718503 0.0001968944636244859
1949 3.654124997115689 0.000673 0.0012147924089228634 0.00019774516565478341
1950 3.654798307007562 0.000673 0.0011694821174952838 0.00020527921088138852
1951 3.6554716108422944 0.000673 0.0012609158028158247 0.00020097902440902257
1952 3.6561449086181255 0.000673 0.001424505942697682 0.00019565965056098601
1953 3.656818200333297 0.000673 0.0008155958451379044 0.00019153148691749595
1954 3.657491485986048 0.000673 0.0007593665658429267 0.00018763484816620838
1955 3.6581647655746203 0.000673 0.0011065971160275389 0.0001992500916122872
1956 3.6588380390972537 0.000673 0.0010997853350640616 0.00019929414496563474
1957 3.6595113065521887 0.000673 0.0011796485942089084 0.00020031854850843992
1958 3.660184567937666 0.000673 0.0009781705952698597 0.0002062812654324692
1959 3.6608578232519258 0.000673 0.0012710621999802844 0.00020438279739987564
1960 3.661531072493209 0.000673 0.0010998138506782868 0.00019750273763684387
1961 3.6622043156597557 0.000673 0.0007752779155849549 0.00019534576904661955
1962 3.6628775527498068 0.000673 0.0014814726393314105 0.0002005126070106072
1963 3.6635507837616026 0.000673 0.001015582197988984 0.00019626185064921736
1964 3.6642240086933837 0.000673 0.0009399146777495414 0.00017895873375793752
1965 3.6648972275433898 0.000673 0.0012673313761203165 0.00019740188190568543
1966 3.665570440309862 0.000673 0.001158703947534937 0.00020278379189287094
1967 3.6662436469910418 0.000673 0.0011472299575897922 0.00020357475938400036
1968 3.666916847585169 0.000673 0.0009487748097792878 0.00019655334966023374
1969 3.6675900420904823 0.000673 0.0011778543396421459 0.00020244746498583786
1970 3.6682632305052243 0.000673 0.0012734148979803676 0.00019449444518385942
1971 3.668936412827635 0.000673 0.0011823665226563104 0.0001925745442328324
1972 3.6696095890559555 0.000673 0.0010961555507366483 0.00020138037877381285
1973 3.6702827591884244 0.000673 0.0012812853399125123 0.00019572109278008645
1974 3.670955923223284 0.000673 0.0010539327626658723 0.00019082655408169768
1975 3.6716290811587733 0.000673 0.0010603827299851083 0.00019077322080449522
1976 3.6723022329931343 0.000673 0.0011585568574604718 0.0001959672947306073
1977 3.6729753787246064 0.000673 0.0010804981424296328 0.00019811846110511034
1978 3.673648518351431 0.000673 0.0007316948713900916 0.0001905170263578129
1979 3.674321651871848 0.000673 0.0005084223778152337 0.00020171926164013032
1980 3.6749947792840976 0.000673 0.001048663944454849 0.00019538520473608986
1981 3.6756679005864203 0.000673 0.000946263952571704 0.00019435813055248074
1982 3.676341015777058 0.000673 0.0010479766637862304 0.00019517190954971357
1983 3.6770141248542494 0.000673 0.0011064251387117394 0.0001967084745752568
1984 3.677687227816236 0.000673 0.0009719142611331875 0.00017500316129616508
1985 3.6783603246612575 0.000673 0.001000978972155353 0.00018849741740367486
1986 3.679033415387556 0.000673 0.0009961795251057178 0.0001935927380048135
1987 3.6797064999933697 0.000673 0.0008560746374058066 0.0001964799328181904
1988 3.680379578476941 0.000673 0.0010331286201800396 0.00019921057031259854
1989 3.6810526508365093 0.000673 0.0008489721905988728 0.00018934578443588774
1990 3.681725717070316 0.000673 0.0011750319000276982 0.00019342342058712778
1991 3.6823987771766005 0.000673 0.0013207515107219925 0.00019362009954741134
1992 3.6830718311536037 0.000673 0.0013423394555486046 0.0002006204073044078
1993 3.683744878999567 0.000673 0.0009381249196380053 0.00019755545611237807
1994 3.684417920712729 0.000673 0.0012370312337959338 0.00019926229903134845
1995 3.6850909562913317 0.000673 0.0009943549275270363 0.00020474471251232922
1996 3.6857639857336153 0.000673 0.001146129414491201 0.00018954073121073685
1997 3.68643700903782 0.000673 0.0009521060880643127 0.00019696494231398058
1998 3.6871100262021868 0.000673 0.00124686177361176 0.00019117565440184562
1999 3.687783037224955 0.000673 0.0009817571155705338 0.00019118827901508237
2000 3.6884560421043666 0.000673 0.0011131129388872287 0.00019317944533946184
2001 3.6891290408386617 0.000673 0.0009308387338871225 0.0001909150371297531
2002 3.68980203342608 0.000673 0.001282867593635587 0.0002009449887063975
2003 3.690475019864863 0.000673 0.0010252335047095905 0.00019349391260705277
2004 3.69114800015325 0.000673 0.001256935699050977 0.0001982049840497438
2005 3.6918209742894823 0.000673 0.0009797136520679293 0.00019340738320530878
2006 3.692493942271801 0.000673 0.0006978467131044342 0.00019025339118092262
2007 3.6931669040984447 0.000673 0.001088670615335004 0.0001931162470434285
2008 3.6938398597676554 0.000673 0.001104732230551742 0.0002021564390985716
2009 3.694512809277674 0.000673 0.0012334322425929098 0.00020290938081164722
2010 3.695185752626739 0.000673 0.0012117281467023192 0.00020147133996390666
2011 3.6958586898130923 0.000673 0.0008778534568818627 0.00021903015180816955
2012 3.696531620834975 0.000673 0.001160039007217389 0.0001983405413295324
2013 3.697204545690626 0.000673 0.0010586622255487682 0.00019958685460315742
2014 3.697877464378287 0.000673 0.0010773122279461506 0.0002118615503671405
2015 3.698550376896198 0.000673 0.0011261443603394132 0.0001909540117776951
2016 3.6992232832425995 0.000673 0.0012623267579636812 0.0002021837354616383
2017 3.6998961834157313 0.000673 0.0012403934690651342 0.00020434238891816123
2018 3.700569077413836 0.000673 0.0012118338553573028 0.00020284105978625916
2019 3.701241965235152 0.000673 0.00100596608370698 0.00019006005030015432
2020 3.70191484687792 0.000673 0.0011168521989741473 0.00020341323761546287
2021 3.7025877223403816 0.000673 0.0010906337077324448 0.00019974479113969872
2022 3.703260591620776 0.000673 0.0010399176754073984 0.0001953146484280715
2023 3.7039334547173453 0.000673 0.0012033999551467407 0.00019500816565822207
2024 3.7046063116283285 0.000673 0.0012539361170582086 0.00019853456866287874
2025 3.7052791623519665 0.000673 0.0009480150884168077 0.0001986568232346744
2026 3.7059520068865 0.000673 0.0008467574753455924 0.00019350993769156314
2027 3.706624845230169 0.000673 0.0011229659077904544 0.00020181192205156242
2028 3.7072976773812147 0.000673 0.0010296641987177463 0.00019593289190601132
2029 3.707970503337878 0.000673 0.0010546276680777904 0.00019675131856286213
2030 3.708643323098398 0.000673 0.0012584976324177888 0.00019892394969709057
2031 3.7093161366610157 0.000673 0.0009645437302061814 0.00020598124948618948
2032 3.709988944023972 0.000673 0.001477438435019612 0.000203184979189472
2033 3.710661745185507 0.000673 0.001225507621650929 0.00019711998527533205
2034 3.711334540143861 0.000673 0.001212524976297303 0.00019673138469725778
2035 3.7120073288972755 0.000673 0.0011554235816977326 0.0001930272641752954
2036 3.71268011144399 0.000673 0.0013340008468259168 0.0001982098428225354
2037 3.7133528877822455 0.000673 0.0012059781569554334 0.00020124257092048664
2038 3.7140256579102813 0.000673 0.0014106681150482963 0.00020065837429377608
2039 3.71469842182634 0.000673 0.0010492600333652624 0.00019925155536923281
2040 3.7153711795286606 0.000673 0.001187842977267293 0.00019603164491519408
2041 3.7160439310154834 0.000673 0.0009895795130221267 0.0002136306437517014
2042 3.71671667628505 0.000673 0.0013323769435794202 0.00024481919057450774
5 3.823030710220337 0.000672 0.0009563413501524815 0.00027591858289598885
6 3.823702335357666 0.000672 0.00112788820008347 0.0002378810257075826
7 3.824373960494995 0.000672 0.0013952841837419714 0.00021224372826542023
8 3.825045585632324 0.000672 0.0009293708490416988 0.00024283227080852194
9 3.8257172107696533 0.000672 0.0010544300889967894 0.0002069178990101419
10 3.8263888359069824 0.000672 0.0011960369648905888 0.00021558031035908996
11 3.8270606994628906 0.000671 0.000844659313583856 0.0002071864162892009
12 3.8277320861816406 0.000672 0.0011105093823030568 0.00021047784727716828
13 3.828403949737549 0.000671 0.0009156793798032781 0.00021064683235556364
14 3.829075336456299 0.000672 0.0009620711345115854 0.00021465020560383708
15 3.829746961593628 0.000672 0.0005072167202155063 0.00023222524413709492
16 3.830418586730957 0.000672 0.0013741797467448544 0.00021654159736666218
17 3.831090211868286 0.000672 0.0009772461303404973 0.0002149964415377614
18 3.8317618370056152 0.000672 0.0009834624303685453 0.0002156134811499862
19 3.8324334621429443 0.000672 0.0011520851389679478 0.0002401360478739188
20 3.8331050872802734 0.000671 0.0009991855510728383 0.0002041303137104198
21 3.8337764739990234 0.000672 0.0007558009539045758 0.00022414213441471326
22 3.8344480991363525 0.000672 0.0009367315855531456 0.00022009596134103384
23 3.8351197242736816 0.000671 0.0013404346773092102 0.00021571702135631148
24 3.8357911109924316 0.000672 0.0009017072698839967 0.00022109386571499652
25 3.8364627361297607 0.000672 0.000872750454600121 0.00022115419567816718
26 3.83713436126709 0.000671 0.0008627107742296021 0.00021781841041233624
27 3.83780574798584 0.000672 0.0008795131117237439 0.00021869403925207326
28 3.838477373123169 0.000672 0.0009258475669097898 0.00021532799972735452
29 3.839148998260498 0.000671 0.001121769842772665 0.00021408423992601693
30 3.839820384979248 0.000672 0.0010766618815799365 0.0002085552643840238
31 3.840492010116577 0.000672 0.0009343743932021574 0.00021609977999051822
32 3.8411636352539062 0.000671 0.0008237562119218659 0.00022435338978586228
33 3.8418350219726562 0.000671 0.00099180035169357 0.00022635977816229364
34 3.8425064086914062 0.000671 0.001057248620221152 0.00019263368225163021
35 3.8431777954101562 0.000672 0.001062644677166661 0.000220203888223682
36 3.8438494205474854 0.000672 0.0011249559910178877 0.00020874908435196936
37 3.8445210456848145 0.000671 0.0011926414630965992 0.00021798872414963055
38 3.8451924324035645 0.000671 0.001478750050721275 0.00022954476246689885
39 3.8458638191223145 0.000671 0.0010054468283031868 0.00021677317604117095
40 3.8465352058410645 0.000671 0.0012614530074123338 0.00021806377684471196
41 3.8472065925598145 0.000672 0.001295691420166239 0.00022267058108107058
42 3.8478782176971436 0.000671 0.0013565694815655806 0.00022273630823621874
43 3.8485496044158936 0.000672 0.0011968821580649017 0.00022427303098209372
44 3.8492212295532227 0.000671 0.0013479427444795101 0.0002140614769995441
45 3.8498926162719727 0.000671 0.0008520887045858004 0.00020213991120342011
46 3.8505640029907227 0.000671 0.0007270521344442651 0.00022464194784566142
47 3.8512353897094727 0.000671 0.0004307550810478935 0.0002072554083164636
48 3.8519067764282227 0.000671 0.001007866774389285 0.00020410744159347628
49 3.8525781631469727 0.000671 0.0012328359812611342 0.00022375748883928304
50 3.8532495498657227 0.000671 0.0010354797188957589 0.0002217032591857641
51 3.8539209365844727 0.000671 0.0010100073066643055 0.00021311667633995893
52 3.8545923233032227 0.000671 0.0007219915271076005 0.00022233093416423066
53 3.8552637100219727 0.000671 0.0007362600598315961 0.000209831515668994
54 3.8559350967407227 0.000671 0.000653023730317259 0.0002191889596283629
55 3.8566064834594727 0.000671 0.0011531949318319514 0.00023088696217529777
56 3.8572778701782227 0.000671 0.0013426849773241272 0.00021593970535589978
57 3.8579492568969727 0.000671 0.0013324067460434097 0.00022087351438621115
58 3.8586204051971436 0.000671 0.0007310745716933475 0.00021533019876555218
59 3.8592915534973145 0.000671 0.0014052090731473464 0.0002107649254402348
60 3.8599629402160645 0.000671 0.0008122195288388667 0.0002232856548495409
61 3.8606343269348145 0.000671 0.0010123068451046808 0.00020067193799290202
62 3.8613057136535645 0.000671 0.0009118472666631047 0.0002312946279500808
63 3.8619771003723145 0.000671 0.0007703496217655364 0.00021795179462632538
64 3.8626484870910645 0.000671 0.0011145035986220592 0.00021333962783892232
65 3.8633196353912354 0.000671 0.0008860558879378439 0.00021644079122969787
66 3.8639907836914062 0.000671 0.0011250355338196776 0.00023786950031810344
67 3.8646621704101562 0.000671 0.0011152930290111568 0.00021524635463950834
68 3.8653335571289062 0.000671 0.0014354293853444024 0.0002135680839701315
69 3.8660049438476562 0.000671 0.0008608376325084111 0.00022624019180386625
70 3.866675853729248 0.000671 0.0007869642963623319 0.00020991502265418565
71 3.867347240447998 0.000671 0.0012197046549187762 0.00020833989373113135
72 3.868018627166748 0.000671 0.0008537619481953422 0.00022112976556538705
73 3.868689775466919 0.000671 0.001251251606298018 0.00021044725652119594
74 3.86936092376709 0.000671 0.0012160729645933678 0.00020926387927275525
75 3.87003231048584 0.000671 0.000900683076748769 0.0002146831884510117
76 3.87070369720459 0.000671 0.0012556268689733628 0.00021266688029345296
77 3.8713746070861816 0.000671 0.000934700820590299 0.00021508027396046592
78 3.8720459938049316 0.000671 0.0011753769961239794 0.0002214183505002831
79 3.8727171421051025 0.000671 0.0011267539896913912 0.00022419297489596684
80 3.8733882904052734 0.000671 0.00139482494631025 0.00019866347373905302
81 3.8740596771240234 0.000671 0.0014721683629837692 0.00022204953208513478
82 3.8747305870056152 0.000671 0.0011896257771771281 0.00021423134979460347
83 3.8754019737243652 0.000671 0.0006474562970784162 0.00020925526517537977
84 3.876072883605957 0.000671 0.001105379705131145 0.00022656327569955365
85 3.876744270324707 0.000671 0.0010189942803772896 0.00021906426291465192
86 3.877415657043457 0.000671 0.0010120197286425186 0.0002151745838421696
87 3.878086566925049 0.000671 0.0010339212159976624 0.00022680223183966575
88 3.878757953643799 0.000671 0.0011357084208409238 0.0002138841680587832
89 3.8794288635253906 0.000671 0.0014074279584587936 0.0002223806859316973
90 3.8801002502441406 0.000671 0.0009904440931734317 0.00020715978185288723
91 3.8807711601257324 0.000671 0.0010227546531336507 0.00023191767325492256
92 3.881442070007324 0.000671 0.0008939831786728907 0.00023167854118108175
93 3.882113456726074 0.000671 0.0011824116885339557 0.00020938404639520591
94 3.882784366607666 0.000671 0.0013985396495031202 0.0002070561083847739
95 3.883455753326416 0.000671 0.0014190951729486907 0.00021810197666670192
96 3.884126663208008 0.000671 0.0010599063184660647 0.0002240167633038828
97 3.884798049926758 0.000671 0.0012280467332746983 0.0002167385095242562
98 3.8854689598083496 0.000671 0.001300958449275708 0.0002124021105740115
99 3.8861398696899414 0.000671 0.0010416994460364611 0.0002254070337028298
100 3.8868112564086914 0.000671 0.0012178740560534786 0.0002292674888515518
101 3.887482166290283 0.000671 0.0012285999755777587 0.00021686199374898802
102 3.888153076171875 0.000671 0.0011869841765199491 0.00021166905648843166
103 3.888824462890625 0.000671 0.00084055073231152 0.00022005929183306324
104 3.889495372772217 0.000671 0.0009762882299625956 0.00022438739317865315
105 3.8901662826538086 0.000671 0.0006038272236036548 0.00021126600256563593
106 3.8908374309539795 0.000671 0.0008153976202410267 0.00023715333073368058
107 3.8915085792541504 0.000671 0.0013167873656913724 0.00020674693280971503
108 3.892179489135742 0.000671 0.0011299397339040004 0.0002213610600013271
109 3.892850399017334 0.000671 0.0011388671355104223 0.00022041001714204273
110 3.893521308898926 0.000671 0.0007215943451131119 0.0002230104568915713
111 3.894192695617676 0.000671 0.0009539321156296116 0.0002478454045578627
112 3.8948636054992676 0.000671 0.0013968684678284673 0.00021931757045190567
113 3.8955345153808594 0.000671 0.000783734214980254 0.00021704885533166824
114 3.896205425262451 0.000671 0.0006207911903977116 0.00021298595465988381
115 3.896876335144043 0.000671 0.0008050031637064155 0.00021947716171055856
116 3.8975472450256348 0.000671 0.000737309374130457 0.00022204839884248424
117 3.8982186317443848 0.000671 0.001120918257276509 0.00022931873647606606
118 3.8988895416259766 0.000671 0.0011915774194130608 0.0002124553540807464
119 3.8995604515075684 0.000671 0.0011139384926616748 0.00022251219348410733
120 3.90023136138916 0.000671 0.0008022615053597565 0.00022015849199168505
121 3.900902271270752 0.000671 0.0009598924630447174 0.00024383629257574053
122 3.9015731811523438 0.000671 0.0012257896485049753 0.00021638776661614666
123 3.9022440910339355 0.000671 0.00135897876626656 0.00021763333060238784
124 3.9029150009155273 0.000671 0.001169084470200702 0.00020264439265940814
125 3.903585910797119 0.000671 0.001260200369713793 0.00022419574827461895
126 3.904256820678711 0.000671 0.000867589054531651 0.0002171760504087234
127 3.9049277305603027 0.000671 0.0007968577933825966 0.00021405362607404134
128 3.9055986404418945 0.000671 0.0012617382488758306 0.00022292012651640894
129 3.9062695503234863 0.000671 0.0011640208078022973 0.00023168569302807322
130 3.906940460205078 0.000671 0.0011117950462768305 0.00022656915968908282
131 3.90761137008667 0.000671 0.0012078866432191375 0.00021461128208523781
132 3.9082822799682617 0.000671 0.00105095206768137 0.0002277751420395787
133 3.9089531898498535 0.000671 0.0010454447962525801 0.00022412963170852245
134 3.9096240997314453 0.000671 0.0007631694625990687 0.00024068601379587906
135 3.910294771194458 0.000671 0.0012402136527820047 0.0002458602446921271
136 3.9109654426574707 0.000671 0.0009058987363848622 0.00022504549462196136
137 3.9116363525390625 0.000671 0.0009904980728990037 0.000221135546616449
138 3.9123072624206543 0.000671 0.0007126999524310188 0.00023202189482419654
139 3.912978172302246 0.000671 0.0009616788285434437 0.00021536519341028193
140 3.913649082183838 0.000671 0.0007747123259698178 0.00024107838988082937
141 3.9143197536468506 0.000671 0.0006496899835724361 0.0002199732113099829
142 3.9149904251098633 0.000671 0.0008281165791857467 0.00022128971428457344
143 3.915661334991455 0.000671 0.0009399781121194278 0.0002314759619211
144 3.916332244873047 0.000671 0.0007114022035309279 0.00021736642115429544
145 3.9170029163360596 0.000671 0.0008013726860827974 0.0002162025853131568
146 3.9176735877990723 0.000671 0.0010613143588091918 0.00021286551879963649
147 3.918344497680664 0.000671 0.0011130532329475314 0.00022279011134579665
148 3.919015407562256 0.000671 0.0010748644068214247 0.00023014501470004545
149 3.9196860790252686 0.000671 0.0008954127540517878 0.00021609808659134823
150 3.9203567504882812 0.000671 0.0007504107544536956 0.0002426507718799327
151 3.921027660369873 0.000671 0.0007055222280149511 0.00024279019236024484
152 3.9216983318328857 0.000671 0.0012454399177814087 0.00022167893963384556
153 3.9223690032958984 0.000671 0.001144414652394182 0.00023068432478082782
154 3.9230399131774902 0.00067 0.0011184418858357862 0.00022766127874697615
155 3.923710346221924 0.000671 0.0012648562379760997 0.00024171641325109117
156 3.9243812561035156 0.000671 0.0012302364991248922 0.00022075112359043423
157 3.9250519275665283 0.000671 0.0010262850507237805 0.00023184800847572408
158 3.925722599029541 0.000671 0.001434423524387679 0.00022202309565270994
159 3.926393508911133 0.00067 0.0005434737071159865 0.00022181175713161894
160 3.9270639419555664 0.000671 0.0008298661570734652 0.0002201180465313032
161 3.927734851837158 0.00067 0.000853056941023607 0.0002049804694333293
162 3.928405284881592 0.000671 0.0007077234222030216 0.00022335279615653982
163 3.9290761947631836 0.00067 0.0011228523961927784 0.00022347784453100706
164 3.929746627807617 0.000671 0.0013961540201278722 0.00021853581221569965
165 3.930417537689209 0.00067 0.001259451634808521 0.00024505313402180495
166 3.9310879707336426 0.000671 0.0010568128274096 0.0002283973857645284
167 3.9317586421966553 0.000671 0.0008027608002883652 0.00023704980249391315
168 3.932429313659668 0.000671 0.0015277177287484956 0.00023868526647510558
169 3.9330999851226807 0.000671 0.0009400839760236877 0.00022109727449284714
170 3.9337706565856934 0.00067 0.0009778292690658576 0.00024083315486042098
171 3.934441089630127 0.000671 0.0010120761740382896 0.0002582044581173465
172 3.9351119995117188 0.00067 0.0008282380608541087 0.00022806668415294948
173 3.9357824325561523 0.000671 0.0011891959636329474 0.00023442626574430648
174 3.936453104019165 0.000671 0.000927577737939121 0.00024778166967395754
175 3.9371237754821777 0.00067 0.000814909046912471 0.0002215159851480228
176 3.9377942085266113 0.000671 0.0012793075163222692 0.00021781902190989296
177 3.938464879989624 0.000671 0.0012238213358680664 0.00023666060912416075
178 3.9391355514526367 0.00067 0.0010608017065944786 0.00021919423674713088
179 3.9398059844970703 0.00067 0.0010139523524638322 0.00022317357304663763
180 3.940476417541504 0.000671 0.0012007375444137874 0.00022489300692860753
181 3.9411470890045166 0.000671 0.0007218382770593401 0.0002299596618751785
182 3.9418177604675293 0.00067 0.001351683134039834 0.00023736105451564038
183 3.942488193511963 0.00067 0.0012179690644346492 0.00023092900940774043
184 3.9431586265563965 0.000671 0.0008324192015950384 0.00021651474449343541
185 3.943829298019409 0.00067 0.0016079243637217302 0.00022052019450145683
186 3.9444997310638428 0.000671 0.0008494944519035628 0.00020986643824167481
187 3.9451704025268555 0.00067 0.0007470439669431369 0.0002178300697100874
188 3.945840835571289 0.00067 0.0011177158923356668 0.00021967212557586226
189 3.9465112686157227 0.00067 0.000835444954184678 0.00022752195409105522
190 3.9471817016601562 0.000671 0.0009763711528115138 0.0002238081214874929
191 3.947852373123169 0.00067 0.0009249317159575957 0.00029570486828310317
192 3.9485228061676025 0.00067 0.0013890661815237938 0.00021990662625257515
193 3.949193239212036 0.00067 0.0012216627285418233 0.00022525525642809092
194 3.9498636722564697 0.000671 0.0011370375111133114 0.00023696151475507705
195 3.9505343437194824 0.00067 0.001011546477202713 0.00021849410525720238
196 3.951204776763916 0.00067 0.0009353964614332966 0.0002164030601011038
197 3.9518752098083496 0.00067 0.0007868812091896203 0.00023137382901959301
198 3.952545642852783 0.00067 0.0010932200482262277 0.0002299276609430254
199 3.953216075897217 0.00067 0.0011377959206386832 0.00022311592052693137
200 3.9538865089416504 0.00067 0.0008202229880639103 0.00022022093953552886
201 3.954556941986084 0.00067 0.0006959898978650922 0.00022306867137243953
202 3.9552273750305176 0.00067 0.0014041170403942694 0.00022842622357343908
203 3.955897808074951 0.00067 0.0014039497988577753 0.00022501225234833344
204 3.9565680027008057 0.00067 0.0011520492758027706 0.00023124322725525154
205 3.9572384357452393 0.00067 0.0010761573045641047 0.00023546898302322536
206 3.957908868789673 0.00067 0.001160564270169626 0.0002233509259946476
207 3.9585793018341064 0.00067 0.0012329529380993448 0.00022397652914451659
208 3.95924973487854 0.00067 0.0009194480124644095 0.00023555152419463726
209 3.9599199295043945 0.00067 0.0011175217377568545 0.00021921047171927956
210 3.960590362548828 0.00067 0.0008576716108584612 0.0002197506512215199
211 3.9612607955932617 0.00067 0.0009443173809246934 0.00022131059567358973
212 3.9619312286376953 0.00067 0.001313947836339458 0.00022398928917545985
213 3.96260142326355 0.00067 0.0008714225631326386 0.00022916723358145304
214 3.9632718563079834 0.000639 0.0011092902374249245 0.00022234288709501186
215 3.9639108180999756 0.00067 0.0012275295720821906 0.0002197645360727015
216 3.964581251144409 0.00067 0.0014039265150607718 0.0002173253219324354
217 3.9652516841888428 0.00067 0.0016307700975407185 0.0002500363012839124
218 3.9659218788146973 0.00067 0.0011349589414320152 0.0002190760574978297
219 3.966592311859131 0.00067 0.0013036721556524927 0.00022166830033505642
220 3.9672625064849854 0.00067 0.0010422938962448493 0.00022300216696773662
221 3.96793270111084 0.00067 0.000985743216501078 0.00022808688559018472
222 3.9686031341552734 0.00067 0.001301939011245333 0.0002531450279361421
223 3.969273328781128 0.00067 0.0014859501916658585 0.00022739426366870065
224 3.9699435234069824 0.00067 0.0011118902105614573 0.00023373260742187935
225 3.970613956451416 0.00067 0.0010461368582481846 0.00023145549180776128
226 3.9712841510772705 0.00067 0.0009191843507457367 0.0002654419993197795
227 3.971954345703125 0.00067 0.0010063896617399318 0.00021730876088982412
228 3.9726247787475586 0.00067 0.0010667892574572689 0.0002186280882090741
229 3.973294973373413 0.00067 0.0011056468429006582 0.0002157409193333557
230 3.9739651679992676 0.00067 0.0011446469151463858 0.00021188328186012967
231 3.974635362625122 0.00067 0.0008244229470389449 0.00023381587342059077
232 3.9753055572509766 0.00067 0.0013490712076936274 0.00022110819159654093
233 3.975975751876831 0.00067 0.0010523412406410952 0.0002179115147065696
234 3.9766459465026855 0.00067 0.001323599105707016 0.00022203885429326317
235 3.97731614112854 0.00067 0.0008973198917180175 0.00022368659072412105
236 3.9779863357543945 0.00067 0.0011302401422903262 0.0002326641433602067
237 3.978656530380249 0.00067 0.0008768252687510914 0.00022284990883962626
238 3.9793267250061035 0.00067 0.0009566150042893309 0.0002773721642105651
239 3.979996919631958 0.00067 0.0008877319013008885 0.00023561019734665478
240 3.9806671142578125 0.00067 0.00041252194473700467 0.00030023105363219274
241 3.981337308883667 0.00067 0.0007376594857342001 0.00025036572182129366
242 3.9820075035095215 0.00067 0.0008746900115871523 0.00027691576218245325
243 3.982677698135376 0.00067 0.0012522577721129355 0.00022529369630611005
244 3.9833476543426514 0.00067 0.0012672454868421228 0.00024089087076402982
245 3.984017848968506 0.00067 0.0010202123908978945 0.00021572336798264066
246 3.9846880435943604 0.00067 0.0008772679350073057 0.0002288108652217181
247 3.985358238220215 0.00067 0.0011455446875441254 0.00022294244264768314
248 3.9860281944274902 0.00067 0.0013101352578692381 0.0002189170302541928
249 3.9866983890533447 0.00067 0.0009162399253045421 0.0002290649606033677
250 3.987368583679199 0.00067 0.0011658065941733396 0.0002421979971049786
251 3.9880385398864746 0.00067 0.000926797789055625 0.00022366740015084699
252 3.988708734512329 0.00067 0.0010868215082959012 0.0002338834516930613
253 3.9893786907196045 0.00067 0.0011834657914425615 0.00022895079239400434
254 3.990048885345459 0.00067 0.0011247670154137185 0.00023486278550239814
255 3.9907188415527344 0.00067 0.0010543340582579697 0.00025105822162426556
256 3.991389036178589 0.00067 0.000929332896731797 0.00022852234921875373
257 3.9920589923858643 0.00067 0.001586284197758372 0.0002277470456640069
258 3.9927291870117188 0.00067 0.0015294764105397624 0.00022749256328526637
259 3.993399143218994 0.00067 0.0012500680344213985 0.00022896691300205627
260 3.9940690994262695 0.00067 0.0009929227173638183 0.0002219774588126018
261 3.994739294052124 0.00067 0.0013198432108801827 0.0002383188148808967
262 3.9954092502593994 0.00067 0.0014171878054632663 0.00024737010441702734
263 3.996079206466675 0.00067 0.0013096617690979743 0.00022626215684077983
264 3.99674916267395 0.00067 0.001116521571989742 0.00022559429673818922
265 3.9974193572998047 0.00067 0.0011879308601214361 0.000256653031963822
266 3.99808931350708 0.00067 0.0010349808486063766 0.0002190735702736713
267 3.9987592697143555 0.00067 0.0011892692161167852 0.00025716541922510077
268 3.999429225921631 0.00067 0.0006810600551821362 0.00022777504559325817
269 4.000099182128906 0.00067 0.0007426619786684769 0.0002567781410871665
270 4.000769138336182 0.00067 0.001214907191982765 0.0002433112779829011
271 4.001439094543457 0.00067 0.0010198704993201692 0.00022298247270979398
272 4.002109050750732 0.00067 0.0012471989624821917 0.00023467829037882184
273 4.002779006958008 0.00067 0.000925056633366043 0.00024083727933919794
274 4.003448963165283 0.00067 0.0011618332454635858 0.00022619859615369847
275 4.004118919372559 0.00067 0.0013738307657709381 0.00022618523645319248
276 4.004788875579834 0.00067 0.001388147575312752 0.00022964576011815416
277 4.005458831787109 0.00067 0.0011853013861945674 0.0002336030596187601
278 4.006128787994385 0.00067 0.0008795935961864247 0.0002262037326543674
279 4.00679874420166 0.00067 0.0011153104313752567 0.00023067515590005603
280 4.0074687004089355 0.000669 0.0011733303762738656 0.00025855970517132146
281 4.008138179779053 0.00067 0.001359698349032644 0.00023023719119101817
282 4.008808135986328 0.00067 0.0007550122989043932 0.00027585726528661344
283 4.0094780921936035 0.00067 0.0012258029472292536 0.00022756111629041966
284 4.010148048400879 0.00067 0.00107550428068905 0.00022612036821573837
285 4.010818004608154 0.00067 0.001170439402449854 0.0002588179955096731
286 4.01148796081543 0.000669 0.001139320997591634 0.00022736584299884468
287 4.012157440185547 0.00067 0.0010450091886707005 0.0002229512124161419
288 4.012827396392822 0.00067 0.0006098040117925242 0.00024964671073824854
289 4.013497352600098 0.00067 0.0008208550104807668 0.00023225340373994054
290 4.014167308807373 0.00067 0.0013538875713797677 0.000244786041952666
291 4.014837265014648 0.000669 0.000903775005636298 0.000222928760967829
292 4.015506744384766 0.00067 0.001398407844180813 0.00023562346576614778
293 4.016176700592041 0.00067 0.0008066470550154071 0.000235135125617964
294 4.016846656799316 0.000669 0.0012702017582778074 0.0002824148156807277
295 4.017516136169434 0.00067 0.0008950150047770729 0.0002404328514493365
296 4.018186092376709 0.00067 0.0010939661315750734 0.0002329805460157832
297 4.018856048583984 0.000669 0.00081029872049726 0.00023080073209581686
298 4.019525527954102 0.00067 0.0010301805221175574 0.00023619796683532033
299 4.020195484161377 0.00067 0.0008152035271198567 0.00025037237920086587
300 4.020865440368652 0.000669 0.0007667817121291536 0.00023284648908647587
301 4.0215349197387695 0.00067 0.0008404231633953165 0.0002432973721663253
302 4.022204875946045 0.000669 0.0009980162030676486 0.000252484429427326
303 4.022874355316162 0.00067 0.0009317847472265746 0.00023918156626052454
304 4.0235443115234375 0.000669 0.0007783614335675046 0.0002348993929038417
305 4.024213790893555 0.00067 0.000962041636012307 0.00023753437136424919
306 4.02488374710083 0.000669 0.001137368713101146 0.000242469950807761
307 4.025553226470947 0.00067 0.00112307445241724 0.0002476572326811141
308 4.026223182678223 0.000669 0.0009234124922366047 0.00022585038966682869
309 4.02689266204834 0.00067 0.0016053933341456687 0.00026490971785129156
310 4.027562618255615 0.000669 0.0010894493550092407 0.0002739883892358008
311 4.028232097625732 0.00067 0.0012544074631126272 0.0002310220868430717
312 4.028902053833008 0.000669 0.0009619103932163174 0.00023667024869044158
313 4.029571533203125 0.00067 0.0011917246184569318 0.0002407388316410946
314 4.0302414894104 0.000669 0.001103864925891043 0.000229794818598522
315 4.030910968780518 0.000669 0.0012627624994298388 0.00022855248374142152
316 4.031580448150635 0.00067 0.0005215045743764441 0.0002354546140798173
317 4.03225040435791 0.000669 0.0012582941402236622 0.00023725940056988198
318 4.032919883728027 0.000669 0.0011702286603985632 0.0002322837475612809
319 4.0335893630981445 0.00067 0.0009588591398274861 0.00022901777851403647
320 4.03425931930542 0.000669 0.0008525081389623556 0.00022722845303912594
321 4.034928798675537 0.000669 0.0006439160799641313 0.00022490775115813119
322 4.035598278045654 0.00067 0.0010071734746791917 0.00024303163570395738
323 4.03626823425293 0.000669 0.0012058287402905376 0.0002373084219226085
324 4.036937713623047 0.000669 0.0011936363718389196 0.0002485162350208499
325 4.037607192993164 0.000669 0.0011740475704875896 0.0002553105570218278
326 4.038276672363281 0.00067 0.000716811030612949 0.00023012845493937222
327 4.038946628570557 0.000669 0.0014241989819948867 0.00023971643222907386
328 4.039616107940674 0.000669 0.0010956682505603949 0.0002657888485895185
329 4.040285587310791 0.000669 0.0011211789753884285 0.00023219939872413145
330 4.040955066680908 0.000669 0.0006170521999238269 0.00023321886009642192
331 4.041624546051025 0.00067 0.0009908770589742884 0.00025173720449333294
332 4.042294502258301 0.000669 0.001152725639334883 0.00025920983575802387
333 4.042963981628418 0.000669 0.0012401066313765887 0.0002587153163743819
334 4.043633460998535 0.000669 0.0012455102207423884 0.0002278383842190689
335 4.044302940368652 0.000669 0.001061046592808849 0.00024275640919816952
336 4.0449724197387695 0.000669 0.0006911260394962732 0.00025267551938092217
337 4.045641899108887 0.000669 0.0008925523827028003 0.00024251245480368585
338 4.046311378479004 0.000669 0.0009944233585765555 0.0002459270631062398
339 4.046980857849121 0.000669 0.0008937663975719413 0.00025192158523230847
340 4.047650337219238 0.000669 0.00075216183266875 0.0002318913165961211
341 4.0483198165893555 0.000669 0.0009640000625273535 0.000246083715234325
342 4.048989295959473 0.000669 0.0006627403044036441 0.0002472389712680618
343 4.04965877532959 0.000669 0.001193874806994009 0.0002448384722778995
344 4.050328254699707 0.000669 0.001133677016467276 0.00027644891451263754
345 4.050997734069824 0.000669 0.0012510504530331976 0.00024139807798528268
346 4.051667213439941 0.000669 0.0007071418281606656 0.00026896411163486016
347 4.052336692810059 0.000669 0.0011344193233057808 0.000271414563950303
348 4.053006172180176 0.000669 0.0011144343945465934 0.00023726035869184677
349 4.053675651550293 0.000669 0.001307880050478822 0.00023026321912418202
350 4.05434513092041 0.000669 0.001429408140007976 0.00026969969376701246
351 4.055014610290527 0.000669 0.001359846614302902 0.00025125947854957127
352 4.0556840896606445 0.000669 0.0010448591869000067 0.00024890804381175663
353 4.056353569030762 0.000669 0.0008023860183893692 0.0002711811765525816
354 4.057023048400879 0.000669 0.0006511327244798409 0.0002729573473145841
355 4.057692050933838 0.000669 0.0010647560563275208 0.00025115958716899055
356 4.058361530303955 0.000669 0.0011105275431183745 0.00024608199681175206
357 4.059031009674072 0.000669 0.0008038430983180595 0.000247574636221661
358 4.0597004890441895 0.000669 0.0009495584461706535 0.00025133196637146406
359 4.060369968414307 0.000669 0.0010642355028711906 0.00022299984410133577
360 4.061038970947266 0.000669 0.0012002097547576052 0.0002561305246465164
361 4.061708450317383 0.000669 0.0015152296659247343 0.0002754011647398391
362 4.0623779296875 0.000669 0.0009994245256772915 0.00026637926461608617
363 4.063047409057617 0.000669 0.0007948832995708336 0.00025573733936892356
364 4.063716411590576 0.000669 0.0009833377733283245 0.0002528195410169165
365 4.064385890960693 0.000669 0.0012745371915878214 0.00024034686576532513
366 4.0650553703308105 0.000669 0.0013834130730690538 0.00023673924375229368
367 4.0657243728637695 0.000669 0.0010082181794870877 0.00024116914205428203
368 4.066393852233887 0.000669 0.0007906857347699347 0.0002310033322486901
369 4.067063331604004 0.000669 0.0009941333096065202 0.00027000667371154775
370 4.067732334136963 0.000669 0.0012258445532804102 0.0002145859154450755
371 4.06840181350708 0.000669 0.0012101064375049926 0.00023724452210428413
372 4.069070816040039 0.000669 0.0007281662392379408 0.00025020429386135145
373 4.069740295410156 0.000669 0.0007509715366690589 0.00026027965750692584
374 4.070409297943115 0.000669 0.001175716577242736 0.00027225192780032105
375 4.071078777313232 0.000669 0.001519061279765704 0.0002601804170137529
376 4.07174825668335 0.000669 0.0013780973952630961 0.00027391340709325047
377 4.072417259216309 0.000669 0.0008342237007245931 0.00024072880415953543
378 4.073086738586426 0.000669 0.0007455402343267148 0.00023728365700291556
379 4.073755741119385 0.000669 0.0009546079056708574 0.0002543179169007166
380 4.074425220489502 0.000669 0.0009892285371164173 0.00024908710726484517
381 4.075094223022461 0.000669 0.0006957604376613142 0.00025178057341723335
382 4.07576322555542 0.000669 0.0011697104202357635 0.0002530796228226065
383 4.076432704925537 0.000669 0.0010109851936324953 0.00024895063655402635
384 4.077101707458496 0.000669 0.0008321230963961067 0.00025407089131125897
385 4.077771186828613 0.000669 0.0009987958276928216 0.0002722251789376514
386 4.078440189361572 0.000669 0.0012405084241763036 0.0002471235994726477
387 4.079109191894531 0.000669 0.001303097255059428 0.0002520317274159447
388 4.079778671264648 0.000669 0.0010339202939369865 0.0002403914380341599
389 4.080447673797607 0.000669 0.00162823335407629 0.0002392177296014284
390 4.081116676330566 0.000669 0.0011001678391013596 0.00030646576760613524
391 4.081786155700684 0.000669 0.0013793672074868912 0.00024757932687371754
392 4.082455158233643 0.000669 0.0016308447528330103 0.00027599060872357295
393 4.083124160766602 0.000669 0.0006808085500981492 0.00029640912185696416
394 4.083793640136719 0.000669 0.0011891053814098932 0.00026348990819683376
395 4.084462642669678 0.000669 0.0008739606746526486 0.00028278256808693793
396 4.085131645202637 0.000669 0.001420150156448245 0.00024998659628467653
397 4.085800647735596 0.000669 0.0010022775119862028 0.0002652638509683413
398 4.086470127105713 0.000669 0.0009898113138252288 0.00025136195278365164
399 4.087139129638672 0.000669 0.0008686444154708004 0.00026914158913232303
400 4.087808132171631 0.000669 0.001184524048325542 0.0002673175474857993
401 4.08847713470459 0.000669 0.0009123499727612157 0.000248614571672013
402 4.089146137237549 0.000669 0.0007385823502256733 0.0002634680230714384
403 4.089815139770508 0.000669 0.001210531267362206 0.00024702822653470576
404 4.090484619140625 0.000669 0.0011039387684023882 0.0002484728122334221
405 4.091153621673584 0.000669 0.0015554418106388562 0.0002448387784700429
406 4.091822624206543 0.000669 0.0010121817590834175 0.0002731161108559019
407 4.092491626739502 0.000669 0.0006153811735037397 0.00023810060174991171
408 4.093160629272461 0.000669 0.0009500650214921396 0.0002683546650710216
409 4.09382963180542 0.000669 0.0008653212569921212 0.000267441559675478
410 4.094498634338379 0.000669 0.0007769136732769115 0.00027594073270908776
411 4.095167636871338 0.000669 0.0010670441855305402 0.0002527764633202385
412 4.095836639404297 0.000669 0.0007033024354732668 0.00023469417449044819
413 4.096505641937256 0.000669 0.001001683318003186 0.0002815945651684509
414 4.097174644470215 0.000669 0.0008718227609063415 0.0002612105184640628
415 4.097843647003174 0.000669 0.0012321652533227624 0.0002472740938930236
416 4.098512649536133 0.000669 0.0009359692489012722 0.00026102372213587577
417 4.099181652069092 0.000669 0.0009080590735721173 0.00026376501780218947
418 4.099850654602051 0.000669 0.0009753949081296643 0.0002358798835984141
419 4.10051965713501 0.000669 0.001081867013941385 0.00026907708509476804
420 4.101188659667969 0.000669 0.0006788202643899652 0.00023803531693342012
421 4.101857662200928 0.000669 0.0011789536945382532 0.0002600003856242011
422 4.1025261878967285 0.000669 0.001255555763939615 0.0002457164276566708
423 4.1031951904296875 0.000669 0.0006594334815563241 0.0002588175541354834
424 4.1038641929626465 0.000669 0.0010247328155704523 0.00025015344724127546
425 4.1045331954956055 0.000669 0.0006684795096400968 0.0002686156477416625
426 4.1052021980285645 0.000669 0.0014297558450647556 0.0002471289263745896
427 4.105871200561523 0.000669 0.0013032697635446309 0.0002613161245738674
428 4.106539726257324 0.000669 0.0005966940915365319 0.00026428045439471146
429 4.107208728790283 0.000669 0.001198195927302895 0.0002526901841312916
430 4.107877731323242 0.000669 0.0010784014532661305 0.00024108100236172342
431 4.108546733856201 0.000669 0.0005855282969141479 0.00023749921748776143
432 4.109215259552002 0.000669 0.0008655155592683598 0.0002473906213785081
433 4.109884262084961 0.000669 0.0007615206192655448 0.00027356403476314555
434 4.11055326461792 0.000669 0.0011424603035019494 0.00024799621827150444
435 4.111221790313721 0.000669 0.0008794338658044813 0.0002513081030435346
436 4.11189079284668 0.000669 0.0012788575814778325 0.0002490389858561153
437 4.112559795379639 0.000669 0.0008377650028954219 0.0002635194985185407
438 4.1132283210754395 0.000669 0.0013595043543052393 0.0002458543799541688
439 4.113897323608398 0.000669 0.0010679247758454652 0.0002470956622223522
440 4.114566326141357 0.000669 0.0008532300533390107 0.0002528885219206913
441 4.115234851837158 0.000669 0.0011536218327474843 0.0003194807359746501
442 4.115903854370117 0.000669 0.0008869814230324394 0.0002477478989333538
443 4.116572380065918 0.000669 0.0012303843458987707 0.00025550487021313634
444 4.117241382598877 0.000669 0.0009441944752211329 0.0002552204179299602
445 4.117909908294678 0.000669 0.0008001588100860645 0.000259505922165161
446 4.118578910827637 0.000669 0.0010953078262689324 0.00025668738409306987
447 4.1192474365234375 0.000669 0.0007831498437939717 0.0002562483109198218
448 4.1199164390563965 0.000669 0.0012794066040006274 0.0002489280093164344
449 4.120584964752197 0.000669 0.0006705104037199739 0.00025943554483140376
450 4.121253967285156 0.000669 0.0005539414527266702 0.00026126202637593606
451 4.121922492980957 0.000669 0.0011183216950486092 0.0002448859972663265
452 4.122591495513916 0.000669 0.0006352416919492762 0.00027312879881327614
453 4.123260021209717 0.000669 0.0011313778656147225 0.0002541507333620028
454 4.123928546905518 0.000669 0.001118287544767824 0.00025272333296233105
455 4.124597549438477 0.000669 0.0014310901343352694 0.0002505337136892184
456 4.125266075134277 0.000669 0.0009672178683747111 0.00024158810373727817
457 4.125935077667236 0.000669 0.0011720346192407374 0.0002441410243355887
458 4.126603603363037 0.000637 0.0019461297323365863 0.00025569592973650915
459 4.1272406578063965 0.000669 0.001574522320631418 0.000272493033035088
460 4.1279096603393555 0.000669 0.0013647034802460655 0.00024596577815028624
461 4.128578186035156 0.000669 0.0010037208746383616 0.0002577737434192507
462 4.129246711730957 0.000669 0.0009482860265978304 0.0002545704797525393
463 4.129915237426758 0.000669 0.0009006646847467024 0.00025048494425775563
464 4.130584239959717 0.000669 0.0010686707074182807 0.00020972031275238233
465 4.131252765655518 0.000669 0.0010557549576574654 0.0002495033983367192
466 4.131921291351318 0.000669 0.0012468246194882594 0.00025180675124854404
467 4.132589817047119 0.000669 0.0009250193265068853 0.00026760999611916646
468 4.133258819580078 0.000669 0.0010743542546129206 0.00023580711924005288
469 4.133927345275879 0.000669 0.0006489287794147122 0.0002686336578804035
470 4.13459587097168 0.000669 0.0011575923554406696 0.00025077792538566067
471 4.1352643966674805 0.000669 0.0008946923889813996 0.0002556547437116505
472 4.135932922363281 0.000669 0.0006702558724292478 0.00028589794686979326
473 4.136601448059082 0.000669 0.0011871099504566626 0.0002732693219339129
474 4.137269973754883 0.000669 0.0009793714671739533 0.00024842718961040687
475 4.137938499450684 0.000669 0.0010717413065706098 0.00028047430626250376
476 4.138607501983643 0.000669 0.0007138976434366744 0.00025154759922225186
477 4.139276027679443 0.000669 0.0009090002950540976 0.0002431668663396568
478 4.139944553375244 0.000669 0.0010878254411820203 0.0002593248240256848
479 4.140613079071045 0.000669 0.0013681360917075598 0.0002676592422702796
480 4.141281604766846 0.000669 0.0003656459438947713 0.00027300931059308814
481 4.1419501304626465 0.000669 0.0008565357169077937 0.00026217747338004864
482 4.142618656158447 0.000669 0.0008978537044777689 0.00024392163782079387
483 4.143287181854248 0.000669 0.0015268685429597846 0.0002484970384237482
484 4.143955707550049 0.000669 0.0012743034788393558 0.0002480829776579199
485 4.14462423324585 0.000668 0.0012254390280861845 0.0002542213244815319
486 4.145292282104492 0.000669 0.0012170979627263963 0.00024722067334137087
487 4.145960807800293 0.000669 0.001292585906344327 0.00025388462040725564
488 4.146629333496094 0.000669 0.0010025425676562683 0.0002452517017279495
489 4.1472978591918945 0.000669 0.0010755817948653445 0.00024834055187479244
490 4.147966384887695 0.000669 0.0011712541234838911 0.0002406319749844881
491 4.148634910583496 0.000669 0.0010732564809931772 0.00027097310620262464
492 4.149303436279297 0.000669 0.001520334566865113 0.00025518612744513893
493 4.149971961975098 0.000668 0.0009837168530592586 0.0002541696029850553
494 4.15064001083374 0.000669 0.000457999210086368 0.0002589589792750035
495 4.151308536529541 0.000669 0.001319394012459181 0.00025764442658301676
496 4.151977062225342 0.000669 0.0007110240185331583 0.00026548886841029883
497 4.152645587921143 0.000668 0.0006327266819595896 0.00025583024507745667
498 4.153313636779785 0.000669 0.0006435587005892202 0.00032846686468228055
499 4.153982162475586 0.000669 0.0012984656124311624 0.000247132312659164
500 4.154650688171387 0.000669 0.0009398572150071656 0.00024906486533314543
501 4.1553192138671875 0.000668 0.00117667191361663 0.000258379795689358
502 4.15598726272583 0.000669 0.001051825094714046 0.00024654619943151773
503 4.156655788421631 0.000669 0.0014113691701598337 0.0002506731364240437
504 4.157324314117432 0.000668 0.0010140052472295247 0.0002522004361228301
505 4.157992362976074 0.000669 0.0015329791741170624 0.00026458709333395015
506 4.158660888671875 0.000669 0.0014168101589327306 0.00027656117939763323
507 4.159329414367676 0.000637 0.0012643715125055838 0.0002579515663305181
508 4.159965991973877 0.000669 0.0006979901099644548 0.0002710687317304037
509 4.160634517669678 0.000668 0.001250498543007586 0.0002596797882142788
510 4.16130256652832 0.000669 0.0014447068950764709 0.0002705894095220438
511 4.161971092224121 0.000668 0.0010812529214444578 0.00027291732834732114
512 4.162639141082764 0.000669 0.0009808793514320914 0.00028140869221048503
513 4.1633076667785645 0.000668 0.0006629844875348729 0.0002698210968448809
514 4.163975715637207 0.000669 0.0008687588749003165 0.0002536323135191543
515 4.164644241333008 0.000668 0.0011460935542815316 0.0002700641041401585
516 4.16531229019165 0.000669 0.0015825848749602541 0.00027962947775288124
517 4.165980815887451 0.000668 0.001297653148518576 0.0002676695883184032
518 4.166648864746094 0.000669 0.0010789847376394598 0.0002713842202701377
519 4.1673173904418945 0.000668 0.0009239573448899152 0.0002433240300666158
520 4.167985439300537 0.000668 0.0005717510053443835 0.000264614294024519
521 4.16865348815918 0.000669 0.0010679690070663646 0.00025747236486236685
522 4.1693220138549805 0.000668 0.0011673565383687951 0.0003118531917349033
523 4.169990062713623 0.000669 0.0007305829403544491 0.00032471606586322976
524 4.170658588409424 0.000668 0.001053472096786265 0.00025994335375325943
525 4.171326637268066 0.000668 0.0006203155654527607 0.0002713779441891914
526 4.171994686126709 0.000669 0.0009746583373779097 0.00027245636249179805
527 4.17266321182251 0.000668 0.0010164965325404423 0.00027213990263963363
528 4.173331260681152 0.000668 0.0008582840535511072 0.0002597630144779598
529 4.173999309539795 0.000668 0.001063849253018527 0.0002621313411318984
530 4.1746673583984375 0.000669 0.0011525933262002978 0.0002828158318238418
531 4.175335884094238 0.000668 0.0007678163571158074 0.0002602272762787847
532 4.176003932952881 0.000668 0.0006166886328749742 0.00027046107168832406
533 4.176671981811523 0.000668 0.0012602443589555894 0.00026713412305369043
534 4.177340030670166 0.000669 0.0011501936317506844 0.00026232925371815315
535 4.178008556365967 0.000668 0.0011673407016951523 0.0002513170134993095
536 4.178676605224609 0.000668 0.001049238529354088 0.00027026468652211383
537 4.179344654083252 0.000668 0.0015086936772078304 0.0002507951677511383
538 4.1800127029418945 0.000668 0.0009566414651275125 0.00025380513288244904
539 4.180680751800537 0.000668 0.0009396239050795555 0.00025675719108472653
540 4.18134880065918 0.000668 0.0012775586533032863 0.0002530619571756491
541 4.182016849517822 0.000668 0.001448289636675264 0.0002673733416739363
542 4.182684898376465 0.000669 0.0011449494989988968 0.0002752308400954216
543 4.183353424072266 0.000668 0.0013437894639874123 0.00028177011151623454
544 4.184021472930908 0.000668 0.0014710659088009409 0.00027168396950685077
545 4.184689521789551 0.000668 0.0005803528187292184 0.0002492428804616421
546 4.185357570648193 0.000668 0.0008690334245890555 0.0002596657578124795
547 4.186025619506836 0.000668 0.0008707484962473133 0.00026891326455808146
548 4.1866936683654785 0.000668 0.0015774966477974232 0.000269096267664959
549 4.187361717224121 0.000668 0.001031600741220381 0.0002598930664269671
550 4.188029766082764 0.000668 0.0010441666191726264 0.0002742327902311176
551 4.188697814941406 0.000668 0.0007703147196712375 0.00026146163375799134
552 4.189365863800049 0.000668 0.0012238340882229997 0.0002579412714293006
553 4.190033435821533 0.000668 0.001202167533657365 0.0002814648956485867
554 4.190701484680176 0.000668 0.0008413950342553359 0.0002753014487173766
555 4.191369533538818 0.000668 0.0012243254310545255 0.0002524614050997578
556 4.192037582397461 0.000668 0.0006776111749775563 0.00025217802395326167
557 4.1927056312561035 0.000668 0.0010004078498267407 0.00026665869891325493
558 4.193373680114746 0.000668 0.0009435292736518088 0.0002958398280655781
559 4.194041728973389 0.000668 0.0013806978390280317 0.0003356766536251288
560 4.194709777832031 0.000668 0.0008646213352109819 0.0002695091191713883
561 4.195377349853516 0.000668 0.001347948249383914 0.0002558819779832027
562 4.196045398712158 0.000668 0.0011338661682374865 0.0002645876526910683
563 4.196713447570801 0.000668 0.0008754161887068962 0.00026539549558464117
564 4.197381496429443 0.000668 0.0014359188715599457 0.0002921204488296376
565 4.198049068450928 0.000668 0.00040293804335497216 0.00027850203407635683
566 4.19871711730957 0.000668 0.001327498658210859 0.00025600908676237725
567 4.199385166168213 0.000668 0.0009222839460989373 0.0002835435710872023
568 4.2000532150268555 0.000668 0.0010675909288251567 0.0002669105054050414
569 4.20072078704834 0.000668 0.0009455225616895246 0.0002790623158001308
570 4.201388835906982 0.000668 0.0011050841467275144 0.0002930506846510359
571 4.202056884765625 0.000668 0.001307379131075882 0.0002604718714906017
572 4.202724456787109 0.000668 0.0011261304480236485 0.00027432795149614223
573 4.203392505645752 0.000668 0.000910002154307402 0.0002600192432469447
574 4.204060077667236 0.000668 0.0006057337871649273 0.0002934567716907756
575 4.204728126525879 0.000668 0.0012953912012284813 0.0002713152201277594
576 4.2053961753845215 0.000668 0.0014852351987746323 0.00028630860479470085
577 4.206063747406006 0.000668 0.000779686424345934 0.00030058232023294257
578 4.206731796264648 0.000668 0.0005142033186350098 0.0002865090172523636
579 4.207399368286133 0.000668 0.0014204140388530215 0.00028023806321221507
580 4.208067417144775 0.000668 0.0010937220509137143 0.0002557539625666889
581 4.20873498916626 0.000668 0.0006882641103435605 0.0003096486176583943
582 4.209403038024902 0.000668 0.0010002955735385704 0.0002733077557363038
583 4.210070610046387 0.000668 0.0007653238737602739 0.0002633322216053843
584 4.210738658905029 0.000668 0.0011698009314316858 0.0002618244845022053
585 4.211406230926514 0.000668 0.0006010373326981621 0.0002871240125982242
586 4.212074279785156 0.000668 0.0007135940974295779 0.00028718511680131886
587 4.212741851806641 0.000668 0.0011186567124656305 0.00030878804475644003
588 4.213409423828125 0.000668 0.001492437120275733 0.00027289293488787415
589 4.214077472686768 0.000668 0.0011427856837983449 0.00027976171527235334
590 4.214745044708252 0.000668 0.00151604084692574 0.0002850349060884229
591 4.215412616729736 0.000668 0.001131406871869068 0.0003016424974271079
592 4.216080665588379 0.000668 0.0005618788994210137 0.00026426626745527145
593 4.216748237609863 0.000668 0.0010296601218194026 0.0002844961343454637
594 4.217415809631348 0.000668 0.0010632149487296984 0.00025923607583035294
595 4.21808385848999 0.000668 0.0012447278795999633 0.00027513644349468086
596 4.218751430511475 0.000668 0.0012438111319957503 0.0003055792535184891
597 4.219419002532959 0.000668 0.0007536058104258745 0.00027844333547079065
598 4.220086574554443 0.000668 0.0011808724060840244 0.0002949015262464716
599 4.220754623413086 0.000668 0.0008891920123325844 0.000271800383161802
600 4.22142219543457 0.000668 0.0011340259121236694 0.0002647171595712737
601 4.222089767456055 0.000668 0.001397816595524004 0.0002817939030416904
602 4.222757339477539 0.000668 0.0010124981922800072 0.0002702925379654394
603 4.223424911499023 0.000668 0.001684633678695431 0.00025710193891199994
604 4.224092960357666 0.000668 0.0007904028453306752 0.0002761165777557527
605 4.22476053237915 0.000668 0.0009508817578691617 0.00025646797049015316
606 4.225428104400635 0.000668 0.0010137555721343478 0.0002648668492684374
607 4.226095676422119 0.000668 0.0010098602795758378 0.0002838876018404218
608 4.2267632484436035 0.000668 0.000769027118012889 0.0002796444700773275
609 4.227430820465088 0.000668 0.0009253018209882862 0.0002892418082602516
610 4.228098392486572 0.000668 0.0013748754483978104 0.00030899770284264865
611 4.228765964508057 0.000668 0.0011158367975963508 0.0002838383289894901
612 4.229433536529541 0.000668 0.0008018293131756254 0.00026331675027612745
613 4.230101108551025 0.000668 0.0008140407722919819 0.0002936854118832206
614 4.23076868057251 0.000668 0.0010572147105908979 0.00028201436161971554
615 4.231436252593994 0.000668 0.0010251061530389702 0.0002634677556569061
616 4.2321038246154785 0.000668 0.00134858636357384 0.0002666872729757409
617 4.232771396636963 0.000668 0.0005976063770496509 0.00026753847964270516
618 4.233438968658447 0.000668 0.0009979183930847962 0.00028195181991584665
619 4.234106540679932 0.000668 0.001287575588295743 0.00026776847346490323
620 4.234774112701416 0.000668 0.001449081376038901 0.0002795234969190366
621 4.2354416847229 0.000668 0.0010836536632395576 0.00031290042197917606
622 4.236109256744385 0.000667 0.0015292587138886987 0.00029162676276341457
623 4.236776351928711 0.000668 0.0014733526613822402 0.00027386266605927993
624 4.237443923950195 0.000668 0.0009392472156310653 0.0002611732080650058
625 4.23811149597168 0.000668 0.0008637340888877859 0.000288736914453836
626 4.238779067993164 0.000668 0.0007975313162584467 0.00029392969738200627
627 4.239446640014648 0.000668 0.0012982192544528652 0.000277459352423399
628 4.240114212036133 0.000667 0.0010882650153404257 0.0002793131269852614
629 4.240781307220459 0.000668 0.0009407424874057187 0.0002648291276086588
630 4.241448879241943 0.000668 0.0008592506102997857 0.00023621892013191728
631 4.242116451263428 0.000668 0.0008876231978803721 0.00031496566303452535
632 4.242784023284912 0.000667 0.001663734244811753 0.0002726453063285331
633 4.243451118469238 0.000668 0.0008765153294670915 0.00025629295324661617
634 4.244118690490723 0.000668 0.0011564278370492106 0.00029631300925930804
635 4.244786262512207 0.000667 0.001350623483445822 0.0002624588325222829
636 4.245453357696533 0.000668 0.0009535923231112419 0.00026967504696759565
637 4.246120929718018 0.000668 0.0010163949737649735 0.0002615075991649156
638 4.246788501739502 0.000667 0.0011663317675601123 0.00026425382486576114
639 4.247455596923828 0.000668 0.0011346916609682946 0.0002787273200504525
640 4.2481231689453125 0.000667 0.0013204671760451256 0.0003094662886141177
641 4.248790264129639 0.000668 0.0011924825013527988 0.00029712815222654606
642 4.249457836151123 0.000667 0.0009635022125534984 0.0002761890138997218
643 4.250124931335449 0.000668 0.0007665646748469363 0.0002751926733461113
644 4.250792503356934 0.000667 0.001225078860948726 0.00029720674601388305
645 4.25145959854126 0.000668 0.0006179865972881974 0.0003405569132113033
646 4.252127170562744 0.000667 0.0005302175142095524 0.0002927689215647703
647 4.25279426574707 0.000668 0.0011741789969845775 0.00028753609585491756
648 4.253461837768555 0.000667 0.0012751613323474362 0.0002730440931387881
649 4.254128932952881 0.000668 0.000990128061561026 0.00028561624230961853
650 4.254796504974365 0.000667 0.0014010892163937006 0.0002837340899023134
651 4.255463600158691 0.000668 0.0013043616662791828 0.0002829980459851971
652 4.256131172180176 0.000667 0.0011533355394102614 0.0002831359117921248
653 4.256798267364502 0.000667 0.0010206813853736168 0.0003004408218320442
654 4.257465362548828 0.000668 0.0005383674071372674 0.0002806491519609702
655 4.2581329345703125 0.000667 0.0013595890031848448 0.0003105704148307921
656 4.258800029754639 0.000668 0.0011049941662035477 0.0002698092817082085
657 4.259467601776123 0.000667 0.0012174998168451657 0.00030029801765454493
658 4.260134696960449 0.000667 0.0009454521524487789 0.00027339632956598894
659 4.260801792144775 0.000667 0.0007140136738518524 0.0002813749088967611
660 4.261468887329102 0.000636 0.0009918413943817523 0.00027132455584771864
661 4.2621049880981445 0.000667 0.0012760674940759443 0.00030318568065548155
662 4.2627716064453125 0.000668 0.0008527200441970915 0.00027570293480961335
663 4.263439178466797 0.000667 0.0015271779272292892 0.0002873801042210411
664 4.264106273651123 0.000667 0.0007935577799122588 0.00027124130039921774
665 4.264773368835449 0.000668 0.0008828715753067624 0.00024025699005581145
666 4.265440940856934 0.000667 0.0011924112821535505 0.00028420026700674454
667 4.266107559204102 0.000668 0.0018191732651464138 0.00028693097322487115
668 4.266775131225586 0.000667 0.0011736914516175473 0.0002820274503065049
669 4.267441749572754 0.000668 0.0009593049944087943 0.0002954319294702646
670 4.268109321594238 0.000668 0.001363775367716456 0.00030285393081333457
671 4.268776893615723 0.000667 0.0011365179755650308 0.00028179105115540477
672 4.269443511962891 0.000668 0.000612108666893772 0.0002893066721773958
673 4.270111083984375 0.000667 0.0009609346152242607 0.00029494517711886327
674 4.270777702331543 0.000668 0.0008874283864322282 0.00028761686974649204
675 4.271445274353027 0.000667 0.0011155295269733815 0.00027677093699755194
676 4.272111892700195 0.000668 0.0012358471859793862 0.0003379213272507516
677 4.27277946472168 0.000667 0.001173144197551699 0.0002749342541677247
678 4.273446083068848 0.000668 0.0010741182843708292 0.0002768778187825004
679 4.274113655090332 0.000667 0.001915478632572447 0.00026867025581942455
680 4.2747802734375 0.000668 0.0009448363609251584 0.00028663324334173094
681 4.275447845458984 0.000667 0.0009271082706637797 0.0002665139744091235
682 4.276114463806152 0.000668 0.0015752812344469952 0.00030152033812308606
683 4.276782035827637 0.000667 0.0008287779699841733 0.00027509537498691955
684 4.277448654174805 0.000668 0.0007970198082914064 0.00026862134724800187
685 4.278116226196289 0.000667 0.0012067330102174699 0.00026402647814645743
686 4.278782844543457 0.000667 0.0013551351758605684 0.0002667829130512682
687 4.279449462890625 0.000668 0.0009243335509109349 0.00028514243062261726
688 4.280117034912109 0.000667 0.0013055218754126291 0.00032433363466553134
689 4.280783653259277 0.000668 0.0006991505781825466 0.0002785839372769195
690 4.281451225280762 0.000667 0.0012079229300529812 0.00027132985385686103
691 4.28211784362793 0.000667 0.0008678871917237008 0.0003399341844029117
692 4.282784461975098 0.000668 0.0008093065415727669 0.000264407908116539
693 4.283452033996582 0.000667 0.001331176833668268 0.00029392090219882826
694 4.28411865234375 0.000668 0.0011840429646075778 0.0002894187615149023
695 4.284786224365234 0.000667 0.0012540430309423702 0.00026711332198335076
696 4.285452842712402 0.000635 0.0012010490229248244 0.000275095313099448
697 4.286087989807129 0.000667 0.0011237704274703955 0.0002719753655224809
698 4.286755084991455 0.000667 0.0005211653841500728 0.0003622313116741037
699 4.287422180175781 0.000667 0.0011038851843716854 0.00027261235815532315
700 4.288088798522949 0.000667 0.0005947826644059828 0.0002852647298293159
701 4.288755893707275 0.000667 0.0008972765254918588 0.00028091160557159624
702 4.289422512054443 0.000667 0.0011827159477176801 0.00031080261908904863
703 4.2900896072387695 0.000667 0.0017499299878728034 0.00028302767102808676
704 4.290756702423096 0.000667 0.0011063916349818566 0.00027669611502282394
705 4.291423320770264 0.000667 0.001303804829857689 0.0002653782353513614
706 4.29209041595459 0.000667 0.001307429596760886 0.00032159166275323763
707 4.292757034301758 0.000667 0.000899872095028902 0.0003236612680378095
708 4.293424129486084 0.000667 0.0015792346098948576 0.00030368193762492056
709 4.294090747833252 0.000667 0.0010829837842952863 0.00027753453146846897
710 4.294757843017578 0.000667 0.0009991976793990722 0.00031874810276036184
711 4.295424461364746 0.000667 0.0011638571510240434 0.00031248827344262876
712 4.296091556549072 0.000667 0.0010967041566823342 0.0002909384752313243
713 4.29675817489624 0.000667 0.0014742606576600005 0.00046275834084676777
714 4.297425270080566 0.000667 0.0009172452445625921 0.00031537462261224864
715 4.298091888427734 0.000667 0.001337009726437324 0.0003083085313867652
716 4.2987589836120605 0.000667 0.0010188797625833015 0.00030203717665546885
717 4.2994256019592285 0.000667 0.0006511014636078798 0.00029784263204188035
718 4.3000922203063965 0.000667 0.001120757205984717 0.0003150263984425523
719 4.300759315490723 0.000667 0.0012780769979040558 0.00031931933498820556
720 4.301425933837891 0.000667 0.0012612868584164429 0.00028474186052862685
721 4.302092552185059 0.000667 0.0017035363139582902 0.000310263384788509
722 4.302759647369385 0.000667 0.0006415806824080419 0.00030549472706021933
723 4.303426265716553 0.000667 0.0012427992444853464 0.00030754056446455396
724 4.304092884063721 0.000667 0.0006260743730826487 0.0003002204766681038
725 4.304759979248047 0.000667 0.0011300370181266152 0.0002874171570525153
726 4.305426597595215 0.000667 0.0007325621683393708 0.00029473929848302445
727 4.306093215942383 0.000667 0.0006169659817444165 0.0003401962509351767
728 4.306759834289551 0.000667 0.000721977082864243 0.000300915909528299
729 4.307426452636719 0.000667 0.0014172356762846045 0.00035459240451944435
730 4.308093547821045 0.000667 0.0009495444885396858 0.000305878227080382
731 4.308760166168213 0.000667 0.0012265472629797752 0.0002945541833225135
732 4.309426784515381 0.000667 0.0007340547392589894 0.0003273699793531954
733 4.310093402862549 0.000667 0.0010260555838675686 0.000300728168457924
734 4.310760021209717 0.000667 0.0012964149489984068 0.0002849025292729432
735 4.311426639556885 0.000667 0.0008704431023348663 0.0003346689040836647
736 4.312093257904053 0.000667 0.0009824194060936739 0.0002853394397922388
737 4.312759876251221 0.000667 0.0010127778556188482 0.00035777491920736874
738 4.313426971435547 0.000667 0.0014558565618626577 0.00028858860439908134
739 4.314093589782715 0.000667 0.0012919550101255014 0.0002984284320598219
740 4.314760208129883 0.000667 0.0007250561616573374 0.00030605478186950474
741 4.315426826477051 0.000667 0.0011442170520218078 0.0003109134748376839
742 4.316093444824219 0.000667 0.0010980622420209845 0.00028356767235971904
743 4.316760063171387 0.000667 0.000604319485948507 0.0003005160833053794
744 4.317426681518555 0.000666 0.001053795004321876 0.00035005554781191274
745 4.3180928230285645 0.000667 0.0006633712853001578 0.0003261387842155354
746 4.318759441375732 0.000667 0.0013862862072422152 0.00028902913582833084
747 4.3194260597229 0.000667 0.0011404080523158518 0.0003004304315842514
748 4.320092678070068 0.000667 0.0010508992584921262 0.0003175321880065534
749 4.320759296417236 0.000667 0.0007962911229447879 0.0003070810695352229
750 4.321425914764404 0.000667 0.0009628818076313801 0.0003178935821607699
751 4.322092533111572 0.000667 0.000854048412705459 0.00030411821406264985
752 4.32275915145874 0.000666 0.0011071553231913611 0.000280916954029799
753 4.32342529296875 0.000667 0.0011498027496336188 0.00028041374235222914
754 4.324091911315918 0.000667 0.0005367258522774978 0.00029323862681221577
755 4.324758529663086 0.000667 0.0013167778789251162 0.0002512813894817242
756 4.325425148010254 0.000667 0.0007813309774827256 0.00028639538626738835
757 4.326091766357422 0.000666 0.0008330089337015426 0.00030072284801957146
758 4.326757907867432 0.000667 0.0011139760143040744 0.0003079537476637069
759 4.3274245262146 0.000667 0.0012917905054520276 0.00028870480418473484
760 4.328091144561768 0.000666 0.001121339950263637 0.0002910438748701721
761 4.328757286071777 0.000667 0.0013207390017429396 0.0003105404378728513
762 4.329423904418945 0.000667 0.000935454282192256 0.00036896589248929456
763 4.330090522766113 0.000666 0.0008972903776002484 0.00030775962845051554
764 4.330756664276123 0.000667 0.0009279126185696753 0.0003093561165800435
765 4.331423282623291 0.000667 0.0008193663365825012 0.0002880361285346646
766 4.332089900970459 0.000666 0.001257931763026853 0.0002889460452421326
767 4.332756042480469 0.000667 0.0009082870380088418 0.0003228003962543822
768 4.333422660827637 0.000666 0.00035777359152753597 0.0003158298848523286
769 4.3340888023376465 0.000667 0.0009853191187666824 0.0003037107351876681
770 4.3347554206848145 0.000666 0.0008258489538522571 0.0003194052441363559
771 4.335421562194824 0.000667 0.000757208107553584 0.0003138590142688991
772 4.336088180541992 0.000667 0.0012094078866737683 0.00027424461373639345
773 4.33675479888916 0.000666 0.000881465621057237 0.0003565846535922771
774 4.33742094039917 0.000666 0.0008731960901768383 0.0003461766258711092
775 4.33808708190918 0.000667 0.0009583589898102172 0.00029494540774574186
776 4.338753700256348 0.000666 0.0011311811557002654 0.0002891813623615951
777 4.339419841766357 0.000667 0.0011195140090051229 0.0003026059337516424
778 4.340086460113525 0.000666 0.0010557125427382496 0.00032261838791637783
779 4.340752601623535 0.000667 0.0014963108889905746 0.0003230225020867321
780 4.341419219970703 0.000666 0.0011494267179780015 0.0003230259376779618
781 4.342085361480713 0.000666 0.0010853157502387874 0.0003023162675729078
782 4.342751502990723 0.000667 0.0008207070218928254 0.0003922990843479859
783 4.343418121337891 0.000666 0.0016224802240080555 0.00030318592816960046
784 4.3440842628479 0.000666 0.0006036762390301849 0.0002920284959487068
785 4.34475040435791 0.000667 0.0016912807032035731 0.00029523550086501773
786 4.345417022705078 0.000666 0.0013149021678035635 0.00031623687673237465
787 4.346083164215088 0.000666 0.0012845555098758695 0.0003178461364569649
788 4.346749305725098 0.000666 0.0009783541890950604 0.00030413137643461185
789 4.347415447235107 0.000667 0.0005864006504502713 0.0003047687507499364
790 4.348082065582275 0.000666 0.0009703738966266662 0.00032440183522484484
791 4.348748207092285 0.000666 0.0005021447160907984 0.0002942780537828516
792 4.349414348602295 0.000666 0.0008902857235980325 0.0003011276897045571
793 4.350080490112305 0.000666 0.0005542727885682117 0.00031123795003023153
794 4.3507466316223145 0.000666 0.0010723211663348823 0.00034386923726235566
795 4.351412773132324 0.000667 0.001149790706862951 0.00031072621410833224
796 4.352079391479492 0.000666 0.0007951792065156761 0.00031900876473610205
797 4.352745532989502 0.000666 0.0009805955908348423 0.0003233823687196349
798 4.353411674499512 0.000666 0.001015542921544089 0.00035601408093776505
799 4.3540778160095215 0.000666 0.0012732397704028954 0.00031921055665872476
800 4.354743957519531 0.000666 0.0009103476028870705 0.0003409192324311635
801 4.355410099029541 0.000666 0.0008873245552542986 0.00029699223041545553
802 4.356076240539551 0.000666 0.0010667973094672422 0.0003206152215480261
803 4.3567423820495605 0.000666 0.0009441340669690276 0.0003317763945122678
804 4.35740852355957 0.000666 0.0008183959632577739 0.00032378003585410524
805 4.35807466506958 0.000666 0.0012387003164538136 0.0003276882237548613
806 4.35874080657959 0.000666 0.0007689613691983772 0.00030386726987506943
807 4.3594069480896 0.000666 0.0010989903924441182 0.00029511104041475176
808 4.360073089599609 0.000666 0.00045842121156481263 0.0003014204622055679
809 4.360739231109619 0.000666 0.0013184375906280447 0.0003236316243121944
810 4.361405372619629 0.000666 0.00152099507912826 0.0003124933633785129
811 4.362071514129639 0.000666 0.0007018082542774653 0.00030045723306964704
812 4.36273717880249 0.000666 0.0016203333159554231 0.00029310102782666663
813 4.3634033203125 0.000666 0.000784079152212639 0.0002920486528858406
814 4.36406946182251 0.000666 0.000796248735567696 0.00032166542085989235
815 4.3647356033325195 0.000666 0.0008709146946501607 0.0002983883011584957
816 4.365401744842529 0.000666 0.0017446276485167072 0.00035205003312452723
817 4.366067886352539 0.000666 0.001085762132034858 0.0003397066481159348
818 4.366733551025391 0.000634 0.0013702953184802158 0.0003243915901073012
819 4.367367744445801 0.000666 0.0009791948428871657 0.00033579825125037337
820 4.3680338859558105 0.000666 0.0007939738405384247 0.00033443757981590117
821 4.36870002746582 0.000666 0.0009928042539097755 0.00031509263928128703
822 4.369365692138672 0.000666 0.0011090225961225856 0.0003047379660034772
823 4.370031833648682 0.000666 0.001068104877261242 0.0003126754690423075
824 4.370697975158691 0.000666 0.0012737331402066184 0.0003269661096497396
825 4.371363639831543 0.000666 0.0008937667811397077 0.0003011238578493381
826 4.372029781341553 0.000666 0.0009596594955984005 0.000323344641597939
827 4.3726959228515625 0.000666 0.001056866815567214 0.0002925236414600571
828 4.373361587524414 0.000666 0.0006849879511227397 0.00032717330613655376
829 4.374027729034424 0.000666 0.0013577089772722158 0.0002976698026360605
830 4.374693870544434 0.000666 0.0011803748677372303 0.00032996289012781406
831 4.375359535217285 0.000666 0.001382606828692132 0.000328787590330746
832 4.376025199890137 0.000666 0.0009950390082014888 0.00037106969587312575
833 4.3766913414001465 0.000666 0.0005599779343116866 0.0002898922930543688
834 4.377357482910156 0.000666 0.001024899913421713 0.00031498628891611196
835 4.378023147583008 0.000666 0.001157785583576674 0.0003153089034339004
836 4.378688812255859 0.000666 0.000526202788410915 0.00031930244898832865
837 4.379354953765869 0.000666 0.0010393696639304395 0.00032470512059017814
838 4.380021095275879 0.000666 0.000581328528423952 0.00030738604829783024
839 4.3806867599487305 0.000666 0.001787620236256296 0.0003352209309312535
840 4.381352424621582 0.000666 0.0011701339810300867 0.0003017062529878601
841 4.382018566131592 0.000666 0.0015690536875987956 0.000296405960462118
842 4.382684230804443 0.000666 0.0013836034443490545 0.000307058717798769
843 4.383350372314453 0.000666 0.0009339487907342667 0.0003449793772754863
844 4.384016036987305 0.000666 0.0008784653877285923 0.00029992210967044703
845 4.384681701660156 0.000666 0.0006391000928539349 0.00030800172991807647
846 4.385347366333008 0.000666 0.00020747480039757504 0.000287700282619126
847 4.386013507843018 0.000634 0.0012889398228647497 0.000326857881116717
848 4.3866472244262695 0.000666 0.0014427496810067576 0.0003483641425578459
849 4.387313365936279 0.000666 0.0010916530711254642 0.0003408207673949508
850 4.387979030609131 0.000666 0.0015793120672268266 0.00033590778820255274
851 4.388644695281982 0.000666 0.0011329661888057068 0.0003556898837685084
852 4.389310359954834 0.000666 0.00046568237552490125 0.00029795843315401534
853 4.3899760246276855 0.000666 0.0007211846101031153 0.00032737077146983144
854 4.390642166137695 0.000666 0.0008705198105075266 0.0003264949964186578
855 4.391307830810547 0.000666 0.0011207716255964893 0.0003343281608259203
856 4.391973495483398 0.000666 0.0006959239111946401 0.0003218532469331194
857 4.39263916015625 0.000666 0.0015726261925801573 0.0003477820673098943
858 4.393304824829102 0.000666 0.0005806377358655198 0.0003535168196342877
859 4.393970489501953 0.000666 0.0007778984433640041 0.0003039638936164193
860 4.394636154174805 0.000666 0.0006255934331152652 0.0003274895006089268
861 4.395301818847656 0.000666 0.0009739779593356012 0.0003440652038867744
862 4.395967483520508 0.000666 0.0009653895883266427 0.00030654052797085703
863 4.396633625030518 0.000666 0.0008017609842269779 0.00030963359023204496
864 4.397299289703369 0.000666 0.0011013749710793261 0.00032560632964797064
865 4.397964954376221 0.000666 0.000357352655222117 0.0003166827183472815
866 4.398630619049072 0.000665 0.0015152395387186767 0.00033494133187590914
867 4.399295806884766 0.000666 0.0014802457734625035 0.00032735558069598163
868 4.399961471557617 0.000666 0.0011197233290442146 0.00029417959249791834
869 4.400627136230469 0.000666 0.0011256303317331811 0.00034500179239346757
870 4.40129280090332 0.000666 0.0012984505457456683 0.0003300592085878259
871 4.401958465576172 0.000666 0.0009178425507062675 0.0004083383278994941
872 4.402624130249023 0.000666 0.0009538577488118138 0.0003411506255303636
873 4.403289794921875 0.000666 0.0005692164745583286 0.0003415543315749616
874 4.403955459594727 0.000666 0.001242078509184473 0.00040843199863731104
875 4.404621124267578 0.000665 0.0007549616158002313 0.00037866351483429776
876 4.4052863121032715 0.000666 0.0006616184373891908 0.0003066212473736391
877 4.405951976776123 0.000666 0.001344292665492539 0.00035042716997707446
878 4.406617641448975 0.000666 0.0013238895545906113 0.00035104858233503156
879 4.407283306121826 0.000666 0.0010946889276483025 0.0003078694012864391
880 4.407948970794678 0.000665 0.0014592795463837425 0.00035044153587207144
881 4.408614158630371 0.000666 0.0007093391350491619 0.0003461346007067304
882 4.409279823303223 0.000666 0.0010382824057839457 0.0003154945245906683
883 4.409945487976074 0.000665 0.0010463480027730566 0.00032085266669659046
884 4.410610675811768 0.000666 0.0010826545570509112 0.0003035520725771933
885 4.411276340484619 0.000666 0.0012320609604962655 0.000315442176273014
886 4.411942005157471 0.000665 0.0008619359838848914 0.0003386749495125713
887 4.412607192993164 0.000666 0.0012151072242207713 0.000315993443470048
888 4.413272857666016 0.000666 0.0012947051570665158 0.00033563617196068657
889 4.413938522338867 0.000665 0.0005889340771533938 0.0003024107143408595
890 4.4146037101745605 0.000666 0.0004980954385367681 0.00031107636099728846
891 4.415269374847412 0.000665 0.0008975887155898456 0.00031061845716045806
892 4.4159345626831055 0.000666 0.0019077422046937242 0.000423893363609324
893 4.416600227355957 0.000665 0.0008826147032834433 0.00034609582505263725
894 4.41726541519165 0.000666 5.405081417295129e-05 0.000321675146443335
895 4.417931079864502 0.000665 0.0005938002439443605 0.0003341361664427505
896 4.418596267700195 0.000666 0.0010844255898137625 0.00031054446388402955
897 4.419261932373047 0.000665 0.001360341038896731 0.00033231164115965175
898 4.41992712020874 0.000666 0.0016816687975272702 0.0003149356137718051
899 4.420592784881592 0.000665 0.00022280180855469744 0.0003463864952753416
900 4.421257972717285 0.000665 0.0007436343908529048 0.00034826794710043316
901 4.4219231605529785 0.000666 0.0006319584075646554 0.0003616710144264409
902 4.42258882522583 0.000665 0.0013283865859873359 0.0003090368649813656
903 4.423254013061523 0.000666 0.0011618528599714292 0.00033645084149454794
904 4.423919677734375 0.000665 0.0010496702305286074 0.00035535810596927026
905 4.424584865570068 0.000665 0.0013606528326859722 0.0003365855554326395
906 4.425250053405762 0.000666 0.0015528562376914937 0.00029921331834421297
907 4.425915718078613 0.000665 0.0014771344826246475 0.0003259102954545131
908 4.426580905914307 0.000665 0.0014537908399711507 0.0003470790493129485
909 4.42724609375 0.000665 0.00038610544308852147 0.0003708411799049699
910 4.427911281585693 0.000666 0.0010765347101651622 0.0003357239801263045
911 4.428576946258545 0.000665 0.0010745495378398163 0.0003278012535982778
912 4.429242134094238 0.000665 0.00089650661689046 0.00035755157339308443
913 4.429907321929932 0.000665 0.0013353819412711115 0.0003281761835413305
914 4.430572509765625 0.000665 0.0012600858412358095 0.0003580408163267157
915 4.431237697601318 0.000666 0.0011728888505041 0.0003250700702069719
916 4.43190336227417 0.000665 0.0012592933251221478 0.0003298490523835338
917 4.432568550109863 0.000665 0.0009400097322580922 0.000312139959424503
918 4.433233737945557 0.000665 0.0013947297867759176 0.00033092864152058364
919 4.43389892578125 0.000665 0.0008980924816340647 0.0003362306524952376
920 4.434564113616943 0.000665 0.0009982346052110937 0.00031654413101944164
921 4.435229301452637 0.000665 0.0009606525040040846 0.00035950187147502433
922 4.43589448928833 0.000665 0.0005080458276336274 0.00031958917699873506
923 4.436559677124023 0.000665 0.0007415219855676886 0.0003575860355216793
924 4.437224864959717 0.000665 0.0006247205353981014 0.0003264826356616407
925 4.43789005279541 0.000665 0.0011991076418998792 0.0003234322087010205
926 4.4385552406311035 0.000665 0.0011934929243234492 0.00036239685057337244
927 4.439220428466797 0.000665 0.0006431422109903159 0.0003533017954789033
928 4.43988561630249 0.000665 0.0010155977405953845 0.0003205440234275189
929 4.440550804138184 0.000665 0.0017471939798960614 0.00032665911674491796
930 4.441215991973877 0.000665 0.000941181149825637 0.0003384359952728334
931 4.44188117980957 0.000665 0.0005292550108505476 0.0003358887334299978
932 4.442546367645264 0.000665 0.001018840937119651 0.0003237254389742027
933 4.443211555480957 0.000665 0.0014316339747471865 0.00031051707701540627
934 4.443876266479492 0.000665 0.0009688103613707452 0.00033271916553702813
935 4.4445414543151855 0.000665 0.001182041111818969 0.00035338276481080416
936 4.445206642150879 0.000665 0.000986881833749556 0.0003562395930428437
937 4.445871829986572 0.000665 0.0009240540461976793 0.0004212595311591537
938 4.446537017822266 0.000665 0.001334256677183697 0.0003633460349980429
939 4.447201728820801 0.000665 0.0003079782577673146 0.0003269302276143565
940 4.447866916656494 0.000665 0.001146922096362296 0.00032448498706640896
941 4.4485321044921875 0.000665 0.0011890579245604637 0.0003399744741375739
942 4.449197292327881 0.000665 0.0013732030166115356 0.00031944520148049235
943 4.449862003326416 0.000665 0.0015247588481079248 0.00029894535049862226
944 4.450527191162109 0.000665 0.0012926783956941305 0.00032590029184539237
945 4.451192378997803 0.000665 0.001446299603770157 0.0004193609244451687
946 4.451857089996338 0.000665 0.0008271343544319841 0.0003288559641364622
947 4.452522277832031 0.000665 0.0011935921209804616 0.0003445172601235944
948 4.453186988830566 0.000665 0.0010224741152183062 0.0003570292505015412
949 4.45385217666626 0.000665 0.0008052147894736885 0.00032132410210677036
950 4.454517364501953 0.000665 0.0009186687629506164 0.00035863771585688844
951 4.455182075500488 0.000633 0.001544269892596939 0.00032993627481073273
952 4.455815315246582 0.000665 0.0011618935075421596 0.0003429460826352467
953 4.456480026245117 0.000665 0.0014685063104860592 0.0003596923839070601
954 4.4571452140808105 0.000665 0.0010952547838001445 0.00034554353596043334
955 4.457809925079346 0.000665 0.0011364110753515097 0.0003652231668099922
956 4.458475112915039 0.000665 0.0011646161965045729 0.0002950300486904137
957 4.459139823913574 0.000665 0.0010526600730077001 0.0003418878240582818
958 4.459805011749268 0.000665 0.001480202144695729 0.000357372521078109
959 4.460469722747803 0.000665 0.001164034328270331 0.00031034871298572596
960 4.461134910583496 0.000665 0.0005834496237503354 0.00041564425812739306
961 4.461799621582031 0.000665 0.0010272349901192612 0.00033021792261931233
962 4.462464332580566 0.000665 0.0011730957326792223 0.000352243780763128
963 4.46312952041626 0.000665 0.0010830900404978582 0.0003412720696075233
964 4.463794231414795 0.000665 0.0008433433715416914 0.000335977811189007
965 4.46445894241333 0.000665 0.0015494029443178872 0.0003075289017220297
966 4.465124130249023 0.000665 0.0011999778729628783 0.00031345446841641927
967 4.465788841247559 0.000665 0.0013111989999555539 0.0003116851704934962
968 4.466453552246094 0.000665 0.001497271264577756 0.0003550730322711735
969 4.467118263244629 0.000665 0.000910015995382887 0.00034123563660860926
970 4.467783451080322 0.000665 0.001167379240114889 0.0003261627375184526
971 4.468448162078857 0.000665 0.0009137349877613838 0.00033431406599833554
972 4.469112873077393 0.000665 0.0012877863820439676 0.0003258037771919151
973 4.469777584075928 0.000665 0.0009794966421297774 0.000329131558185609
974 4.470442295074463 0.000665 0.0013677332534172987 0.00032254505330036183
975 4.471107482910156 0.000665 0.0003981325395150316 0.0003458059311410801
976 4.471772193908691 0.000633 0.0005836167769135122 0.00038512673983056943
977 4.472404956817627 0.000665 0.0011958547623846956 0.00034233778857273577
978 4.473069667816162 0.000665 0.0009326992344707602 0.0003316389073079328
979 4.473734378814697 0.000665 0.0009602373310621318 0.0003227059340544488
980 4.474399089813232 0.000665 0.0004815043267612832 0.0003221758842752206
981 4.475063800811768 0.000665 0.0013700335943768 0.00032769168296446565
982 4.475728511810303 0.000665 0.0015170845746010006 0.0003451395936733902
983 4.476393222808838 0.000665 0.0013806533649015774 0.00035623923272301024
984 4.477057933807373 0.000665 0.0013837160701082375 0.0003453643264094231
985 4.477722644805908 0.000665 0.0008100894705281849 0.00033435256403094586
986 4.478387355804443 0.000665 0.0013303308567716114 0.00035417745256682105
987 4.4790520668029785 0.000665 0.0005234920563013832 0.00032932922935808906
988 4.479716777801514 0.000665 0.0005113470088905766 0.0003443763376831176
989 4.480381488800049 0.000665 0.0010041508948113308 0.00034239994822097305
990 4.481046199798584 0.000665 0.0012189466355503925 0.0003677110602114546
991 4.481710910797119 0.000664 0.0010884402794717634 0.00034515899617002275
992 4.482375144958496 0.000665 0.0010375310895093565 0.000332029267929494
993 4.483039855957031 0.000665 0.0008061347201403142 0.0004029110565739428
994 4.483704566955566 0.000665 0.000929925322621182 0.0003619316294612142
995 4.484369277954102 0.000665 0.000998184826409198 0.00042338824124162175
996 4.485033988952637 0.000664 0.0007258920301139013 0.00040292972744685477
997 4.485698223114014 0.000665 0.0012666624924038588 0.0003312363293665018
998 4.486362934112549 0.000665 0.0008137544000327684 0.00034027625284962576
999 4.487027645111084 0.000665 0.0010864571402812169 0.000329195861627355
1000 4.487692356109619 0.000664 0.0015548939032188516 0.0003078574450886911
1001 4.488356590270996 0.000665 0.0012877690709847858 0.00033737195870276376
1002 4.489021301269531 0.000665 0.0014100343576519438 0.0003431124495067115
1003 4.489686012268066 0.000664 0.0018274918702937595 0.0003287138971218093
1004 4.490350246429443 0.000665 0.0008602070701694768 0.00035678602060487436
1005 4.4910149574279785 0.000665 0.0017942504153530422 0.00037700418608003095
1006 4.491679668426514 0.000664 0.0012529857927395447 0.0003712326015055504
1007 4.492343902587891 0.000665 0.0009641787160140135 0.00036338916454885695
1008 4.493008613586426 0.000664 0.0004435944970897203 0.0003657069180907133
1009 4.493672847747803 0.000665 0.001615869175452732 0.00033556410446705935
1010 4.494337558746338 0.000665 0.0008631109552734862 0.0004168178467640981
1011 4.495002269744873 0.000664 0.0014449919426121707 0.00034217467249809095
1012 4.49566650390625 0.000665 0.0007740019970674523 0.0003759704048673196
1013 4.496331214904785 0.000664 0.0007270971780545214 0.00035925138076359366
1014 4.496995449066162 0.000664 0.00044991708098569995 0.0003248333462000267
1015 4.497659683227539 0.000665 0.0009481517920804839 0.00033723058243801
1016 4.498324394226074 0.000664 0.0004742517419568358 0.0003266328965630535
1017 4.498988628387451 0.000665 0.0009360964210796869 0.0003655949719318225
1018 4.499653339385986 0.000664 0.0007315549379252388 0.00032702679459826187
1019 4.500317573547363 0.000665 0.001123663200161079 0.00038039575760146334
1020 4.500982284545898 0.000664 0.001451465167501478 0.00034744836115551894
1021 4.501646518707275 0.000664 0.001286004769390228 0.0004040742437248762
1022 4.502310752868652 0.000665 0.0015872038805157822 0.0003310064188134721
1023 4.5029754638671875 0.000664 0.000984412855993713 0.0004145308908936887
1024 4.5036396980285645 0.000664 0.0010238709977237262 0.00031065119686724224
1025 4.504303932189941 0.000664 0.0010784584638680716 0.0004511985921378548
1026 4.504968166351318 0.000665 0.001350130068599242 0.00033532513029663116
1027 4.5056328773498535 0.000664 0.0009841033285921887 0.0003484446370390771
1028 4.5062971115112305 0.000664 0.0008417576623561739 0.0003334835088826483
1029 4.506961345672607 0.000664 0.0003933913471857633 0.0005189256363580108
1030 4.507625579833984 0.000665 0.0009692676993506867 0.0003637577924550237
1031 4.5082902908325195 0.000664 0.0011433603853798738 0.00046589267112106175
1032 4.5089545249938965 0.000664 0.0013939626768623694 0.00031768814821159995
1033 4.509618759155273 0.000664 0.0004925791099717736 0.00036771730740079074
1034 4.51028299331665 0.000664 0.0007290192881184545 0.0003497986630520339
1035 4.510947227478027 0.000664 0.001228589085767061 0.0003304685484903844
1036 4.511611461639404 0.000664 0.001017618014459513 0.000338541967888795
1037 4.512275695800781 0.000664 0.0013264928680383034 0.00033390204340321057
1038 4.512939929962158 0.000664 0.0013068188884594483 0.000333170002065509
1039 4.513604164123535 0.000664 0.00150955275877141 0.00037589819315004283
1040 4.514268398284912 0.000664 0.001585857593442883 0.00037686469726104873
1041 4.514932632446289 0.000664 0.0019973139827397894 0.000383528095791453
1042 4.515596866607666 0.000664 0.0011049905266483626 0.0003783917925303034
1043 4.516261100769043 0.000664 0.0008112808421773066 0.00032945651007954024
1044 4.51692533493042 0.000664 0.0010905581104951052 0.0003645892110364318
1045 4.517589569091797 0.000664 0.00080872384319974 0.00033496693278229245
1046 4.518253803253174 0.000664 0.001469007969154061 0.0003607648226064011
1047 4.518918037414551 0.000664 0.0011393715605482588 0.0003660219469766097
1048 4.519582271575928 0.000664 0.001001823367921865 0.00032492872831542413
1049 4.520246505737305 0.000664 0.0008592801540545735 0.00033566627432894084
1050 4.520910739898682 0.000664 0.0010021022725353514 0.0003854311557943144
1051 4.521574974060059 0.000664 0.0011889920132041754 0.00034701410072138017
1052 4.522238731384277 0.000664 0.00030380009498669517 0.00034638466283520527
1053 4.522902965545654 0.000664 0.0012627732364135261 0.0003600117785881382
1054 4.523567199707031 0.000664 0.000766677033418182 0.00034607273169867225
1055 4.524231433868408 0.000664 0.0011038774940427356 0.0003464644773880133
1056 4.524895668029785 0.000664 0.0015327348648650854 0.00039177341443424966
1057 4.525559425354004 0.000664 0.0006701327484883124 0.0003332917428552785
1058 4.526223659515381 0.000664 0.0012746009461268768 0.00034294014823334245
1059 4.526887893676758 0.000664 0.0015460451693886192 0.00037362379252399983
1060 4.527551651000977 0.000664 0.001262492822074064 0.000344203295562758
1061 4.5282158851623535 0.000664 0.0007204074884176669 0.0003532840779528021
1062 4.5288801193237305 0.000664 0.0007852604870772062 0.000338645931333815
1063 4.529543876647949 0.000664 0.00086075027538114 0.00033267629314863927
1064 4.530208110809326 0.000664 0.0006308403451142548 0.0003684385534198434
1065 4.530872344970703 0.000664 0.0013737012516253783 0.0003323983364870514
1066 4.531536102294922 0.000664 0.0010269415743891243 0.0003393449943294422
1067 4.532200336456299 0.000664 0.001816131620643148 0.0003642143294647663
1068 4.532864093780518 0.000632 0.0020007597410781784 0.00035416988753076355
1069 4.533495903015137 0.000664 0.0012110692672084927 0.0003670601213572952
1070 4.534160137176514 0.000664 0.0008200910412826412 0.0003561972273074767
1071 4.534824371337891 0.000664 0.0007255437799983425 0.00033638269311280395
1072 4.535488128662109 0.000664 0.0010095593783936985 0.00039215049311526685
1073 4.536151885986328 0.000664 0.001194297560236532 0.0003249482579700153
1074 4.536816120147705 0.000664 0.0015967727507977866 0.0003377541575339917
1075 4.537480354309082 0.000664 0.001088133907964728 0.00036602277327540576
1076 4.538144111633301 0.000664 0.0017241324529838043 0.00037967252437055713
1077 4.5388078689575195 0.000664 0.0013535096106921448 0.00034377260508800845
1078 4.539471626281738 0.000664 0.000747040581297618 0.0003717995821973119
1079 4.540135383605957 0.000664 0.001308325990482663 0.00037300573761616393
1080 4.540799617767334 0.000664 0.0013792303755499865 0.0003692875130298641
1081 4.541463851928711 0.000664 0.0010499894067446233 0.00034391104866581435
1082 4.54212760925293 0.000664 0.0015410322283231563 0.0003582224190978046
1083 4.542791366577148 0.000664 0.0012827655422997628 0.0003967264238381818
1084 4.543455123901367 0.000664 0.0009246738262657164 0.00034362034476885745
1085 4.544118881225586 0.000664 0.0012915620397178325 0.00033165324841930645
1086 4.544782638549805 0.000664 0.0012036541022098167 0.0004433508154737387
1087 4.545446872711182 0.000664 0.00121372754906582 0.00034124080707556586
1088 4.5461106300354 0.000664 0.00044626827522504977 0.00035920963544798523
1089 4.546774864196777 0.000664 0.0014953300729016435 0.0003548380649053921
1090 4.547438621520996 0.000631 0.0013409893044950293 0.00035865276837043514
1091 4.548069953918457 0.000664 0.0012681201506958388 0.0003399706144818899
1092 4.548733711242676 0.000664 0.001017601035658785 0.0003750976501469264
1093 4.5493974685668945 0.000664 0.001715944187514677 0.00033896477379846256
1094 4.5500617027282715 0.000664 0.00010772787813146813 0.00035362876249554244
1095 4.55072546005249 0.000664 0.0012343854243007874 0.0003907745568899523
1096 4.551389217376709 0.000664 0.0007887655337865855 0.0004186652162273721
1097 4.552052974700928 0.000664 0.0007097688231019315 0.0003608050187824026
1098 4.5527167320251465 0.000664 0.001440400550097125 0.0003580609354240617
1099 4.553380489349365 0.000664 0.001330805566810225 0.00037134613664368654
1100 4.554044246673584 0.000664 0.00119117235737984 0.00032994826360487463
1101 4.554708003997803 0.000664 0.0014574365860494862 0.00034325479203408836
1102 4.5553717613220215 0.000663 0.0008428298073596813 0.00033327545191359873
1103 4.556035041809082 0.000664 0.0013652978301516017 0.0003360389100699262
1104 4.556698799133301 0.000664 0.0010299417476923518 0.0004541904634729196
1105 4.5573625564575195 0.000664 0.0006891734025242954 0.00034081741453726236
1106 4.558026313781738 0.000664 0.000359065604797189 0.0003550419803098305
1107 4.558690071105957 0.000664 0.001210441366797153 0.00035598847406594146
1108 4.559353828430176 0.000664 0.001353722489106104 0.00038698766716569735
1109 4.5600175857543945 0.000663 0.0009715640294086643 0.00036216393479843797
1110 4.560680866241455 0.000664 0.0011934577863792113 0.0002990433802262012
1111 4.561344623565674 0.000664 0.001301930120832036 0.00034011643808444866
1112 4.562008380889893 0.000664 0.001116170213779024 0.0003620350271453168
1113 4.562672138214111 0.000663 0.0011172266510349155 0.00035359118581309033
1114 4.563335418701172 0.000664 0.0009338927510634648 0.0004888613090155672
1115 4.563999176025391 0.000664 0.0017893883972564441 0.0004423004201320637
1116 4.564662933349609 0.000663 0.0004145855734945713 0.000343591702394231
1117 4.56532621383667 0.000664 0.0011916721318658945 0.0003491224672412623
1118 4.565989971160889 0.000664 0.001010101137066352 0.0003483865934413996
1119 4.566653728485107 0.000663 0.0009376091810348807 0.0003649708265344089
1120 4.567317008972168 0.000664 0.0012735188154345501 0.0003764395229651331
1121 4.567980766296387 0.000664 0.0012897222507463992 0.00034955412967752666
1122 4.5686445236206055 0.000663 0.001538057083138798 0.00034072739918838876
1123 4.569307804107666 0.000664 0.0009056221108827086 0.00036295600137222915
1124 4.569971561431885 0.000663 0.0012962322558102686 0.0003824614331112967
1125 4.570634841918945 0.000664 0.0012280430884182643 0.00034227194324904436
1126 4.571298599243164 0.000663 0.0009646574151741926 0.000372599465526776
1127 4.571961879730225 0.000664 0.0007390517058091707 0.0003430548789623678
1128 4.572625637054443 0.000663 0.0013367572254757822 0.0004138839446731291
1129 4.573288917541504 0.000664 0.0012660962193099122 0.0003660530465126643
1130 4.573952674865723 0.000663 0.0012068752994426014 0.0003824902712928978
1131 4.574615955352783 0.000663 0.0013266891273360035 0.0003815415973936296
1132 4.575279235839844 0.000664 0.00043285011965256415 0.00037958538401563276
1133 4.5759429931640625 0.000663 0.0012650582138873977 0.0003537424225703316
1134 4.576606273651123 0.000663 0.0008510664763735907 0.00035657191260616243
1135 4.577269554138184 0.000664 0.0014771307263379849 0.00039005733043094435
1136 4.577933311462402 0.000663 0.0009100033725603192 0.00035474252898258274
1137 4.578596591949463 0.000663 0.001509635125559486 0.00038559125284360945
1138 4.579259872436523 0.000664 0.0010971483653072693 0.00035371731803168825
1139 4.579923629760742 0.000663 0.001282874449308223 0.0003662692414268217
1140 4.580586910247803 0.000663 0.0012728508662918025 0.00037562918539093724
1141 4.581250190734863 0.000663 0.0013215103649603672 0.0003837392686855133
1142 4.581913471221924 0.000664 0.00040615823328413213 0.0003702616135713875
1143 4.582577228546143 0.000663 0.0009948625845177177 0.00037195731107844535
1144 4.583240509033203 0.000663 0.0004035583638698481 0.0003593330875474079
1145 4.583903789520264 0.000663 0.0013282728110322012 0.0003425899001144924
1146 4.584567070007324 0.000663 0.0008670928963383719 0.00036193130345081674
1147 4.585230350494385 0.000663 0.00048311386843013685 0.00038572492986678323
1148 4.585893630981445 0.000663 0.000971717283762947 0.000487019937681248
1149 4.586556911468506 0.000664 0.0016846168569182528 0.0003808947132773062
1150 4.587220668792725 0.000663 0.0013258817981648653 0.00034536876712240545
1151 4.587883949279785 0.000663 0.0009244081479514193 0.0003525347415385351
1152 4.588547229766846 0.000663 0.0008730484616017631 0.0004275923499245766
1153 4.589210510253906 0.000663 0.0008894793880572793 0.0003470410686331503
1154 4.589873790740967 0.000663 0.000623990074263065 0.00044610874878188135
1155 4.590537071228027 0.000663 0.001968547366701024 0.0005348608095892563
1156 4.591200351715088 0.000663 0.0013293923667545956 0.0003455639286793695
1157 4.591863632202148 0.000663 0.0013724930371763803 0.0003416713072156708
1158 4.592526912689209 0.000663 0.0008239627580385805 0.00034837976991978744
1159 4.593189716339111 0.000663 0.0013550628571415164 0.00038288250810661524
1160 4.593852996826172 0.000663 0.0010909812796428909 0.00035253848924637557
1161 4.594516277313232 0.000663 0.0007342416157767092 0.0003690645173876793
1162 4.595179557800293 0.000663 0.0011862233311107303 0.0003840389749377087
1163 4.5958428382873535 0.000663 0.0014508012337342319 0.0003961968741639324
1164 4.596506118774414 0.000663 0.0013932311115306913 0.00037185362544758636
1165 4.597169399261475 0.000663 0.00046613912021732044 0.00038970708076974456
1166 4.597832202911377 0.000663 0.0012694595027879473 0.00039322649305808806
1167 4.5984954833984375 0.000663 0.00045427280202090057 0.00034149289438222506
1168 4.599158763885498 0.000663 0.0013909093663633037 0.0003426480438431153
1169 4.599822044372559 0.000663 0.0012497694196442468 0.00037428373187979754
1170 4.600484848022461 0.000663 0.0014596641638097325 0.000352532368817019
1171 4.6011481285095215 0.000663 0.0011880371496095622 0.000344012507699247
1172 4.601811408996582 0.000663 0.0015254877119206304 0.0003720062611145533
1173 4.602474212646484 0.000663 0.0013959890069411124 0.00037045805762208115
1174 4.603137493133545 0.000631 0.0006099016139894224 0.000401387375375233
1175 4.603768348693848 0.000663 0.000831964258655083 0.00036745836323248096
1176 4.60443115234375 0.000664 0.0008743206749077724 0.0003628003663741517
1177 4.605094909667969 0.000663 0.0008696173923546851 0.0003623301326364289
1178 4.605757713317871 0.000663 0.0009493492089104205 0.00036878818424361493
1179 4.606420516967773 0.000664 0.0017196036446466615 0.0003696489589324938
1180 4.607084274291992 0.000663 0.0019742144937074857 0.000357317331171484
1181 4.6077470779418945 0.000663 0.0009101182800495379 0.0003782191072958358
1182 4.608409881591797 0.000663 0.0012872297890751437 0.00037121805727278513
1183 4.609072685241699 0.000663 0.0018102631000744343 0.0003892332232449194
1184 4.609735488891602 0.000664 0.0011641936926547335 0.00037630765085315115
1185 4.61039924621582 0.000663 0.001054798226455625 0.0004035209642073044
1186 4.611062049865723 0.000663 0.0011871649009980868 0.0003628228950946378
1187 4.611724853515625 0.000663 0.0007760997372861672 0.00035721954080621533
1188 4.612387657165527 0.000663 0.00148952667919002 0.00037796331907558853
1189 4.613050937652588 0.000663 0.0009735760605241233 0.00033476982811165
1190 4.613714218139648 0.000663 0.000959351390114663 0.0003863212742459827
1191 4.614377021789551 0.000663 0.0012394639655248078 0.0003645579552591491
1192 4.615039825439453 0.000663 0.0008947352421793465 0.0004769228697895972
1193 4.6157026290893555 0.000631 0.0013053011814910592 0.0004081313600926668
1194 4.616333484649658 0.000663 0.0014486909619527632 0.00034618213477033026
1195 4.6169962882995605 0.000663 0.0007691710995172893 0.0003830518188398692
1196 4.617659568786621 0.000663 0.0004254962640222277 0.000407764500520276
1197 4.618322372436523 0.000663 0.0013723074750205946 0.00042837514189429524
1198 4.618985176086426 0.000663 0.0009348040059853414 0.0003802311624558427
1199 4.619647979736328 0.000663 0.0006807681024795583 0.0003939550652993093
1200 4.6203107833862305 0.000663 0.0012189339868596363 0.00036148508868549735
1201 4.620973587036133 0.000663 0.0003913302075131748 0.00034429351725421897
1202 4.621636867523193 0.000663 0.0008812908675990591 0.0003961817745000822
1203 4.622299671173096 0.000663 0.0013942986109811342 0.00035480878112366924
1204 4.622962474822998 0.000663 0.0021176613311804315 0.0003876845519171998
1205 4.6236252784729 0.000663 0.0015774105673433936 0.00036473050823247933
1206 4.624288082122803 0.000663 0.0010549574920731195 0.00042458180020939624
1207 4.624950885772705 0.000663 0.001496717323196073 0.00036555381362956673
1208 4.625613689422607 0.000663 0.0008192709855136906 0.0003713191977552815
1209 4.62627649307251 0.000663 0.0016039854063433863 0.0004693103994567535
1210 4.626939296722412 0.000663 0.0003781776680726622 0.00037709649634910434
1211 4.6276021003723145 0.000663 0.0015875481709803556 0.00036487746972883704
1212 4.628264904022217 0.000663 0.0016189090238294022 0.00036891818503674063
1213 4.628927707672119 0.000663 0.0006971642455062016 0.00033798707425362553
1214 4.6295905113220215 0.000663 0.0009261784147765917 0.00031148051609700573
1215 4.630253314971924 0.000663 0.0007214074146797857 0.00035279368139470786
1216 4.630916118621826 0.000662 0.0012299143289371058 0.0003558729995404394
1217 4.63157844543457 0.000663 0.0008876488555971562 0.00036073221414667647
1218 4.632241249084473 0.000663 0.0008946882447634695 0.0003765482839952188
1219 4.632904052734375 0.000663 0.0014517796170241083 0.0003713922020287845
1220 4.633566856384277 0.000663 0.0011989187589034256 0.00036921565366511725
1221 4.63422966003418 0.000662 0.0007961251107900177 0.0003785398962301618
1222 4.634891986846924 0.000663 0.00041442859215196266 0.0002975086658170799
1223 4.635554790496826 0.000663 0.0009803335915839996 0.00036187584536929334
1224 4.6362175941467285 0.000663 0.0006808125821665463 0.000363106167726921
1225 4.636880397796631 0.000662 0.0009189761108274331 0.0003676483976167062
1226 4.637542724609375 0.000663 0.0003262512488488613 0.00040034741603337
1227 4.638205528259277 0.000663 0.0008259117510012732 0.00037773033575361274
1228 4.63886833190918 0.000662 0.0007266481476514138 0.0004157614451349026
1229 4.639530658721924 0.000663 0.0016173299651682101 0.00037685360852858393
1230 4.640193462371826 0.000662 0.0018220844974773133 0.00039847450859055287
1231 4.64085578918457 0.000663 0.0007622326589248464 0.00041323111668082496
1232 4.641518592834473 0.000663 0.00043228876639388197 0.0003523312531663605
1233 4.642181396484375 0.000662 0.0025799756346510964 0.0005785161464357365
1234 4.642843723297119 0.000663 0.0005837972177755119 0.0003334150005663512
1235 4.6435065269470215 0.000662 0.001385946933963847 0.00035951319145304764
1236 4.644168853759766 0.000663 0.001248861225947479 0.00036045556089112644
1237 4.644831657409668 0.000662 0.0011276321803139735 0.0003648525423391168
1238 4.645493984222412 0.000662 0.0010104641618348656 0.0003670929231806129
1239 4.646156311035156 0.000663 0.0011889441663754691 0.0003642640240607392
1240 4.646819114685059 0.000662 0.001032251475342699 0.0003826930840387842
1241 4.647481441497803 0.000663 0.0006253988970435603 0.0003590300437777577
1242 4.648144245147705 0.000662 0.0011638117510510272 0.0003317719234340047
1243 4.648806571960449 0.000662 0.0004575951454319313 0.00035448985906022653
1244 4.649468898773193 0.000663 0.0007998539161510648 0.0003666389259653894
1245 4.650131702423096 0.000662 0.0015522053026533404 0.0003591295158254362
1246 4.65079402923584 0.000662 0.0007925808054871511 0.00043586440452967636
1247 4.651456356048584 0.000663 0.0010111266273293475 0.00038443391582073657
1248 4.652119159698486 0.000662 0.001204908349301132 0.0003892755580319793
1249 4.6527814865112305 0.000662 0.0015683323548704648 0.0003910354163194663
1250 4.653443813323975 0.000662 0.0023788723107208932 0.00042522734361894653
1251 4.654106140136719 0.000663 0.0012640736436111582 0.00043274946142988726
1252 4.654768943786621 0.000662 0.0011070232699807675 0.00036152756821701174
1253 4.655431270599365 0.000662 0.001005545086802096 0.0003622905853851688
1254 4.656093597412109 0.000662 0.0019527670585950244 0.0003502659884184082
1255 4.6567559242248535 0.000662 0.001057677750489002 0.00037393365277522495
1256 4.657418251037598 0.000662 0.0007576428525485436 0.00034140690018382146
1257 4.658080577850342 0.000662 0.0016479487247620384 0.0003676040323315625
1258 4.658742904663086 0.000663 0.000979850940230709 0.000364377007863009
1259 4.659405708312988 0.000662 0.0014426645261895246 0.0003508831570534926
1260 4.660068035125732 0.000662 0.0009161191752611342 0.0003667707630667197
1261 4.660730361938477 0.000662 0.0010548011559427238 0.00038097624400485326
1262 4.661392688751221 0.000662 0.0022615352962780683 0.0004554619616596232
1263 4.662055015563965 0.000662 0.0008296265239862014 0.000398592702093854
1264 4.662717342376709 0.000662 0.0007539952451288652 0.0003936186584302258
1265 4.663379669189453 0.000662 0.001128957094040326 0.00034618853468132004
1266 4.664041996002197 0.000662 0.0009132637000086019 0.00035395874761766746
1267 4.664703845977783 0.000662 0.0011697808127306914 0.0003598072548430879
1268 4.665366172790527 0.000662 0.0013089257791373625 0.0003642989747360233
1269 4.6660284996032715 0.000662 0.0007437675966204493 0.00035515197480025777
1270 4.666690826416016 0.00063 0.0008056647238296372 0.0003711167947586587
1271 4.66732120513916 0.000662 0.0011244473647358973 0.0003484797228710144
1272 4.667983055114746 0.000662 0.00045688002618074 0.00037176666904051097
1273 4.66864538192749 0.000662 0.001380308152879147 0.0003967066859895958
1274 4.669307708740234 0.000662 0.0013756550489263078 0.0003895673317172912
1275 4.66996955871582 0.000663 0.000618338111123278 0.0003570633322590213
1276 4.670632362365723 0.000662 0.0005128158401817617 0.0003625180664399236
1277 4.671294212341309 0.000662 0.001243953015002344 0.00035913496990696414
1278 4.6719560623168945 0.000663 0.000901694938221965 0.0003440385832600475
1279 4.672618865966797 0.000662 0.0005609532049059456 0.00037332418826962045
1280 4.673280715942383 0.000662 0.0012393147248302681 0.0003799248973053587
1281 4.673942565917969 0.000663 0.002014285694428976 0.0005911908828244561
1282 4.674605369567871 0.000662 0.0008013926665121171 0.00038316901958267944
1283 4.675267219543457 0.000662 0.001172988916971456 0.00038973963832894813
1284 4.675929069519043 0.000662 0.0012406318323617159 0.0003785664404736436
1285 4.676591396331787 0.000662 0.0012293396899106647 0.0004351204029550449
1286 4.677253723144531 0.000662 0.0015531310175074106 0.0003715972385214502
1287 4.677915573120117 0.000662 0.0005808309486648011 0.00036524632096263
1288 4.678577899932861 0.00063 0.001076718570944709 0.0003730340196527812
1289 4.679207801818848 0.000662 0.0013086505034401686 0.0003913597722873429
1290 4.679869651794434 0.000662 0.0010508266053081022 0.00035515455713593867
1291 4.680531978607178 0.000662 0.0011982603634823731 0.00038197251086752836
1292 4.681193828582764 0.000662 0.001206427217521525 0.00035626236965152763
1293 4.68185567855835 0.000662 0.0014251225009694057 0.0004197707633240163
1294 4.682518005371094 0.000662 0.0012781144815783045 0.0003769954606769712
1295 4.68317985534668 0.000662 0.0005411066489654261 0.00041489215532220045
1296 4.683842182159424 0.000662 0.0010311934969638552 0.0004105271738146705
1297 4.68450403213501 0.000662 0.00160277271055855 0.0004567104426038835
1298 4.685165882110596 0.000662 0.0011335380131203975 0.0003672200042633532
1299 4.68582820892334 0.000662 0.001283567614199814 0.0004515614305739094
1300 4.686490058898926 0.000662 0.0017667487911666236 0.000416558396802755
1301 4.687151908874512 0.000662 0.0008554187333340459 0.00037620686484404953
1302 4.687813758850098 0.000662 0.0012615181933540512 0.0003768904973591212
1303 4.688476085662842 0.000662 0.0017631003416355593 0.0004340450259038903
1304 4.689137935638428 0.000662 0.0016087654942888905 0.0003810338804551082
1305 4.689799785614014 0.000662 0.0013028302052042508 0.0003755697164121312
1306 4.6904616355896 0.000662 0.000726794277801107 0.00036371645117529763
1307 4.691123962402344 0.000662 0.0006480241390517216 0.0004053983798859629
1308 4.69178581237793 0.000662 0.0012165012602706328 0.00038376853362927715
1309 4.692447662353516 0.000662 0.0014087139348291557 0.0003844329382034247
1310 4.693109512329102 0.000662 0.0010551534472030884 0.00037568616061100087
1311 4.6937713623046875 0.000662 0.0006602863650911311 0.00037340014375326344
1312 4.694433212280273 0.000662 0.0005911027170684602 0.0003615421972658042
1313 4.695095062255859 0.000662 0.0004403060922496126 0.00036044764733771556
1314 4.695756912231445 0.000662 0.0010835238939022104 0.00039498543248890936
1315 4.696418762207031 0.000662 0.0017713650686296775 0.00036342859946810445
1316 4.697080612182617 0.000662 0.0008570409640415283 0.00037564048244229814
1317 4.697742462158203 0.000662 0.0012416139731786162 0.00037554417997478823
1318 4.698404312133789 0.000662 0.0014451111925923468 0.0004521859348589149
1319 4.699066162109375 0.000662 0.0014177713856509463 0.0003836020955376651
1320 4.699728012084961 0.000662 0.000990588655414985 0.00040250859512051286
1321 4.700389862060547 0.000662 0.0003534670846617596 0.0004711694830898472
1322 4.701051712036133 0.000662 0.0007724460997065822 0.0004061614832009886
1323 4.701713562011719 0.000661 0.0011841020367799506 0.00037846126059664585
1324 4.7023749351501465 0.000662 0.0007367608360427693 0.00040938831679994793
1325 4.703036785125732 0.000662 0.0016080232492068375 0.000399208990420403
1326 4.703698635101318 0.000662 0.0007593468355417338 0.00043752140163330914
1327 4.704360485076904 0.000662 0.0009912925082933483 0.00042633549977181775
1328 4.70502233505249 0.000661 0.0011758876287091737 0.0004016167862630063
1329 4.705683708190918 0.000662 0.0007785659337883104 0.00037138128050798083
1330 4.706345558166504 0.000662 0.0012786430302064286 0.00040851882631647067
1331 4.70700740814209 0.000661 0.0006989425814470113 0.00036526246972055617
1332 4.707668781280518 0.000662 0.001206528996683854 0.0003714724117761908
1333 4.7083306312561035 0.000662 0.000984862877438521 0.0004145936140354636
1334 4.7089924812316895 0.000661 0.0008067700155495518 0.0004163522712916262
1335 4.709653854370117 0.000662 0.0006375865648258485 0.00039382836169742736
1336 4.710315704345703 0.000662 0.0008259882928866675 0.00037292797945221454
1337 4.710977554321289 0.000661 0.0009737541539206118 0.0003807337403670386
1338 4.711638927459717 0.000662 0.0012809105853675584 0.00038531477649006565
1339 4.712300777435303 0.000661 0.001280961954984802 0.000394839492910175
1340 4.7129621505737305 0.000662 0.0009160346099071097 0.000390600167454757
1341 4.713624000549316 0.000661 0.0007610266614969694 0.0003907550839407788
1342 4.714285373687744 0.000662 0.0004261763947510245 0.000379309691698282
1343 4.71494722366333 0.000661 0.0013952073531085189 0.0003806433538370122
1344 4.715608596801758 0.000662 0.0006766655034041011 0.0003720001493139278
1345 4.716270446777344 0.000661 0.001218652214666602 0.0003743355768160054
1346 4.7169318199157715 0.000662 0.001072958311288398 0.0004185566575552714
1347 4.717593669891357 0.000661 0.0009152201884750727 0.0003819271351083367
1348 4.718255043029785 0.000661 0.0008643590518568839 0.0004536278969628145
1349 4.718916416168213 0.000662 0.0007208489200765284 0.0004351423436003204
1350 4.719578266143799 0.000661 0.0004424111664562546 0.00039365885661429427
1351 4.720239639282227 0.000661 0.0009965301111450134 0.00040927959840849617
1352 4.720901012420654 0.000662 0.0009135227164298583 0.0003707304006529696
1353 4.72156286239624 0.000661 0.0002741590328819766 0.0003845184946330394
1354 4.722224235534668 0.000661 0.0008565047689610803 0.00038923534986489246
1355 4.722885608673096 0.000661 0.0010923861458816443 0.00036108171850018184
1356 4.723546981811523 0.000662 0.0005756347487457694 0.0003668986704873537
1357 4.724208831787109 0.000661 0.002071261429412448 0.0003865343626998225
1358 4.724870204925537 0.000661 0.0011038794652017303 0.00037052622232815554
1359 4.725531578063965 0.000661 0.0006619861728180426 0.00037349878641953365
1360 4.726192951202393 0.000629 0.001439224855086586 0.0003994476058190131
1361 4.7268218994140625 0.000661 0.0011042356315242282 0.00037774809920695923
1362 4.72748327255249 0.000661 0.0010940995624260227 0.0004178753222518337
1363 4.728144645690918 0.000662 0.0010303147340641485 0.0003899684176321369
1364 4.728806495666504 0.000661 0.0013812486150869571 0.0003757024409327628
1365 4.729467868804932 0.000661 0.0014811670867733346 0.00037368835548088133
1366 4.730129241943359 0.000661 0.0009106774109761806 0.0003797888757274022
1367 4.730790615081787 0.000661 0.0006825358310298498 0.0003801743454220246
1368 4.731451988220215 0.000661 0.0012778297085915306 0.0004344081529590463
1369 4.732113361358643 0.000661 0.0010964649984060992 0.00039690718421198817
1370 4.73277473449707 0.000661 0.0011028809473581295 0.00041473975220657043
1371 4.73343563079834 0.000661 0.000934452247013893 0.00045327521816672774
1372 4.734097003936768 0.000661 0.000752056622071404 0.0003834313065485378
1373 4.734758377075195 0.000661 0.0013150991599328466 0.0003914002905867537
1374 4.735419750213623 0.000661 0.0012428428653125042 0.00039984968481869445
1375 4.736081123352051 0.000661 0.0013427332866737952 0.0003784255003943024
1376 4.7367424964904785 0.000629 0.0008905027047423505 0.00038064036608994993
1377 4.737371444702148 0.000661 0.0009168617303435753 0.00043219010086977075
1378 4.738032817840576 0.000661 0.0011400859101342539 0.00040111724011223233
1379 4.738693714141846 0.000661 0.001150248854317002 0.00043617861140085536
1380 4.739355087280273 0.000661 0.0008987781625915512 0.0003742762238286348
1381 4.740016460418701 0.000661 0.0014952355188515812 0.0003747652203430225
1382 4.740677833557129 0.000661 0.00041711359219549744 0.0003825497865031304
1383 4.741338729858398 0.000661 0.0009895888587748403 0.00038140929154972304
1384 4.742000102996826 0.000661 0.0018839744163652427 0.0003953802406948525
1385 4.742661476135254 0.000661 0.0006825357769319237 0.00038078305980253634
1386 4.743322372436523 0.000661 0.001301562080165167 0.00037769761823868564
1387 4.743983745574951 0.000661 0.0009391445985470854 0.00040242267873007105
1388 4.744644641876221 0.000661 0.0005403222376402195 0.00036343270723924624
1389 4.745306015014648 0.000661 0.0004773113312806711 0.0003962854644176476
1390 4.745967388153076 0.000661 0.0010542609927350621 0.0004084303192327675
1391 4.746628284454346 0.000661 0.0013674708908224663 0.0004014228933621688
1392 4.747289657592773 0.000661 0.0010568440601656133 0.00039243654187641057
1393 4.747950553894043 0.000661 0.001000031508657544 0.0004124576287813024
1394 4.748611927032471 0.000661 0.0012632225085385878 0.0004204621804858265
1395 4.74927282333374 0.000661 0.0015378944324765493 0.000387436933682857
1396 4.749934196472168 0.000661 0.0013324064687890865 0.00041876638599364714
1397 4.7505950927734375 0.000661 0.0004821136453749688 0.0003790409258414047
1398 4.751255989074707 0.000661 0.0008980351700438437 0.000426182645070365
1399 4.751917362213135 0.000661 0.0008658229647543565 0.0003987179828803795
1400 4.752578258514404 0.000661 0.0005050064288267674 0.00038762375057998664
1401 4.753239631652832 0.000661 0.001122131864793989 0.0003771698778487933
1402 4.753900527954102 0.000661 0.0007657758907703454 0.00036536022903632177
1403 4.754561424255371 0.000661 0.0007666860602831303 0.0004117600614751341
1404 4.755222320556641 0.000661 0.0012717957119592913 0.0004130333277709921
1405 4.755883693695068 0.000661 0.0006513809511152573 0.0004087005706656604
1406 4.756544589996338 0.000661 0.001121591368317083 0.00038505693118556685
1407 4.757205486297607 0.000661 0.0017668112376277851 0.00037235405949679175
1408 4.757866382598877 0.000661 0.001575528957219382 0.00038760197962422604
1409 4.758527755737305 0.000661 0.001118333662637594 0.0004141899851663999
1410 4.759188652038574 0.000661 0.001384776492554935 0.00039127996825382094
1411 4.759849548339844 0.000661 0.001745019892729478 0.0004063377686835773
1412 4.760510444641113 0.000661 0.0007977418139338672 0.00037811085474147516
1413 4.761171340942383 0.000661 0.001386136920020345 0.00043197056274458905
1414 4.761832237243652 0.000661 0.0009288421174112015 0.00042670050050295914
1415 4.762493133544922 0.000661 0.0006541827094989265 0.0003930140646392426
1416 4.763154029846191 0.000661 0.001060264341085047 0.00039617807513109445
1417 4.763814926147461 0.000661 0.0007899840142228294 0.00039392590012842936
1418 4.7644758224487305 0.000661 0.000515204255290748 0.0004827162802945179
1419 4.76513671875 0.000661 0.0009045541426686747 0.00042533043503757597
1420 4.7657976150512695 0.000661 0.000719868437715719 0.00039370531024983217
1421 4.766458511352539 0.000661 0.0008346414736513695 0.00038676682646962665
1422 4.767119407653809 0.000661 0.000750922896882419 0.00046493262221339576
1423 4.767780303955078 0.000661 0.0006281743097475498 0.000433694260614701
1424 4.768441200256348 0.000661 0.0013239123082907798 0.00044811552284129593
1425 4.769102096557617 0.000661 0.0008646835849384719 0.0004193446790111791
1426 4.769762992858887 0.000661 0.0004521394435977727 0.0003817079407729824
1427 4.770423889160156 0.000661 0.0010813378591630043 0.00040306142078270346
1428 4.771084785461426 0.00066 0.0007889880550810125 0.00040120557076615376
1429 4.771745204925537 0.000661 0.001316578771052052 0.00040799364567476126
1430 4.772406101226807 0.000661 0.0011536756198779544 0.00038662276165183994
1431 4.773066997528076 0.000661 0.0016793499451207528 0.00039787756926082873
1432 4.773727893829346 0.00066 0.0018653620901255574 0.0005187915396386917
1433 4.774388313293457 0.000661 0.0010481020857010426 0.0003996606340489094
1434 4.775049209594727 0.000661 0.0016323197483188367 0.0003899206307998753
1435 4.775710105895996 0.00066 0.0013239533684985903 0.000398397908794567
1436 4.776370525360107 0.000661 0.0016721335151409476 0.0003880179770767637
1437 4.777031421661377 0.000661 0.0012737842169894104 0.0003605818517435007
1438 4.7776923179626465 0.00066 0.0003778390288920638 0.00038881720123878964
1439 4.778352737426758 0.000661 0.0012936556793110498 0.0004167765522100978
1440 4.779013633728027 0.00066 0.0006856638823756519 0.000435671450260996
1441 4.779674053192139 0.000661 0.0009578728540496157 0.00041419813460054106
1442 4.780334949493408 0.00066 0.000846433638140471 0.00038958619864000975
1443 4.7809953689575195 0.000661 0.0008474562741622895 0.00042058674308301084
1444 4.781656265258789 0.000628 0.0013056636593189578 0.0004871179230269567
1445 4.782284259796143 0.000661 0.00041771721921743117 0.00041735124591878387
1446 4.782945156097412 0.00066 0.001397491045441574 0.0003902819394002552
1447 4.783605575561523 0.000661 0.0012123067521851963 0.00037388136978564287
1448 4.784266471862793 0.00066 0.0007252443931983798 0.0004190161150545856
1449 4.784926891326904 0.00066 0.0006116116889272651 0.0003919537334087635
1450 4.785587310791016 0.000661 0.002177578960771355 0.00040179884710714374
1451 4.786248207092285 0.00066 0.0006193902869151101 0.0004186848011813849
1452 4.7869086265563965 0.00066 0.0005524294381336409 0.0004002429080154789
1453 4.787569046020508 0.000661 0.00082929074265733 0.00043976220778520116
1454 4.788229942321777 0.00066 0.0009647642427303396 0.0004178175649782333
1455 4.788890361785889 0.00066 0.001724943017673565 0.000432332087449393
1456 4.78955078125 0.000661 0.001164147973379102 0.0003869494258414468
1457 4.7902116775512695 0.00066 0.0009669332623532772 0.0003875600419223579
1458 4.790872097015381 0.00066 0.0010693203965178046 0.00038314095503942853
1459 4.791532516479492 0.000628 0.0012751598552588942 0.00039748677609847727
1460 4.792160511016846 0.00066 0.0006541323758830847 0.00040207802414745237
1461 4.792820930480957 0.00066 0.0007942107830210348 0.0005109268914894067
1462 4.793481349945068 0.00066 0.0006446120229440955 0.0004623428990153324
1463 4.79414176940918 0.00066 0.0016220141394987274 0.0004425358032187592
1464 4.794802188873291 0.000661 0.0002380723294447225 0.0004038038977955992
1465 4.7954630851745605 0.00066 0.002027243900367086 0.00046228291407026696
1466 4.796123504638672 0.00066 0.0007824310963038034 0.0004133026834840369
1467 4.796783924102783 0.00066 0.0015784148818915478 0.00038246982421664846
1468 4.7974443435668945 0.00066 0.0003970002693869117 0.00038224509535589947
1469 4.798104763031006 0.00066 0.0008123520783238824 0.00039722722105853367
1470 4.798765182495117 0.00066 0.0011842928723489164 0.00041048207429295
1471 4.7994256019592285 0.00066 0.0005152265025053591 0.00037185976714656225
1472 4.80008602142334 0.00066 0.0012393259037386441 0.00038519023478597234
1473 4.800745964050293 0.00066 0.0010197245456284433 0.0004969444579197624
1474 4.801406383514404 0.00066 0.0011833651619518608 0.00044370639966770923
1475 4.802066802978516 0.00066 0.0005393870668213992 0.0003072320775434214
1476 4.802727222442627 0.00066 0.0010702960925474412 0.00041133941099482193
1477 4.803387641906738 0.00066 0.0009759319743038502 0.0004338461438663822
1478 4.80404806137085 0.00066 0.0006267335951017331 0.0003900087378451756
1479 4.804708480834961 0.00066 0.0010362470472334432 0.0003958453768577919
1480 4.805368423461914 0.00066 0.0013581440306558374 0.00043130231027059475
1481 4.806028842926025 0.00066 0.0012960558133402861 0.0005233544893202398
1482 4.806689262390137 0.00066 0.0006795314751099756 0.000409605685808387
1483 4.807349681854248 0.00066 0.0009028577611427328 0.0005604897908932322
1484 4.808009624481201 0.00066 0.0008643704766873182 0.00040656451110601796
1485 4.8086700439453125 0.00066 0.0012861608153186793 0.00042565531471223055
1486 4.809330463409424 0.00066 0.0010515166200014822 0.0005082452353266247
1487 4.809990406036377 0.00066 0.0007333445006347418 0.00043216388808984163
1488 4.810650825500488 0.00066 0.001301597354122174 0.0004238837336106532
1489 4.811310768127441 0.00066 0.0008141801643721488 0.00040283821012878355
1490 4.811971187591553 0.00066 0.0013586858972256032 0.0004244431733295405
1491 4.812631130218506 0.00066 0.0014740540903223963 0.0004361355653006663
1492 4.813291549682617 0.00066 0.0012231937695665143 0.0004608384379789181
1493 4.8139519691467285 0.00066 0.0010890144926306933 0.00042745764326025405
1494 4.814611911773682 0.00066 0.00033793532215937734 0.00042394653798103377
1495 4.815271854400635 0.00066 0.0014610597893756874 0.0004252499444634668
1496 4.815932273864746 0.00066 0.00170825202860428 0.00047134742315663137
1497 4.816592216491699 0.00066 0.00042314971770808117 0.000416516411686714
1498 4.8172526359558105 0.00066 0.0013857049211974711 0.00042492007994238763
1499 4.817912578582764 0.00066 0.0004624311655291848 0.0003506387751485351
1500 4.818572998046875 0.00066 0.0011528397541757942 0.0004187521935362051
1501 4.819232940673828 0.00066 0.0011072707380965626 0.0004275086268822357
1502 4.819892883300781 0.00066 0.0012403498304691435 0.00038976794108421014
1503 4.820553302764893 0.00066 0.0010160481592825356 0.00039699109725600313
1504 4.821213245391846 0.00066 0.0012413968155329672 0.00039927966766134293
1505 4.821873188018799 0.00066 0.001440384028017698 0.000404647890555138
1506 4.822533130645752 0.00066 0.00072844085140387 0.00038378911420392935
1507 4.823193550109863 0.00066 0.0018946959416551235 0.0004068651846882307
1508 4.823853492736816 0.00066 0.0004806189136212628 0.0004935269862422827
1509 4.8245134353637695 0.00066 0.0011443389104515307 0.0004402713717093663
1510 4.825173377990723 0.00066 0.0006122294799736096 0.0004207464821809932
1511 4.825833320617676 0.00066 0.0008718895178134358 0.00046460689837078987
1512 4.826493263244629 0.00066 0.0017144563957596187 0.0004140422850447536
1513 4.82715368270874 0.00066 0.0009186779193033473 0.00039936496236232013
1514 4.827813625335693 0.00066 0.0009237717511571402 0.00046114313952280765
1515 4.8284735679626465 0.00066 0.0013808922458961536 0.0004198849815647763
1516 4.8291335105896 0.00066 0.000989226027522959 0.0004069483389292534
1517 4.829793453216553 0.00066 0.0019438019755284022 0.00043543426631402824
1518 4.830453395843506 0.00066 0.0012816811242076715 0.00038816114544668805
1519 4.831113338470459 0.00066 0.000985528155365914 0.0004076244435964352
1520 4.831773281097412 0.00066 0.0007729481682246401 0.00039532904319739947
1521 4.832433223724365 0.00066 0.0013993673036240858 0.00043213710191216797
1522 4.833093166351318 0.000659 0.000883373498946433 0.0003985081128076878
1523 4.833752632141113 0.000628 0.0014403371114222428 0.0004126748632848288
1524 4.834380149841309 0.00066 0.00097736033057729 0.0004132670247420096
1525 4.835040092468262 0.00066 0.0006650266019422755 0.00043068134545426776
1526 4.835700035095215 0.00066 0.00036763410933564463 0.00042699532131644535
1527 4.836359977722168 0.00066 0.0008218444263416491 0.0003956407950957452
1528 4.837019920349121 0.000659 0.0015575101951310647 0.0005693315617510475
1529 4.837679386138916 0.00066 0.0006641063524805029 0.0004393807437855909
1530 4.838339328765869 0.000659 0.0008925378649367358 0.0005492012281184005
1531 4.838998794555664 0.00066 0.0006413494942668664 0.00041352467228290883
1532 4.839658737182617 0.00066 0.0009993764112244659 0.0004267760114678403
1533 4.84031867980957 0.00066 0.0012943472967095484 0.00040729664580648774
1534 4.840978622436523 0.00066 0.0013285840889197147 0.0004382530744211989
1535 4.841638565063477 0.000659 0.0010004976441579739 0.0004238396862421812
1536 4.8422980308532715 0.000659 0.001388891118230897 0.0004074506882788531
1537 4.842957496643066 0.000628 0.0008130414715115888 0.000390793370008806
1538 4.843585014343262 0.000659 0.0011346822231455742 0.00041533378209186093
1539 4.844244480133057 0.00066 0.000751767041152002 0.00045035143737462836
1540 4.84490442276001 0.00066 0.0019422615052978802 0.00043091023174986166
1541 4.845564365386963 0.000659 0.0009235918403697805 0.0004670097269723263
1542 4.846223831176758 0.00066 0.00127729729697039 0.0004705651904199399
1543 4.846883773803711 0.000659 0.000922562682620398 0.000386439731740906
1544 4.847543239593506 0.000659 0.0014415501973845607 0.0004803758599066702
1545 4.848202705383301 0.00066 0.0012916579168341389 0.00042420513947821173
1546 4.848862648010254 0.000659 0.0010984819504457424 0.0004363272112444842
1547 4.849522113800049 0.00066 0.0010671401394415927 0.00040151883397264226
1548 4.850182056427002 0.000659 0.0009420228542370484 0.0004202562657373744
1549 4.850841522216797 0.000659 0.0002243978196198094 0.00044071792329586053
1550 4.851500988006592 0.00066 0.0007370510382812051 0.00039559648952663707
1551 4.852160930633545 0.000659 0.0004905730152769414 0.0003774597980315887
1552 4.85282039642334 0.000659 0.0008941397239690043 0.00042255496322798306
1553 4.853479862213135 0.00066 0.0010816253741999838 0.0004114364781578829
1554 4.854139804840088 0.000659 0.0019482530012202319 0.00048596600364132303
1555 4.854799270629883 0.000659 0.0016156803726800175 0.00041385687602644023
1556 4.855458736419678 0.000659 0.0009348155739389045 0.0004148063924925126
1557 4.856118202209473 0.000659 0.0012924904236799378 0.0004481029158292667
1558 4.856777667999268 0.000659 0.0013992245828682156 0.0004229857089696827
1559 4.8574371337890625 0.00066 0.0010674182828938217 0.0004398051331265843
1560 4.858097076416016 0.000659 0.0013447717395754831 0.00044056042228163354
1561 4.8587565422058105 0.000659 0.0003379695929257525 0.0005061629537968505
1562 4.8594160079956055 0.000659 0.0013599117363171692 0.0005603728441764283
1563 4.8600754737854 0.000659 0.0013057640144485592 0.0004340450320225087
1564 4.860734939575195 0.000659 0.0012261806561482892 0.0004589178237647979
1565 4.86139440536499 0.000659 0.0008231130021243608 0.0004964184099763781
1566 4.862053871154785 0.000659 0.0006799396237213591 0.0003925333374815642
1567 4.86271333694458 0.000659 0.000440158423581725 0.00041335899934639677
1568 4.863372802734375 0.000659 0.0009952221521535877 0.00048021657452464086
1569 4.86403226852417 0.000659 0.00017252918152705314 0.0004181745835558695
1570 4.864691734313965 0.000659 0.0010371051662609585 0.0004304363974061992
1571 4.86535120010376 0.000659 0.001669817587733191 0.0004487498478502453
1572 4.866010665893555 0.000659 0.0008863734783353405 0.00044007791288074103
1573 4.866669654846191 0.000659 0.0016191858386695522 0.0004360533166033576
1574 4.867329120635986 0.000659 0.0010375948764916286 0.0004108093379405136
1575 4.867988586425781 0.000659 0.0009125564517192421 0.0004014439096720981
1576 4.868648052215576 0.000659 0.0015027837526793155 0.00048151602162372823
1577 4.869307518005371 0.000659 0.0011358003620609042 0.0003944765807310253
1578 4.869966506958008 0.000659 0.0008971905517383214 0.0004303592487092721
1579 4.870625972747803 0.000659 0.00039368670055978176 0.000405709796127872
1580 4.871285438537598 0.000659 0.000883612548610102 0.0003891330998790045
1581 4.871944904327393 0.000659 0.0012466952069701443 0.00041524851063533524
1582 4.872603893280029 0.000659 0.0017225319254940332 0.00041889001441899795
1583 4.873263359069824 0.000659 0.0012453812127788868 0.0004326816670214805
1584 4.873922824859619 0.000659 0.00046884458294593816 0.00046725483414602163
1585 4.874581813812256 0.000659 0.00227115272997894 0.00043392868482310836
1586 4.875241279602051 0.000659 0.0016511346604185023 0.0004174162415574254
1587 4.8759002685546875 0.000659 0.0014115734532030842 0.0004335859582159894
1588 4.876559734344482 0.000659 0.001083448423923744 0.00043183730024369223
1589 4.877218723297119 0.000659 0.0008376180843587524 0.00046501836086314014
1590 4.877878189086914 0.000659 0.0006084372731922824 0.00044086947520244026
1591 4.878537178039551 0.000659 0.0012332865134059557 0.0004485859137607877
1592 4.879196643829346 0.000659 0.0013842246152177672 0.00040649142180465976
1593 4.879855632781982 0.000659 0.0013508883367405133 0.0004076443792628304
1594 4.880515098571777 0.000659 0.0014231625654080307 0.0004202601501119849
1595 4.881174087524414 0.000659 0.0012830066110450984 0.0004158422700769201
1596 4.881833553314209 0.000659 0.000917135105113521 0.00039473140218401775
1597 4.882492542266846 0.000659 0.0009252708301287074 0.00045951696404999975
1598 4.883151531219482 0.000627 0.001739669866297856 0.0004127110425861913
1599 4.8837785720825195 0.000659 0.0014747175196286925 0.00044041136752028025
1600 4.884437561035156 0.000659 0.001366617004913347 0.00047312780064494026
1601 4.885096549987793 0.000659 0.0009699658270766976 0.0004318534766303673
1602 4.88575553894043 0.000659 0.00045357929624159323 0.0004626807871044971
1603 4.886414527893066 0.000659 0.0004930474591883791 0.00041292743938260614
1604 4.887073516845703 0.000659 0.0003819661808080598 0.00044547272252469587
1605 4.88773250579834 0.000659 0.0012434367645599177 0.00041753059978223933
1606 4.888391494750977 0.000659 0.0009368094470514788 0.000409535317322826
1607 4.889050483703613 0.00066 0.0014129743794747246 0.00040627191869111953
1608 4.889710426330566 0.000659 0.0009672237511684684 0.00038359979752960235
1609 4.890369415283203 0.000659 0.0002988765845164607 0.00041474973450598377
1610 4.89102840423584 0.000659 0.0013223404507270598 0.0004211989910928007
1611 4.891687393188477 0.000626 0.0004570188375512799 0.00041824493181798927
1612 4.892313480377197 0.000659 0.001467642216370856 0.0005338467375289408
1613 4.892972469329834 0.000659 0.0005556337250347471 0.0003524361343475776
1614 4.893631458282471 0.000659 0.0008565670793331383 0.00044241205648959126
1615 4.894290447235107 0.000659 0.0012657030541620208 0.00046333910896560905
1616 4.894949436187744 0.000659 0.0013591631411169801 0.00046890286672685944
1617 4.895608425140381 0.000659 0.0008827043654706132 0.0004418300450237918
1618 4.896267414093018 0.000659 0.0007961755943790321 0.0004244726473831404
1619 4.896926403045654 0.000659 0.0006812721012686124 0.0004642855040984771
1620 4.897584915161133 0.000659 0.0015192267798137121 0.0004320965899227035
1621 4.8982439041137695 0.000659 0.0019153348442308834 0.0004721992196617559
1622 4.898902893066406 0.000659 0.0008202639171779161 0.00042855101278335824
1623 4.899561882019043 0.000659 0.001507187306239326 0.0004753791397226243
1624 4.90022087097168 0.000659 0.0016284817919752837 0.0004186598652558336
1625 4.900879859924316 0.000659 0.00062086734700947 0.0005125353518919811
1626 4.901538372039795 0.000659 0.001245054049510705 0.00043438192491657135
1627 4.902197360992432 0.000659 0.0019822993777676946 0.0004772565550567951
1628 4.902856349945068 0.000659 0.0010098879828550832 0.00041739314305764863
1629 4.903514862060547 0.000659 0.0010168928514432264 0.0004861110415131465
1630 4.904173851013184 0.000659 0.0012164124428140943 0.0004122526897094023
1631 4.90483283996582 0.000659 0.0012118013863708955 0.00040529978791088223
1632 4.905491352081299 0.000659 0.00025318320020130023 0.00042083176722245585
1633 4.9061503410339355 0.000659 0.0006082681004909118 0.0004424705764695124
1634 4.906808853149414 0.000659 0.0010436660215764253 0.0004386981804915287
1635 4.907467842102051 0.000659 0.0005596086186092923 0.00041698281635669675
1636 4.9081268310546875 0.000659 0.0009834639047731806 0.0004039520753294977
1637 4.908785343170166 0.000659 0.0006818236343845964 0.00043787820455087125
1638 4.909444332122803 0.000659 0.0008839672241353685 0.0004241906172036321
1639 4.910102844238281 0.000659 0.0015299791766831255 0.0004116289252659977
1640 4.91076135635376 0.000659 0.0006337369229238111 0.00042957554080410735
1641 4.9114203453063965 0.000659 0.0010796561277949277 0.0005093064546829368
1642 4.912078857421875 0.000659 0.0013524406408416854 0.0004704732642874101
1643 4.912737846374512 0.000659 0.0013030796687970169 0.0005042156342998843
1644 4.91339635848999 0.000659 0.001003315830810297 0.00044629349294039483
1645 4.914054870605469 0.000659 0.0013675496076095122 0.00046458539776133515
1646 4.9147138595581055 0.000659 0.0013560483547337685 0.0004461643694379312
1647 4.915372371673584 0.000659 0.0005047635247554876 0.00040579964251762383
1648 4.9160308837890625 0.000659 0.0015718842779497639 0.0004612227471894028
1649 4.916689395904541 0.000659 0.0016783715817323003 0.0004294378221153744
1650 4.917348384857178 0.000659 0.0016332552864919518 0.0004346884287815337
1651 4.918006896972656 0.000659 0.001352019252887566 0.0004959920188109391
1652 4.918665409088135 0.000659 0.0010452000027193606 0.0004499155116763218
1653 4.919323921203613 0.000659 0.0013873587260160214 0.00045383879258753356
1654 4.919982433319092 0.000659 0.0019079617520896606 0.00045713566962310594
1655 4.9206414222717285 0.000659 0.0010379612064760236 0.0004282695278135158
1656 4.921299934387207 0.000659 0.000442919095367634 0.00043774693490902116
1657 4.9219584465026855 0.000659 0.0013486299232208232 0.0004212743653836297
1658 4.922616958618164 0.000659 0.0008437132411919027 0.00040774948089574613
1659 4.923275470733643 0.000659 0.0006348873754121655 0.0005505535539009084
1660 4.923933982849121 0.000659 0.0015757304967070865 0.00040222460559741446
1661 4.9245924949646 0.000659 0.0013600689088557544 0.0004309697774311399
1662 4.925251007080078 0.000659 0.0014824058312059474 0.0004243401924785082
1663 4.925909519195557 0.000659 0.00018324663428052925 0.0004188201150684488
1664 4.926568031311035 0.000659 0.0012906508117548838 0.0005440960457795359
1665 4.927226543426514 0.000659 0.0013282806828085313 0.0004413868977557842
1666 4.927885055541992 0.000658 0.000635671713982826 0.00044151549257257725
1667 4.9285430908203125 0.000659 0.0017144814386827988 0.0004285311732403772
1668 4.929201602935791 0.000659 0.00016931418457545225 0.00041850369177931116
1669 4.9298601150512695 0.000659 0.0017355733406698571 0.0004718542139559286
1670 4.930518627166748 0.000626 0.0011297603277510917 0.00047407780444170747
1671 4.9311442375183105 0.000659 0.0011960570133870854 0.0004316211246445241
1672 4.931802749633789 0.000658 0.001103599255080005 0.00043319778506718896
1673 4.932460784912109 0.000659 0.000941516765288248 0.00044538120494618666
1674 4.933119773864746 0.000658 0.0009126669415168325 0.0005005727397338417
1675 4.933777809143066 0.000658 0.0008161625485564428 0.00041542121518230467
1676 4.934435844421387 0.000659 0.00026885281943182625 0.00041854703222651233
1677 4.935094833374023 0.000658 0.0016375916314888281 0.00045600215887506485
1678 4.935752868652344 0.000658 0.0016717277440103707 0.00042903800911406255
1679 4.936410903930664 0.000659 0.000981820832619088 0.0004624984820703087
1680 4.937069416046143 0.000659 0.0008889103605213796 0.00043747372743336904
1681 4.937727928161621 0.000658 0.0017363759997563932 0.00047447410632288687
1682 4.938385963439941 0.000626 0.000674733224842532 0.0004749792278677887
1683 4.939011573791504 0.000659 0.0011169407380082976 0.0005002458977620495
1684 4.939670085906982 0.000658 0.00020887712416344417 0.00044664756475793106
1685 4.940328121185303 0.000658 0.00047923650872276933 0.0004179536007845547
1686 4.940986156463623 0.000659 0.0010544105701231492 0.00044933798182899144
1687 4.941644668579102 0.000658 0.0011379995053382639 0.00047891890881190046
1688 4.942302703857422 0.000659 0.0004479502006232571 0.0004062136391338138
1689 4.9429612159729 0.000658 0.0010247761140168112 0.00042803759714468855
1690 4.943619251251221 0.000658 0.0011474414980750718 0.00044737195021848084
1691 4.944277286529541 0.000659 0.001238174448242128 0.0005213612857172829
1692 4.9449357986450195 0.000658 0.0013275376348749093 0.0004427507499709699
1693 4.94559383392334 0.000658 0.0006840247638237029 0.00042213816379585477
1694 4.94625186920166 0.000659 0.0006378136881184964 0.00045120139422620705
1695 4.946910381317139 0.000658 0.0006467896104765825 0.0005012926361703786
1696 4.947568416595459 0.000658 0.00036249801095895927 0.0004367613448794394
1697 4.948226451873779 0.000658 0.000562534775149309 0.000462490987240071
1698 4.9488844871521 0.000658 0.0015019423255013078 0.00043433334176682937
1699 4.94954252243042 0.000658 0.0010169263623528396 0.00045957233862948166
1700 4.95020055770874 0.000659 0.0012181607911813277 0.0004997755805725267
1701 4.950859069824219 0.000658 0.0009621798768015301 0.0004531952014555118
1702 4.951517105102539 0.000658 0.0017599299786628295 0.0004253164563800359
1703 4.952175140380859 0.000658 0.0011058548988718742 0.0004040123432626609
1704 4.95283317565918 0.000658 0.0012039850494397536 0.00041510835819841664
1705 4.9534912109375 0.000658 0.0006668668105661371 0.000422267887100394
1706 4.95414924621582 0.000658 0.001359831566353815 0.0004941618158883664
1707 4.954807281494141 0.000658 0.0006444773722635107 0.0007495419672771084
1708 4.955465316772461 0.000658 0.0008310004542551049 0.00045721342603957275
1709 4.956123352050781 0.000658 0.0011870849691057845 0.0004509621500238697
1710 4.956781387329102 0.000658 0.001059538083183429 0.00050054300548155
1711 4.957439422607422 0.000658 0.000475899248866846 0.00044207175652947794
1712 4.958097457885742 0.000658 0.0013207142669950445 0.00044953319325912567
1713 4.958755016326904 0.000658 0.0008552231605795961 0.00043093741757299826
1714 4.959413051605225 0.000658 0.0007636522524570586 0.00045233988710944234
1715 4.960071086883545 0.000658 0.0008614914742188217 0.00042579306328120606
1716 4.960729122161865 0.000658 0.0013716918222743141 0.0004565692100451389
1717 4.9613871574401855 0.000658 0.0014547507361134184 0.00044872774591631526
1718 4.962044715881348 0.000658 0.0005421840331778997 0.00044100339787536805
1719 4.962702751159668 0.000658 0.0006639016455707069 0.00042700982120449655
1720 4.963360786437988 0.000658 0.0010698491954398283 0.0004335290058117166
1721 4.96401834487915 0.000658 0.0007010056454043287 0.0004254849266150215
1722 4.964676380157471 0.000658 0.001925846282619147 0.00044144885855570417
1723 4.965334415435791 0.000658 0.0008631910651973562 0.0005084022364301549
1724 4.965991973876953 0.000658 0.0007157177247517121 0.0004248946133539802
1725 4.966650009155273 0.000658 0.0006697300609065501 0.00042038032155006737
1726 4.967308044433594 0.000658 0.0007760373606960727 0.00046813665534136274
1727 4.967965602874756 0.000658 0.0006531764075344309 0.0004418329633683591
1728 4.968623638153076 0.000658 0.0012000701297273028 0.0005019914661454721
1729 4.969281196594238 0.000658 0.001071157297069851 0.00046301823926252694
1730 4.969939231872559 0.000658 0.0010564904513322361 0.0005177902985406548
1731 4.970596790313721 0.000658 0.00046622389500695314 0.0005980055478514161
1732 4.971254825592041 0.000658 0.0018738208561319162 0.0005483007546240703
1733 4.971912384033203 0.000658 0.0014265088306835124 0.00054164970376101
1734 4.972569942474365 0.000658 0.0007613661923648556 0.0004257644228422008
1735 4.9732279777526855 0.000658 0.0009586778924836547 0.0004955788862854972
1736 4.973885536193848 0.000658 0.0013343197279036358 0.0004341774115902286
1737 4.97454309463501 0.000658 0.0015467556640904874 0.0004466583515431659
1738 4.97520112991333 0.000625 0.0009044286459100115 0.00046857371340474713
1739 4.975826263427734 0.000657 0.0013635553599826637 0.0004126693590586112
1740 4.976483345031738 0.000658 0.0007411170762353069 0.0004182456502905395
1741 4.977141380310059 0.000658 0.0005918726435951972 0.0005627190140127557
1742 4.977798938751221 0.000658 0.0006966223631448033 0.00047546002118466885
1743 4.978456497192383 0.000658 0.001696994135095169 0.00045044424453695713
1744 4.979114532470703 0.000657 0.00036478414452741656 0.00044111644276795167
1745 4.979771614074707 0.000658 -0.00023723661866232107 0.0005721391539077237
1746 4.980429649353027 0.000658 0.000740772613865405 0.00048598147014807604
1747 4.9810872077941895 0.000658 0.0011008377220818027 0.0004543584831841684
1748 4.981744766235352 0.000658 0.0007427283769953652 0.00045241760237001437
1749 4.982402324676514 0.000625 0.001514223784542266 0.00046560050694136317
1750 4.98302698135376 0.000658 0.0011443582634602456 0.00046101032144652096
1751 4.983684539794922 0.000658 0.0010846891673729584 0.000439173951767501
1752 4.984342098236084 0.000658 0.0014788727161865792 0.00046017745217837215
1753 4.984999656677246 0.000658 0.002033404874612926 0.00048025582917810233
1754 4.985657215118408 0.000658 0.00032771071322727974 0.00044378950751129714
1755 4.98631477355957 0.000658 0.0012847065630820138 0.00042330515195500946
1756 4.986972332000732 0.000658 0.0007629384869639738 0.0004943983021389527
1757 4.9876298904418945 0.000658 0.0017433773237233792 0.00042313814396494813
1758 4.988287448883057 0.000658 0.0010751753358641085 0.0004224534679523362
1759 4.988945007324219 0.000657 0.0010165777046815933 0.0004572751210024579
1760 4.989602088928223 0.000658 0.0001207587891979952 0.00046009599932818736
1761 4.990259647369385 0.000658 0.0006887459060130772 0.0004642603740556787
1762 4.990917205810547 0.000658 0.0012423570318304347 0.0004497928160925689
1763 4.991574764251709 0.000657 0.0021440910785004647 0.0005113621271135669
1764 4.992231845855713 0.000658 0.0010558374556206246 0.0005174984396261007
1765 4.992889404296875 0.000658 0.001540311529230611 0.0004665980412902867
1766 4.993546962738037 0.000657 0.0007834094165411351 0.0004555193786091379
1767 4.994204044342041 0.000658 0.0011163463297687666 0.00046130546051976725
1768 4.994861602783203 0.000658 0.0007889555929696807 0.0004582823894971202
1769 4.995519161224365 0.000657 0.0005566447041637045 0.0004893380919983484
1770 4.996176242828369 0.000658 0.0011885494847871576 0.0004907447343048893
1771 4.996833801269531 0.000657 0.0015271444418608528 0.0004905702353788838
1772 4.997490882873535 0.000658 0.00124698096653591 0.00045051148554378406
1773 4.998148441314697 0.000657 0.0012399109601416627 0.000438453566006778
1774 4.998805522918701 0.000658 0.000915316504448436 0.00045083974901565627
1775 4.999463081359863 0.000657 0.0011112059622520006 0.0005017561680858172
1776 5.000120162963867 0.000658 0.0014000634692445514 0.0004545487349822942
1777 5.000777721405029 0.000657 0.0016845338781919408 0.000520731635479163
1778 5.001434803009033 0.000658 0.0017574948424291133 0.000488529504358509
1779 5.002092361450195 0.000657 0.0015550989130756125 0.0004419198138322831
1780 5.002749443054199 0.000657 0.0014732628778921495 0.00046868207313294425
1781 5.003406524658203 0.000658 0.0005693950448539269 0.0007933877848680765
1782 5.004064083099365 0.000657 0.0009562811079961167 0.000553402022145538
1783 5.004721164703369 0.000657 0.0018421244297130226 0.0004886887941986325
1784 5.005378246307373 0.000657 0.000672681832229992 0.0004910486647406337
1785 5.006035327911377 0.000658 0.0005880267900740962 0.0004382803997556318
1786 5.006692886352539 0.000657 0.001348998148947025 0.00044552859493185085
1787 5.007349967956543 0.000657 0.0010503903983022892 0.0004581874758223808
1788 5.008007049560547 0.000657 0.0012496364234257464 0.000467136575862513
1789 5.008664131164551 0.000657 0.0006786045634683839 0.0004355407220252628
1790 5.009321212768555 0.000658 0.0013865866096485326 0.0005205183536073562
1791 5.009978771209717 0.000657 0.0008695524491005332 0.0004467893636020471
1792 5.010635852813721 0.000657 0.0007157173227439493 0.0004899988923461684
1793 5.011292934417725 0.000657 0.0010653463226717099 0.0004869414850361881
1794 5.0119500160217285 0.000657 0.0015514265806648325 0.00045864266499802663
1795 5.012607097625732 0.000657 0.0007970938430850952 0.0004638313554739446
1796 5.013264179229736 0.000657 0.0011301996624210958 0.0004726937094309031
1797 5.01392126083374 0.000657 0.000766491384034616 0.00046843496580660266
1798 5.014578342437744 0.000657 0.0025931395143762247 0.0005063133187404377
1799 5.015235424041748 0.000657 0.0005058380210142675 0.00047283457899848993
1800 5.015892505645752 0.000657 0.0012508862536134194 0.0005259305902708094
1801 5.016549110412598 0.000657 0.0008164992873544916 0.00044091399369014414
1802 5.017206192016602 0.000657 0.0013840121811409492 0.0004363140491189303
1803 5.0178632736206055 0.000624 0.001399137672101499 0.0004612090576686799
1804 5.018487453460693 0.000657 0.0014707866465101939 0.0004582320115404676
1805 5.019144535064697 0.000657 0.0011702841814330365 0.00045868946063762047
1806 5.019801616668701 0.000657 0.0009731927191552422 0.0005066875806832375
1807 5.020458221435547 0.000657 0.0007587937714841446 0.00044374739361539357
1808 5.021115303039551 0.000657 0.001925382015833239 0.0006076069949153152
1809 5.021772384643555 0.000657 0.0011329893228734457 0.0004729545316016554
1810 5.022429466247559 0.000657 0.0011151109727836122 0.0004446036059179986
1811 5.023086071014404 0.000657 0.0010668812211859615 0.00046349041911162404
1812 5.023743152618408 0.000657 0.0020546515304384677 0.0004819936754822957
1813 5.024399757385254 0.000657 0.0008871165815683446 0.0004917240477582338
1814 5.025056838989258 0.000624 0.0015735119647072265 0.00044549716145541246
1815 5.025681018829346 0.000657 0.0005766659029941151 0.00047781997672409845
1816 5.026337623596191 0.000657 0.001079222616303864 0.0004456549422148566
1817 5.026994705200195 0.000657 0.0009566185336352209 0.000453741568251087
1818 5.027651309967041 0.000657 0.0007992448963035748 0.00045919266055625767
1819 5.028308391571045 0.000657 0.0012076668401106083 0.0004741909306719471
1820 5.028964996337891 0.000657 -0.0003572047562144363 0.000564108510841205
1821 5.0296220779418945 0.000657 0.0017563875753460485 0.0004644020577484935
1822 5.03027868270874 0.000657 0.001631751841717107 0.0005698438963421808
1823 5.030935287475586 0.000657 0.0015779512358131639 0.0005087224030178297
1824 5.03159236907959 0.000657 0.0013512710130314399 0.0004385334380062186
1825 5.0322489738464355 0.000657 0.0015018877309925368 0.00045469979863846073
1826 5.032905578613281 0.000657 0.00247224605883546 0.0004833289375004953
1827 5.033562660217285 0.000657 0.00028902954874463534 0.0004966281856445097
1828 5.034219264984131 0.000657 0.0016026544372258955 0.00048703789212539597
1829 5.034875869750977 0.000657 0.0016537485867471305 0.00044162299064061877
1830 5.0355329513549805 0.000657 0.00062008160556072 0.00043676928379141527
1831 5.036189556121826 0.000657 0.0008962966011892403 0.0005248306730408825
1832 5.036846160888672 0.000657 0.0006323467064212834 0.0004460598014187302
1833 5.037502765655518 0.000657 0.0009559946737606612 0.0004772084081508565
1834 5.038159370422363 0.000657 0.0010393415959627896 0.00043968705445752304
1835 5.038815975189209 0.000657 0.0014477457456445334 0.0005187570360948936
1836 5.039472579956055 0.000657 0.001115423314958383 0.00044690026939565663
1837 5.0401291847229 0.000657 0.0007911469447276945 0.0004633270342527391
1838 5.040786266326904 0.000657 0.00022653090306967575 0.0005188705295401206
1839 5.04144287109375 0.000657 0.00034947518805460517 0.0004428750279979347
1840 5.042099475860596 0.000657 0.0003045622126490354 0.0004844841613730552
1841 5.042756080627441 0.000656 0.00142777284751601 0.0006238162800340963
1842 5.043412208557129 0.000657 0.0009670096834510384 0.0005061997352556803
1843 5.044068813323975 0.000657 0.0019153568590619965 0.0005121197939325303
1844 5.04472541809082 0.000657 0.0010802530843467878 0.0005396702393580529
1845 5.045382022857666 0.000657 0.0009057198381072681 0.0004405805875059065
1846 5.046038627624512 0.000657 0.0017624760043887218 0.00045947368250208703
1847 5.046695232391357 0.000657 0.0009555857069881251 0.0004506384982602919
1848 5.047351837158203 0.000656 0.0007736643702243447 0.0004781433095989913
1849 5.048007965087891 0.000657 0.002140030580721149 0.0005545379466989438
1850 5.048664569854736 0.000657 0.00018379347838093856 0.000574199419219454
1851 5.049321174621582 0.000657 0.0007631913357473366 0.0005180991510435161
1852 5.049977779388428 0.000656 0.0017023617312928127 0.0004928503200150539
1853 5.050633907318115 0.000657 0.0016112451364347653 0.00043903841557402375
1854 5.051290512084961 0.000657 0.0006136882405300134 0.00045514580463121903
1855 5.051947116851807 0.000656 0.0007292016200001381 0.0004902477384024595
1856 5.052603244781494 0.000657 0.0009412936661986617 0.0004563064146695204
1857 5.05325984954834 0.000657 0.0015985159423017163 0.0004566647035480712
1858 5.0539164543151855 0.000656 0.0016958351161790518 0.0005034893219009928
1859 5.054572582244873 0.000657 0.0011303746581423754 0.0004717665373223797
1860 5.055229187011719 0.000656 0.0010464291785123145 0.00045717974460901686
1861 5.055885314941406 0.000657 0.0013618661296372289 0.0004887788366766803
1862 5.056541919708252 0.000656 0.0013053671678585556 0.000449215626927645
1863 5.0571980476379395 0.000657 0.0012675444647499063 0.00043320932956752463
1864 5.057854652404785 0.000656 0.0012582000567303863 0.00042979316328180245
1865 5.058510780334473 0.000656 0.0006422269809074571 0.00044601329933391365
1866 5.05916690826416 0.000624 0.001408661328457887 0.0004549063741786141
1867 5.05979061126709 0.000656 0.0011576427914398676 0.000705191725750608
1868 5.060446739196777 0.000656 0.0015893559662135495 0.0004693080432330533
1869 5.061102867126465 0.000657 0.001407559428720557 0.000494959510194537
1870 5.0617594718933105 0.000656 0.001030871323763019 0.0005856063884149436
1871 5.062415599822998 0.000656 0.0014683401205877935 0.0005392376563631683
1872 5.0630717277526855 0.000656 0.0014557435660298955 0.0004812536247801709
1873 5.063727855682373 0.000657 0.0005454790537968328 0.00048479618458793853
1874 5.064384460449219 0.000656 0.0010180995045860346 0.00044339042210051843
1875 5.065040588378906 0.000656 0.00016288850920878265 0.0004763255070938509
1876 5.065696716308594 0.000623 0.001174087766494017 0.0004578071847063999
1877 5.066319942474365 0.000656 0.0011727924931021277 0.00047536633711360864
1878 5.066976070404053 0.000656 0.0006921378051038327 0.000464155280645771
1879 5.06763219833374 0.000656 0.0003239979214476579 0.0005898386364314302
1880 5.068288326263428 0.000656 0.001041409614619334 0.0005461594952846253
1881 5.068944454193115 0.000656 0.0008975383570331708 0.00041028389645248814
1882 5.069600582122803 0.000656 0.002113525017301026 0.00047497224099973725
1883 5.07025671005249 0.000656 0.0006330985830018036 0.0004358013140650699
1884 5.070912837982178 0.000656 0.000596976495295736 0.0004529506706693279
1885 5.071568965911865 0.000656 0.0014685167371791103 0.0006645327603869816
1886 5.072225093841553 0.000656 0.0003512542927173416 0.0004600432707949363
1887 5.07288122177124 0.000656 0.0013075053489768754 0.0004887292082522222
1888 5.073537349700928 0.000656 0.0003815938104214918 0.00042861489987894606
1889 5.074193477630615 0.000656 0.0009615017320165675 0.00045641502365948187
1890 5.074849605560303 0.000656 0.001344393136931572 0.0004503318942580298
1891 5.075505256652832 0.000656 0.0006132579582959029 0.00044364196380533783
1892 5.0761613845825195 0.000656 0.000581888484272934 0.00048792876706042537
1893 5.076817512512207 0.000656 0.001906289963039189 0.0005535811766572764
1894 5.0774736404418945 0.000656 0.0005417684947427085 0.00046588360312827285
1895 5.078129291534424 0.000656 0.0009825050103930187 0.000468805009044175
1896 5.078785419464111 0.000656 0.0006587623977992378 0.0004611455172278672
1897 5.079441547393799 0.000656 0.0005174886925499052 0.0004809175859725262
1898 5.080097198486328 0.000656 0.0001229000403576941 0.0004748026941727699
1899 5.080753326416016 0.000656 0.0010622615007157758 0.0004582700197880669
1900 5.081409454345703 0.000656 0.001002047482857509 0.0004614608675736063
1901 5.082065105438232 0.000656 0.0010047827585989689 0.0004533477715451187
1902 5.08272123336792 0.000656 0.0006673345677214172 0.0004562045512329061
1903 5.083376884460449 0.000656 0.0013039817498442597 0.0004858171901951771
1904 5.084033012390137 0.000656 7.584949340934356e-06 0.0005511451020175284
1905 5.084688663482666 0.000656 0.0010809787767739843 0.0005285180616376009
1906 5.0853447914123535 0.000656 0.0010637518307286351 0.00046897887219604883
1907 5.086000442504883 0.000656 0.0013534880301269603 0.0004353850351773582
1908 5.08665657043457 0.000656 0.0013170412053073886 0.0005247464710438669
1909 5.0873122215271 0.000656 0.0017410786859633509 0.0004404004024954566
1910 5.087967872619629 0.000656 0.0005434750598027249 0.00044912517182513385
1911 5.088624000549316 0.000656 0.0014271424679190804 0.0004732882215885273
1912 5.089279651641846 0.000656 0.0006807086933191433 0.00047842623657461683
1913 5.089935302734375 0.000656 0.0019031188103751581 0.0006013677688970294
1914 5.0905914306640625 0.000656 0.0015305472383613046 0.0005103333696484186
1915 5.091247081756592 0.000656 0.0013932518834084977 0.0005977637629214856
1916 5.091902732849121 0.000656 0.002089324203282724 0.0007487867080462544
1917 5.09255838394165 0.000656 0.0007090764104994683 0.00048519865698729204
1918 5.09321403503418 0.000656 0.0009872082053409199 0.0005394421730793013
1919 5.093869686126709 0.000656 0.001427790349501026 0.0006391421839302647
1920 5.0945258140563965 0.000656 0.0015965294782404181 0.0004678414626789793
1921 5.095181465148926 0.000656 0.0019359186844366632 0.00047922335666784194
1922 5.095837116241455 0.000656 0.0015379505051237102 0.0009816738611320751
1923 5.096492767333984 0.000656 0.000946546197201538 0.0004956403205004749
1924 5.097148418426514 0.000656 0.001012328043556574 0.0004599862857010155
1925 5.097804069519043 0.000656 0.0012107579546172757 0.00047884259421094715
1926 5.098459720611572 0.000656 0.0016365605235235123 0.0005064775858269904
1927 5.099115371704102 0.000623 0.0009703675545721728 0.00047747759866838735
1928 5.099738121032715 0.000655 0.00129769104118026 0.0004780325000206396
1929 5.100393295288086 0.000656 0.0016540164506265043 0.000453002660324844
1930 5.101049423217773 0.000655 0.001387441626427534 0.0004901416493512502
1931 5.1017045974731445 0.000656 0.0013439938877167314 0.0004527598049774149
1932 5.102360248565674 0.000656 0.0008417734359721296 0.00045266864032490013
1933 5.103015899658203 0.000655 0.00026859416775363903 0.0004546320854684061
1934 5.103671073913574 0.000656 0.00030301833227687177 0.0004750369993485522
1935 5.104327201843262 0.000655 0.0006453007621524373 0.0005165156319951171
1936 5.104982376098633 0.000656 0.0012180600836581882 0.000471130042637311
1937 5.105638027191162 0.000656 0.0009666676081591247 0.0004899202849736543
1938 5.106293678283691 0.000655 0.0012705507321072022 0.0005205812028624822
1939 5.1069488525390625 0.000656 0.0015388501190112128 0.0004885761847356995
1940 5.107604503631592 0.000656 0.0006239677447142278 0.0005366494028969366
1941 5.108260154724121 0.000655 0.000874975209769296 0.0004964122553023868
1942 5.108915328979492 0.000655 9.889200260007098e-05 0.00045877021261563164
1943 5.109570503234863 0.000656 0.0015101434662698496 0.0004966184140802327
1944 5.110226154327393 0.000656 0.0023376267931529164 0.0005806150594457097
1945 5.110881805419922 0.000655 0.0009457254653211721 0.0004991094205005864
1946 5.111536979675293 0.000655 0.0008534286160150923 0.0005399942776945459
1947 5.112192153930664 0.000656 0.0008933302842202421 0.0005114558004996165
1948 5.112847805023193 0.000656 0.001818468417608956 0.0004873440856032375
1949 5.113503456115723 0.000655 0.0013006828288396961 0.000459142597705724
1950 5.114158630371094 0.000655 0.0011578654554404255 0.0004640134906299356
1951 5.114813804626465 0.000655 0.0010985270838567477 0.00052321929468101
1952 5.115468978881836 0.000656 0.0014828172037415542 0.0005368814165908525
1953 5.116124629974365 0.000656 0.0009006477914139277 0.0005973214889312022
1954 5.1167802810668945 0.000655 0.0014891621251029922 0.0004927221473580878
1955 5.117435455322266 0.000655 0.0010554278280721437 0.0005019358849946344
1956 5.118090629577637 0.000655 0.00037620492336970816 0.0004366222332126359
1957 5.118745803833008 0.000655 0.0010464650390542953 0.00047117254182767686
1958 5.119400978088379 0.000655 0.0007059271592561208 0.0005096149319527822
1959 5.12005615234375 0.000655 0.0008636130713842424 0.000554631004261314
1960 5.120711326599121 0.000655 0.0013451297889990783 0.0005270637364423447
1961 5.121366500854492 0.000656 0.0006978908476862201 0.0004862908216516521
1962 5.1220221519470215 0.000655 0.0006222386437969883 0.0005411667923852567
1963 5.122677326202393 0.000655 0.0007958293789288723 0.00048659880384516917
1964 5.123332500457764 0.000655 0.0006497998917439651 0.0005555380984792646
1965 5.123987674713135 0.000655 0.0006674477234464534 0.0004833485561031814
1966 5.124642848968506 0.000655 0.0017411088746591323 0.000591642056194353
1967 5.125298023223877 0.000655 0.00047976100014170413 0.0004789077620974652
1968 5.125953197479248 0.000655 0.0019736844296197953 0.0005644462265869106
1969 5.126608371734619 0.000655 0.0003831616148886653 0.000528254838084614
1970 5.12726354598999 0.000655 0.0009790038390409782 0.00048020045794131173
1971 5.127918720245361 0.000655 0.001547012983708952 0.0005067640114457824
1972 5.128573417663574 0.000655 0.0013292835744241928 0.00048016669701014667
1973 5.129228591918945 0.000655 0.0008955334050880885 0.0005163327321257201
1974 5.129883766174316 0.000655 0.0015422949481533265 0.0007079295915855676
1975 5.1305389404296875 0.000655 0.0005466149374598647 0.0006423718748868218
1976 5.131194114685059 0.000655 0.0017206303547879255 0.00044650062698585235
1977 5.13184928894043 0.000655 0.0008755785813446148 0.0004744182501997336
1978 5.132504463195801 0.000655 0.0007118208120556292 0.00047448226665415343
1979 5.133159160614014 0.000655 0.0009673195025570579 0.0005035134932255806
1980 5.133813858032227 0.000655 0.0005702736144745695 0.0005496731588008248
1981 5.134469032287598 0.000655 0.0013946425719840415 0.0005756023056053923
1982 5.135124206542969 0.000655 0.0015575800664210744 0.000507235216989196
1983 5.13577938079834 0.000655 0.0013781515314481058 0.0005011536186193672
1984 5.136434555053711 0.000655 0.001005559625640494 0.0005053488781193483
1985 5.137089252471924 0.000622 0.0009619586161358367 0.0004872340363770332
1986 5.137711048126221 0.000655 0.00045030680415238886 0.0005987896600245282
1987 5.138366222381592 0.000655 0.0004977578385548648 0.00047841698210565956
1988 5.139020919799805 0.000655 0.0002675039528235827 0.0004545618481982952
1989 5.139675617218018 0.000655 0.0010127567404794977 0.0004987930426767254
1990 5.140330791473389 0.000655 0.0009242874830947237 0.0004888847621614334
1991 5.140985488891602 0.000655 0.0005658039333876835 0.0004570375130465382
1992 5.141640663146973 0.000655 0.0018790565998887227 0.00048191797230405585
1993 5.1422953605651855 0.000655 0.0005683409076174309 0.00047891658722441175
1994 5.142950057983398 0.000655 0.0007932864133464615 0.0004914475574808986
1995 5.1436052322387695 0.000655 0.0007567733104741775 0.000471512660543805
1996 5.144259929656982 0.000655 0.001355286191932997 0.0005280060112098018
1997 5.144914627075195 0.000655 0.0010616217030766178 0.0004940382673757441
1998 5.145569801330566 0.000655 0.0014786853012643858 0.0005500853836020661
1999 5.146224498748779 0.000655 0.0012027613610476344 0.0005084444516266171
2000 5.146879196166992 0.000655 0.0012738131409808905 0.0005121713359692286
2001 5.147533893585205 0.000655 0.0012303261001534377 0.0005183607036126077
2002 5.148188591003418 0.000655 0.0007760869679262792 0.000508125788951161
2003 5.148843288421631 0.000655 0.0009331445292221747 0.000497882472241452
2004 5.149497985839844 0.000655 0.0017337806396494435 0.0006200225820314732
2005 5.150152683258057 0.000655 0.001748561655514267 0.000561088246091015
2006 5.150807857513428 0.000655 0.0005420677915989457 0.0004733954801917311
2007 5.151462554931641 0.000655 0.0013708439845688215 0.0005044914299498866
2008 5.1521172523498535 0.000655 0.0013750959274566848 0.0004543203629501008
2009 5.152771949768066 0.000654 0.0011695746557458747 0.000468548372712152
2010 5.153426170349121 0.000655 0.0013363336948794798 0.000452598170937616
2011 5.154080867767334 0.000655 0.0006853069090241466 0.000486416757522666
2012 5.154735565185547 0.000655 0.0011354452593577986 0.00047705278607878025
2013 5.15539026260376 0.000655 0.00084195298982727 0.00044858289369516875
2014 5.156044960021973 0.000655 0.001640146747897825 0.0012439033329382974
2015 5.1566996574401855 0.000655 0.0017792453979742474 0.00046917481278670387
2016 5.157354354858398 0.000654 0.0014899407188924685 0.0011347071942664462
2017 5.158008575439453 0.000655 0.0012795010048946465 0.0005060036639719398
2018 5.158663272857666 0.000655 0.0012109244130220859 0.0005109804314859227
2019 5.159317970275879 0.000655 0.002218839394560184 0.0005491304879616912
2020 5.159972667694092 0.000654 0.0012069191646025747 0.000492164336340852
2021 5.1606268882751465 0.000655 0.0016899471933521386 0.0005178475240414093
2022 5.161281585693359 0.000654 0.0001701237281105469 0.0005526323919564373
2023 5.161935806274414 0.000655 0.0010536580348833064 0.0005064892824993977
2024 5.162590503692627 0.000655 0.0006814523284961351 0.000477845529517395
2025 5.16324520111084 0.000654 0.0006362981862076999 0.0005969026159888678
2026 5.1638994216918945 0.000655 0.000738736147745797 0.00047390755129734293
2027 5.164554119110107 0.000654 0.0017361542349058632 0.0006897516935656317
2028 5.165208339691162 0.000655 0.0014155301423645114 0.000528921871546638
2029 5.165863037109375 0.000654 0.0005812802747617242 0.0005555202471018296
2030 5.16651725769043 0.000655 0.0009217763674329187 0.0005597616150129084
2031 5.167171955108643 0.000654 0.0011478641461565907 0.0005797416975511329
2032 5.167826175689697 0.000654 0.0010336012714719464 0.0006098132051425165
2033 5.168480396270752 0.000655 0.0011418476066191842 0.000663740936525731
2034 5.169135093688965 0.000654 0.0009358018012205345 0.0007382980034246244
2035 5.1697893142700195 0.000654 0.0013100606539294122 0.0006722920968098808
2036 5.170443534851074 0.000655 0.0017200871556267098 0.0007928913598398658
2037 5.171098232269287 0.000654 0.000728436939159727 0.0007026708528571487
2038 5.171752452850342 0.000654 0.0019233245336906628 0.000984690773682308
2039 5.1724066734313965 0.000654 0.002004482996002566 0.00083647426591171
2040 5.173060894012451 0.000654 0.001200099676369878 0.0008801415120302476
2041 5.173715114593506 0.000621 0.0025681444938635946 0.0011292522311621362
2042 5.1743364334106445 0.000654 0.0023550664849504035 0.001204043532673363
2043 5.174990653991699 0.000654 -0.0004600567187803182 0.0013101680483129147
