# %ECSV 1.0
# ---
# datatype:
# - {name: Column Number, datatype: int64}
# - {name: Wavelength (microns), datatype: float64}
# - {name: Wavelength Full Widths (microns), datatype: float64}
# - {name: Transit Depth (Rp/Rs)^2, datatype: float64}
# - {name: Transit Depth Uncertainty, datatype: float64}
# meta: !!omap
# - {Overview: This is a coadded transmission spectrum of LHS 475 b reduced by E. May using the Eureka! data reduction pipeline.}
# - {Program: JWST GO 1981}
# - {Target: LHS 475 b}
# - {Observation(s): '41:1, 43:1'}
# - {Reference(s): Lustig-Yaeger & Fu et al. (2023)}
# - {ArXiV Link: 'https://doi.org/10.48550/arXiv.2301.04191'}
# schema: astropy-2.0
"Column Number" "Wavelength (microns)" "Wavelength Full Widths (microns)" "Transit Depth (Rp/Rs)^2" "Transit Depth Uncertainty"
810 2.8842982999999998 0.000679 0.0006162243676022435 0.00023538385457991552
811 2.8849769 0.000678 0.0011869442638923868 0.00022340904437334282
812 2.8856552000000004 0.000678 0.0006445759590360361 0.00022723811257438823
813 2.8863337000000002 0.000678 0.000995717217274588 0.00022864578061035265
814 2.887012 0.000678 0.001121552541680157 0.0002390349806886298
815 2.8876903 0.000678 0.0014140753228571803 0.00024631385080417577
816 2.8883686 0.000678 0.0007958881015745476 0.00023549410979709155
817 2.8890471 0.000678 0.001036725880203889 0.00025950683248639433
818 2.8897254 0.000678 0.0010683528575733555 0.00023151171118539768
819 2.8904037000000002 0.000678 0.0009550823490191958 0.00023572599422655116
820 2.891082 0.000679 0.001202722020222613 0.000245559145709789
821 2.8917607999999997 0.000678 0.0010189787060411284 0.00024017437552700287
822 2.8924391 0.000678 0.0007635435098293196 0.0002370487401384102
823 2.8931174 0.000678 0.001207125359241744 0.00022930237551906254
824 2.8937957 0.000678 0.0009337890063863489 0.00024448001727991035
825 2.894474 0.000678 0.0009522842164427246 0.00023351400942829152
826 2.8951523 0.000678 0.0010721878365030153 0.0002257892884113551
827 2.8958306 0.000679 0.0009519967952300144 0.00022944049552928294
828 2.8965092 0.000678 0.0005656843526613909 0.0002295551480750734
829 2.8971875 0.000678 0.0011680038628820199 0.00022865594096657202
830 2.8978658 0.000678 0.0011195376595256978 0.00021629981321588513
831 2.8985442999999997 0.000678 0.000924033489866905 0.00022214464593702828
832 2.8992226000000003 0.000678 0.0013294825007462141 0.00022836628152160123
833 2.899901 0.000678 0.0009246604210651414 0.0002403960204393868
834 2.9005792 0.000678 0.0012240186506919531 0.00022810892225666267
835 2.9012575000000003 0.000678 0.0010183811292349776 0.00023092452046954732
836 2.9019357999999995 0.000678 0.0008700650396712712 0.00022896418275612635
837 2.902614 0.000678 0.0005553625711604737 0.00021763015633144344
838 2.9032923999999998 0.000678 0.0009158279331238468 0.0003160737866739648
839 2.9039707000000003 0.000678 0.0012705040865383815 0.00023042830566720514
840 2.904649 0.000679 0.0006643191376416266 0.00022778798440506755
841 2.9053276 0.000678 0.0008030645524182515 0.00023365806823928809
842 2.9060059 0.000678 0.0011459240362631429 0.00021675918475619002
843 2.9066842 0.000678 0.0008640710012599884 0.00022751733712275674
844 2.9073622 0.000678 0.0011497414706171621 0.0002257481895024454
845 2.9080405 0.000678 0.0005319914348026215 0.00023534953314703692
846 2.9087188 0.000678 0.0006775310499053271 0.0002338165327147116
847 2.9093971 0.000678 0.00102804330806086 0.00024702334923559565
848 2.9100754 0.000678 0.001159958171790183 0.00023588688583858232
849 2.9107537 0.000678 0.000984375613768882 0.00022265526273337525
850 2.9114318 0.000678 0.0008349399101385701 0.00023167537885533773
851 2.9121102999999997 0.000678 0.0010682940511797946 0.00023842923612810962
852 2.9127886000000003 0.000678 0.0009459545303322186 0.00021204637625054352
853 2.913467 0.000678 0.0009316738260144379 0.00023000341385091136
854 2.9141452 0.000678 0.0012951122839958322 0.0002278396520099486
855 2.9148232999999997 0.000678 0.0013715635580286128 0.0002279051872728274
856 2.9155016 0.000678 0.001110918549262014 0.00021855123912325293
857 2.9161799999999998 0.000678 0.000880729919214712 0.0002187841625655651
858 2.9168580000000004 0.000678 0.0011430658650809563 0.0002241522117330795
859 2.9175362999999996 0.000678 0.0014328507132423606 0.0002299957019671818
860 2.9182146 0.000678 0.0007449624266300726 0.00022752056707495252
861 2.9188929 0.000678 0.0010396996265500023 0.00022572214441229666
862 2.9195712000000005 0.000678 0.0007283185212557864 0.0002238219939835196
863 2.9202494999999997 0.000678 0.0015232563615722523 0.00021953545483704913
864 2.9209275000000003 0.000678 0.001068057308037856 0.00021365814218880723
865 2.9216057999999996 0.000678 0.000690438957452304 0.00022402331017933603
866 2.922284 0.000678 0.0009991389149427291 0.00022945551157621161
867 2.9229622 0.000678 0.0009667577534073885 0.00022218990649002939
868 2.9236405 0.000678 0.0016178121626405108 0.00023956206641136894
869 2.9243186000000003 0.000678 0.0011661963065867625 0.000217281978693469
870 2.9249968999999996 0.000678 0.001142562306397295 0.00021697347514267783
871 2.9256752 0.000678 0.0009271756296479289 0.0002300793755888699
872 2.9263535 0.000678 0.000763553259565263 0.0002206370753542784
873 2.9270315 0.000678 0.0005023175546636859 0.00020790650193934108
874 2.9277097999999997 0.000678 0.0006382112149629553 0.00024349024179444654
875 2.9283879 0.000678 0.0006624454897279505 0.00021238738844751794
876 2.929066 0.000678 0.0009814497123274849 0.00021987978604223607
877 2.9297442000000005 0.000678 0.000967743488684622 0.00023703241686806915
878 2.9304223 0.000678 0.0007711087484653246 0.00022562041802236737
879 2.9311006 0.000678 0.0011476453543487683 0.00021376127408346225
880 2.9317787 0.000678 0.0007849053932782209 0.00020637413423352333
881 2.932457 0.000678 0.0006836327614291398 0.000210247756974859
882 2.9331353 0.000678 0.0012145790122886884 0.00022271532283762134
883 2.9338132999999997 0.000678 0.0011882165526608355 0.00019868703627346068
884 2.9344914 0.000678 0.0010555190062114716 0.0002156561615682305
885 2.9351697 0.000737 0.0007771721244429578 0.00020617510384042805
886 2.9359071 0.000678 0.0014353861448244195 0.00020228742097882474
887 2.9365852 0.000678 0.0008507638618520439 0.00021328452715212333
888 2.9372635 0.000678 0.0012514986379201908 0.00020173034335184937
889 2.9379416000000003 0.000678 0.0012553986440510144 0.00021260866581622177
890 2.9386196 0.000678 0.0012300204563474462 0.00021367962544375387
891 2.939298 0.000678 0.0010024501086814404 0.00022143702046254526
892 2.9399762000000003 0.000678 0.000769468080564164 0.00021435967217720852
893 2.9406543 0.000678 0.001297366105008427 0.00020394847074234635
894 2.9413322999999996 0.000678 0.0009773053614049703 0.0002191578098750067
895 2.9420104 0.000678 0.0011686416685392003 0.00022595076961458852
896 2.9426885 0.000678 0.0008772077111061355 0.00021242516461259265
897 2.9433665 0.000678 0.0009761982933717291 0.00021000120548660543
898 2.9440447999999995 0.000678 0.000658905815294023 0.00021532664438168563
899 2.9447229999999998 0.000678 0.0011023451885633577 0.00021828756841297427
900 2.945401 0.000678 0.0006632675514699247 0.0002274836910316134
901 2.9460792999999996 0.000678 0.0009926000488570822 0.00021681966591609967
902 2.9467573 0.000678 0.0013017582428547423 0.0002178571640020585
903 2.9474354 0.000678 0.0007115969544273726 0.00021890388203775764
904 2.9481134 0.000678 0.0011424900114774584 0.0002210441219072148
905 2.9487915 0.000678 0.0012015072229569314 0.00021278573430756736
906 2.9494696 0.000678 0.0013382091378861263 0.0002024531914913267
907 2.9501476 0.000678 0.0010981471380951176 0.00020993614346902123
908 2.9508257 0.000678 0.001201471367895467 0.00020046278975084604
909 2.9515038 0.000678 0.0012865398825866233 0.000207379378868628
910 2.9521818 0.000678 0.0008542015768336375 0.0002094178859884062
911 2.9528599 0.000678 0.0008509828982672132 0.00020293645159528737
912 2.953538 0.000678 0.0012197707558646966 0.00020211754726913862
913 2.954216 0.000678 0.0011724884497405028 0.0001988371309333598
914 2.954894 0.000678 0.0012225120973021425 0.00020040957998261968
915 2.9555721 0.000678 0.0011048553013497482 0.00020035843087865798
916 2.9562502 0.000678 0.0012672520748709848 0.00021411258539222428
917 2.956928 0.000678 0.0011181972783196128 0.00021021695309368852
918 2.957606 0.000678 0.0006791729390276253 0.0002128784908370904
919 2.9582841 0.000678 0.0009542956295398751 0.00019349795042442603
920 2.9589622 0.000678 0.001138173293724767 0.00020193620766780109
921 2.9596403 0.000678 0.0010179658630796987 0.00020429686020869792
922 2.960318 0.000678 0.0013055723077826254 0.0002033293039422091
923 2.9609962000000003 0.000678 0.0007459446831896593 0.00020624430605217648
924 2.9616742 0.000678 0.0009108294889222286 0.00020410422972613805
925 2.9623522999999996 0.000678 0.0008822325327656539 0.0002007034231875398
926 2.96303 0.000678 0.0010427236081286594 0.00022896448587516048
927 2.9637082 0.000678 0.0009789259071396172 0.00019650874521442868
928 2.9643862000000003 0.000678 0.0016483315686289994 0.00020259954299549612
929 2.9650642999999994 0.000678 0.0014414415844000961 0.00032437322541809156
930 2.9657419999999997 0.000678 0.00100540993129968 0.0001926438460133029
931 2.9664202 0.000678 0.0010452034520054157 0.0002009555792764654
932 2.967098 0.000678 0.0003736564629881636 0.0002665201558206447
933 2.9677759999999997 0.000678 0.0007992100047387428 0.00022978674854776818
934 2.9684541 0.000678 0.0009939918947627926 0.0002167637895672572
935 2.969132 0.000678 0.0007361482876044068 0.00020978023050580115
936 2.96981 0.000678 0.0012368358014008126 0.00021010108739733253
937 2.9704878 0.000678 0.0009761822989125841 0.0002107548879557257
938 2.971166 0.000678 0.0009807975117027774 0.00020911661701826753
939 2.9718437 0.000678 0.0009410951292641251 0.00020327416865991715
940 2.9725217999999995 0.000678 0.0011797513947267673 0.00019716139135904506
941 2.9731998 0.000678 0.0009893406783567744 0.00019592200965920704
942 2.9738777 0.000678 0.0008095632057111881 0.00020201939520871084
943 2.9745555 0.000678 0.0011659170186956319 0.0001960915891491164
944 2.9752336 0.000678 0.0010230853193493933 0.00021803697025650417
945 2.9759113999999998 0.000678 0.0007396317449455309 0.0001940891793620659
946 2.9765894 0.000678 0.0012010547701814436 0.00019315070668467408
947 2.9772673 0.000678 0.0012124137774278936 0.0001926352017954835
948 2.9779452999999996 0.000678 0.0012586695522083784 0.00018587117780249942
949 2.9786232000000004 0.000678 0.0007403920180516784 0.00019627948597360608
950 2.979301 0.000678 0.0010037627151253008 0.0001996041376869303
951 2.979979 0.000678 0.0010992710880530702 0.000193576901321847
952 2.9806569 0.000678 0.001101908334873904 0.00019483092978291868
953 2.9813347 0.000678 0.0012374724945674654 0.00027489448967789966
954 2.9820127 0.000678 0.0010013181567611613 0.00020358966972543392
955 2.9826906 0.000678 0.0011946276299945983 0.0001989963257514138
956 2.9833684 0.000678 0.000694822882489132 0.00020248279652576283
957 2.9840462000000003 0.000678 0.0010373502659095392 0.00020178904014721475
958 2.9847243 0.000678 0.0009399673462030434 0.00020063693718952336
959 2.985402 0.000678 0.001010864493813835 0.0001919887880909481
960 2.98608 0.000678 0.0009762015067649175 0.0001931881777635558
961 2.9867578 0.000678 0.0007472356440252134 0.0002650962274336009
962 2.9874357999999996 0.000678 0.0012646248407413444 0.00020395192186805966
963 2.9881136 0.000678 0.0011382979982686166 0.0002208723840503634
964 2.9887915 0.000678 0.0008492443590722407 0.00021263260863902617
965 2.9894695 0.000678 0.0013182966855130244 0.00021410767929780415
966 2.9901473999999997 0.000678 0.000766078446876193 0.00020118962288872863
967 2.9908252 0.000678 0.001257982811948679 0.00019916642972827428
968 2.991503 0.000678 0.0010406873094994057 0.00019215143354564122
969 2.9921808 0.000678 0.0011617705355660877 0.00019853994178608636
970 2.9928586 0.000678 0.001254678026083622 0.00019658945950458604
971 2.9935367000000004 0.000678 0.001008244823578148 0.00019415243366098032
972 2.9942145 0.000678 0.0009685279317797033 0.00019923804048896406
973 2.9948924 0.000678 0.000821963602276376 0.00019186038841994193
974 2.9955702 0.000678 0.0014140441674788185 0.00019450869080277856
975 2.996248 0.000678 0.0010295818737587942 0.00019935377392592103
976 2.9969257999999996 0.000678 0.0008257894123016883 0.0001966438263046774
977 2.9976034 0.000678 0.0008619111864539932 0.00020837564553316198
978 2.9982812 0.000678 0.0010073249806678772 0.0002013553823431182
979 2.998959 0.000678 0.0005787315387599615 0.00020908829339077407
980 2.999637 0.000678 0.0013624683244041643 0.0002164278656523763
981 3.0003147 0.000678 0.0008522925277670099 0.0001927314283352624
982 3.0009924999999997 0.000678 0.0012461240708887254 0.00019374709047714468
983 3.0016703999999996 0.000678 0.0011562067416638578 0.00020046779165312103
984 3.0023482000000006 0.000678 0.0008741822252499145 0.0001913575709183113
985 3.0030259999999998 0.000678 0.0014168214758573474 0.00019443046508747642
986 3.0037036 0.000678 0.0011520606657812937 0.00019073711527378942
987 3.0043813999999998 0.000678 0.000892311520536614 0.00019709795478752714
988 3.0050592000000003 0.000678 0.001070494521434114 0.0001991957760106278
989 3.005737 0.000678 0.0009881179599363743 0.00019663524854890644
990 3.0064147 0.000678 0.0011169311457598 0.00020112079135475167
991 3.0070924999999997 0.000738 0.0009318021556661084 0.0002070598379229391
992 3.00783 0.000678 0.0009395587180104375 0.00020778961560805645
993 3.0085077 0.000678 0.0011591193688491363 0.00022371868408176734
994 3.0091853 0.000678 0.0007429346496238077 0.00020395872941603063
995 3.0098631 0.000678 0.0009412966686639463 0.00021171596276728274
996 3.010541 0.000678 0.0007449678204792604 0.0001999024437850183
997 3.0112185 0.000678 0.0010440090051315528 0.00020106619057125207
998 3.0118964 0.000678 0.0013439413416613197 0.00019209942008038749
999 3.0125742 0.000678 0.001032281676023756 0.00019566722921116132
1000 3.0132517999999995 0.000678 0.0009364071820523588 0.00019075051411225993
1001 3.0139296000000004 0.000678 0.0012646296269835926 0.00019695069310274492
1002 3.0146072 0.000678 0.0014124197810480954 0.0001847889988091959
1003 3.015285 0.000678 0.0012667114041866963 0.0001864128218665892
1004 3.0159627999999996 0.000678 0.0008426073893637362 0.00019700625828677156
1005 3.0166404 0.000678 0.0005590106402098674 0.0002769831314696236
1006 3.0173182 0.000678 0.0007623919364811355 0.00019215434809702296
1007 3.0179958 0.000678 0.0011590213837651476 0.0002786078674731947
1008 3.0186737 0.000678 0.0009208193480494443 0.00019658409364763243
1009 3.0193512000000005 0.000678 0.0010607872977573265 0.000190798919966069
1010 3.0200287999999995 0.000678 0.0013840713712053158 0.00031432737818980634
1011 3.0207067000000003 0.000677 0.001231931488596699 0.0001873678845243084
1012 3.0213842 0.000678 0.0008813900740794712 0.0001834643081882855
1013 3.022062 0.000678 0.0011889446867096416 0.0001898032717457237
1014 3.0227396 0.000678 0.00108408474481577 0.00020224958709254994
1015 3.0234172000000004 0.000678 0.0010481790456183281 0.00019979747967666412
1016 3.024095 0.000678 0.0013814923499598382 0.00018808494453234533
1017 3.0247726000000004 0.000678 0.0009279585498522053 0.00019713128171718478
1018 3.0254505000000003 0.000677 0.0008974665437898828 0.00020187551279824523
1019 3.026128 0.000678 0.0011672130319356217 0.0001920389164646462
1020 3.0268056 0.000678 0.001414688267417449 0.0002131131177352312
1021 3.0274832000000003 0.000678 0.0014040390236718637 0.00021483669374225176
1022 3.028161 0.000678 0.0008805374861979615 0.00020130896815228025
1023 3.0288386000000003 0.000678 0.0009346182406330367 0.0001961587728235651
1024 3.0295162 0.000678 0.0012411679099191156 0.0002046481022781546
1025 3.0301937999999997 0.000678 0.0009180532693712724 0.0002118872817807027
1026 3.0308716 0.000678 0.0010202448531384581 0.00019334515965566202
1027 3.0315492 0.000678 0.0011223826910207596 0.00019397582805679505
1028 3.0322267999999997 0.000678 0.0011086038608315682 0.00019103348428431676
1029 3.0329043999999996 0.000678 0.0010588735006175948 0.00019625843210345687
1030 3.033582 0.000678 0.0008738982859685246 0.00019790211617960857
1031 3.0342596 0.000678 0.0011339904244525333 0.00018873368971206042
1032 3.0349371 0.000678 0.0010247531699435492 0.00018437512378529324
1033 3.0356147 0.000678 0.0013599361789093497 0.00019150998041871193
1034 3.0362926 0.000678 0.0009596197680727364 0.0001921114804659305
1035 3.0369701 0.000678 0.0010834530191340412 0.00018717576753938013
1036 3.0376477000000004 0.000678 0.0009112883606595572 0.00019455484355106854
1037 3.0383253 0.000678 0.0008480699692194147 0.0001854689883190809
1038 3.0390029999999997 0.000678 0.0011875549787593552 0.00019570645889484525
1039 3.0396805000000002 0.000678 0.0009289034671479574 0.0001911913320504699
1040 3.0403580000000003 0.000678 0.0009996917462344783 0.00019780317901762885
1041 3.0410357000000006 0.000677 0.0010036038632962806 0.00019864671657923342
1042 3.041713 0.000678 0.0009610365405034915 0.00019221776700431586
1043 3.0423906 0.000678 0.0009408508919850788 0.00019268214249450267
1044 3.0430682 0.000678 0.0011511030077203809 0.00019044306673213397
1045 3.0437458 0.000677 0.0008075189424769535 0.00019561350362663993
1046 3.0444232999999996 0.000678 0.000994396227792594 0.0002078167900025472
1047 3.045101 0.000678 0.001109203465758703 0.000189275270260811
1048 3.0457785 0.000678 0.0009012846167492246 0.00019698031939545236
1049 3.046456 0.000677 0.0013218615953368104 0.0001955152543363566
1050 3.0471334 0.000678 0.0010218383029675492 0.00019162368782248617
1051 3.0478110000000003 0.000678 0.0009907741236684898 0.00020449137403796025
1052 3.0484886 0.000678 0.0009843638350309693 0.00019692085113494107
1053 3.0491662 0.000677 0.0013114485868979235 0.00019378875345835286
1054 3.0498435 0.000678 0.0009488021430809196 0.0002023269647087258
1055 3.0505211 0.000678 0.0008319928988669642 0.0001996440183403145
1056 3.0511987 0.000678 0.0009357821581146108 0.00019616816347837183
1057 3.0518763 0.000677 0.0013591068789329944 0.00019407772301349347
1058 3.0525537 0.000678 0.0012185802836078045 0.00019717417111454782
1059 3.0532312000000004 0.000678 0.0010201367477754293 0.00019887553433279255
1060 3.0539088 0.000677 0.0009956388034554136 0.00019261750225826123
1061 3.0545862 0.000678 0.0007594532203788662 0.00019411326627325894
1062 3.0552638 0.000677 0.0010474313084326196 0.00018767822923101849
1063 3.055941 0.000678 0.0009295092128474262 0.0001857063044434552
1064 3.0566187 0.000678 0.0009616004222174132 0.000190489115416645
1065 3.0572963 0.000677 0.0010563247978687242 0.00020031236333926684
1066 3.0579736 0.000678 0.0013989321845009825 0.00019364258097282795
1067 3.0586512000000003 0.000677 0.0011537780160257591 0.00019313013742048915
1068 3.0593286 0.000678 0.0012847776798788806 0.000191736354803369
1069 3.0600061000000003 0.000677 0.001328670034028453 0.00018702877353591013
1070 3.0606835 0.000678 0.0005002112622795781 0.00019182672857418596
1071 3.061361 0.000677 0.0010696505053833679 0.0001900206108356236
1072 3.0620383999999996 0.000678 0.0008330236682807889 0.00018820833860194532
1073 3.062716 0.000677 0.001030689171326802 0.00018427443820831212
1074 3.0633934 0.000677 0.0009644643864304538 0.00019025589384860268
1075 3.0640707000000003 0.000678 0.0009511570114822702 0.0001822565122934499
1076 3.0647482999999998 0.000677 0.0010903048079935313 0.00018895203808177695
1077 3.0654256 0.000677 0.0010769941783823516 0.00019794682431850883
1078 3.066103 0.000678 0.0008364437002926811 0.0001979854700329601
1079 3.0667806 0.000677 0.000944048101078172 0.00020127418749412576
1080 3.0674580000000002 0.000677 0.0009578739663006309 0.00018801161252317942
1081 3.0681353 0.000678 0.0006471798313939973 0.0001879487697191219
1082 3.0688128 0.000677 0.0009957222063245155 0.00019501024136996548
1083 3.0694902 0.000677 0.0011416267654887821 0.00021294331490728915
1084 3.0701674999999997 0.000678 0.0008409276791424262 0.00019349676680052673
1085 3.0708450000000003 0.000677 0.0005916941674084713 0.0001900046398737077
1086 3.0715225 0.000677 0.0006558263178365834 0.0002060747610122899
1087 3.0721998 0.000677 0.0010816453191193327 0.0001995484910771018
1088 3.0728772 0.000677 0.0015031756818839742 0.0001898010779733062
1089 3.0735544999999997 0.000677 0.0008621790495364181 0.00019153174535388085
1090 3.0742319 0.000677 0.0009046022810737409 0.00020832465277185384
1091 3.0749093999999997 0.000677 0.0011240159045515263 0.00020767324034922968
1092 3.0755868 0.000677 0.001120416164689597 0.00019201860375607524
1093 3.0762641 0.000677 0.0012138820665548574 0.0002009085529028898
1094 3.0769415 0.000677 0.0008589635554127927 0.0001996806295110444
1095 3.0776187999999998 0.000677 0.001147528098238923 0.00018989730194439764
1096 3.0782962000000005 0.000677 0.0012484937580281403 0.00017900686673288338
1097 3.0789735 0.000677 0.0009027851267188643 0.0001934368109455278
1098 3.0796509 0.000677 0.00103470308836139 0.00018952470598026367
1099 3.0803282000000003 0.000677 0.0009502302055044819 0.00018339939651317825
1100 3.0810056 0.000677 0.001228835228781763 0.00017801397334993104
1101 3.0816830000000004 0.000677 0.0009132940999530655 0.00019340942096136398
1102 3.0823603 0.000677 0.0008920480177143247 0.00019710473737858913
1103 3.0830376 0.000677 0.0011275644268880166 0.00018999199310080247
1104 3.083715 0.000677 0.001122663142052717 0.0001931208298330953
1105 3.0843922999999998 0.000677 0.0006510721349813047 0.00020195446733391363
1106 3.0850697 0.000677 0.0010374224305008718 0.0001850723236355294
1107 3.0857468 0.000677 0.001000428945165474 0.00020021786683782378
1108 3.086424 0.000677 0.0009651595148362884 0.0001977046769392986
1109 3.0871014999999997 0.000677 0.0008883074557216348 0.0001883959123046944
1110 3.0877787999999997 0.000677 0.0011863942883513763 0.00018564223401527018
1111 3.0884562 0.000737 0.0010663107076499272 0.00019255494143600318
1112 3.0891933 0.000677 0.0007144340775544608 0.0001950957951558769
1113 3.0898705 0.000677 0.0007882462060611965 0.00019049711314371087
1114 3.0905478 0.000677 0.001479503133510067 0.00019139700746296804
1115 3.0912251 0.000677 0.0009958490843673476 0.00018667625709059278
1116 3.0919025 0.000677 0.0010957242237832241 0.00019627993759821572
1117 3.0925796 0.000677 0.0012164561973129204 0.0001917941859853514
1118 3.093257 0.000677 0.0010547153390139225 0.00019397370472314633
1119 3.0939343 0.000677 0.0012682244458818198 0.00018637843949726032
1120 3.0946114 0.000677 0.0005596661969313719 0.00019638713840027566
1121 3.0952888 0.000677 0.0012784323653095505 0.00018829826910383998
1122 3.0959659999999998 0.000677 0.0010140187047234812 0.00020030921637269542
1123 3.0966432 0.000678 0.0011098981740639395 0.00020155006505573353
1124 3.0973208 0.000677 0.0011016865225072306 0.00018642084977689023
1125 3.097998 0.000677 0.001248173474563677 0.00019557850406348712
1126 3.0986752999999996 0.000677 0.0013051670292783398 0.00018656245717046016
1127 3.0993524 0.000677 0.0010152812587900801 0.00019193590080104496
1128 3.1000297000000003 0.000677 0.0011653802404849056 0.00019029500063800884
1129 3.1007067999999998 0.000677 0.001087145992329287 0.00020536440471257986
1130 3.1013842 0.000677 0.0014010630320722053 0.0001847918739468326
1131 3.1020613 0.000677 0.0013042209298516055 0.00018842873283427425
1132 3.1027386000000003 0.000677 0.0010989684952792396 0.00018598015985194007
1133 3.1034157 0.000677 0.0006247258622847021 0.0001842371511375535
1134 3.104093 0.000677 0.001120359237200035 0.00017914475011439573
1135 3.1047702 0.000677 0.0010236134327433015 0.00018439159115682654
1136 3.1054475 0.000677 0.0014632369453393597 0.00019198043222830806
1137 3.1061246 0.000677 0.0008673017837172986 0.00018103910582403917
1138 3.1068017000000006 0.000677 0.0011335171579864734 0.00018316896969349376
1139 3.107479 0.000677 0.0009206161931355342 0.0001807609576380576
1140 3.1081562000000003 0.000677 0.0007377306883102964 0.00019164542961965913
1141 3.1088332999999997 0.000677 0.0009463019795613938 0.00018665235957474274
1142 3.1095104 0.000677 0.0010905976742078432 0.00019272637082928064
1143 3.1101878 0.000677 0.0006219019134663497 0.0001860447197426508
1144 3.1108648999999997 0.000677 0.0013041526857739687 0.0001918586131669345
1145 3.111542 0.000677 0.0012179457620883618 0.00019245514706741544
1146 3.112219 0.000677 0.0010557350783196877 0.00019520236670135345
1147 3.1128964 0.000677 0.0013352499309825406 0.00022297641329069572
1148 3.1135736 0.000677 0.0005920980376558411 0.00019811457109950828
1149 3.1142507 0.000677 0.0007644358332488019 0.00019687083519749363
1150 3.1149278 0.000677 0.0009475195796534355 0.0001898825235489656
1151 3.1156049 0.000677 0.0013169844215260521 0.00019363575127991263
1152 3.116282 0.000677 0.0012238224524415051 0.00019297699232907677
1153 3.116959 0.000677 0.0009284228654234907 0.00019416995303865345
1154 3.1176364 0.000677 0.00044849065219942794 0.0002452044899231996
1155 3.1183136 0.000677 0.0007905805299857162 0.0001952373516087857
1156 3.1189907000000003 0.000677 0.0011065063223666745 0.00019857130791121053
1157 3.1196677999999998 0.000677 0.0008643792133007795 0.00019734773660262474
1158 3.1203449 0.000677 0.0009426633630186402 0.0001959047810144183
1159 3.121022 0.000677 0.0006127754928588097 0.00019148934959150362
1160 3.121699 0.000677 0.0011616577433843105 0.0001953981674928455
1161 3.1223762 0.000677 0.001133229671927137 0.00018989495359438715
1162 3.123053 0.000677 0.0010308932570625064 0.00018517034660203385
1163 3.1237302000000002 0.000677 0.00109329455346448 0.0001818024100064575
1164 3.1244072999999997 0.000677 0.0014183469384262822 0.00019032266848306386
1165 3.1250843999999995 0.000677 0.0009567122520659116 0.00018324284658686543
1166 3.1257615000000003 0.000677 0.0008245321281296442 0.0001878237182416515
1167 3.1264386 0.000677 0.0009075553627260804 0.0001845775877027437
1168 3.1271157000000005 0.000677 0.001276137652921773 0.00017726953493470685
1169 3.1277928 0.000677 0.0010660437798212612 0.00018748094980339724
1170 3.1284697 0.000677 0.0007826556137756601 0.00019186424746111424
1171 3.1291467999999996 0.000677 0.0010176587672116415 0.00018732894379543396
1172 3.129824 0.000677 0.000886721066815088 0.00020114170651423978
1173 3.1305009999999998 0.000677 0.0009320986361117807 0.00020449602987435267
1174 3.131178 0.000677 0.0010295631282986918 0.00018852914393937553
1175 3.131855 0.000677 0.001211459637038307 0.00019693975451226634
1176 3.1325321 0.000677 0.0008511027010241454 0.00020957996989285225
1177 3.133209 0.000677 0.0007677804290927586 0.00018842038490684052
1178 3.133886 0.000677 0.0011571845464924267 0.00020760275888471238
1179 3.1345632 0.000677 0.0009312838041522373 0.00019687828778106736
1180 3.13524 0.000677 0.0009573707104227693 0.00019156893582161956
1181 3.1359172 0.000677 0.0006943807651173333 0.00020462782337765203
1182 3.1365939999999997 0.000677 0.0009433921129703921 0.00018859576550579854
1183 3.1372712000000003 0.000677 0.0010436840265586362 0.00018079366760385322
1184 3.1379482999999997 0.000677 0.001085104941449101 0.00019486956120125313
1185 3.1386251 0.000677 0.0007831919361257902 0.00018293246289489656
1186 3.1393022999999998 0.000677 0.0011513572118326053 0.00018822626177940056
1187 3.1399791 0.000677 0.0011780290974644364 0.00017781685377075878
1188 3.1406562 0.000677 0.0011623270077215592 0.00018628510202099504
1189 3.1413330000000004 0.000677 0.001275303754027925 0.00019523059895483618
1190 3.14201 0.000677 0.0009001670884548105 0.00019060215128519761
1191 3.142687 0.000677 0.0013331963105955127 0.00018662052173210177
1192 3.143364 0.000677 0.0009673659044626016 0.00019985355564905148
1193 3.144041 0.000677 0.000807799593896412 0.00020490314646572894
1194 3.144718 0.000677 0.0008101305917652268 0.00019165128238363043
1195 3.1453947999999996 0.000677 0.0009467708897906191 0.00018362799046985962
1196 3.146072 0.000677 0.0011689995557517118 0.00018874583665503094
1197 3.1467487999999997 0.000677 0.001068027577713266 0.00018927862770011695
1198 3.1474257000000003 0.000677 0.0011485776842906808 0.00019390746945001716
1199 3.1481027999999998 0.000677 0.0011876328105163182 0.00018515845799380495
1200 3.1487796 0.000677 0.0011298033559584563 0.000190158427435649
1201 3.1494565 0.000677 0.0011252052009941864 0.0001919468899111499
1202 3.1501334 0.000677 0.0006420159110551299 0.00019479606573206883
1203 3.1508105 0.000677 0.0012044131842841263 0.00019743871464699707
1204 3.1514874 0.000677 0.0011407739060603208 0.00020485913637041493
1205 3.1521642000000005 0.000677 0.0015391964057536744 0.00018382645625347787
1206 3.152841 0.000677 0.0009963391748437083 0.0001844114324694642
1207 3.153518 0.000677 0.0008038603080405629 0.00019837981042964548
1208 3.1541947999999995 0.000677 0.0013254398327992294 0.0001925873196967398
1209 3.154872 0.000677 0.0008405345552399585 0.00018921631767907624
1210 3.1555487999999996 0.000677 0.0011431758569233205 0.0001832840313822849
1211 3.1562257000000002 0.000677 0.001337836496746555 0.00019766986782822975
1212 3.1569026 0.000677 0.0008943912643364935 0.0001919572993949943
1213 3.1575794 0.000677 0.001499578717762376 0.00019268851686093298
1214 3.1582562999999997 0.000677 0.0007282003271772537 0.00018396266442863282
1215 3.1589332000000003 0.000677 0.0005379518994135917 0.00018620621324871481
1216 3.15961 0.000677 0.0011478547189811175 0.0001913191543057256
1217 3.160287 0.000677 0.0009916414784291567 0.0001875057571989603
1218 3.1609637999999998 0.000677 0.0009843809490679733 0.0001815341737396943
1219 3.1616406 0.000677 0.0011948197051778631 0.00019569536482681558
1220 3.1623172999999998 0.000677 0.001180784216261751 0.0001907782018341654
1221 3.1629941 0.000677 0.0009930268342595967 0.00019510255345188646
1222 3.163671 0.000677 0.0010831322849412807 0.00018231415084090838
1223 3.164348 0.000677 0.001182391930459342 0.00018714921659097978
1224 3.1650248 0.000677 0.0011647961926202562 0.00018884041688811253
1225 3.1657016 0.000677 0.0013660361457044545 0.00018529524888664763
1226 3.1663785 0.000677 0.0010169350931533664 0.0001849382144351072
1227 3.1670551 0.000677 0.0009879224047689547 0.00018491898495869626
1228 3.167732 0.000677 0.0011726628796028845 0.00018568050887775612
1229 3.1684089 0.000677 0.0008718939322397289 0.00018726984779574824
1230 3.1690857000000006 0.000677 0.0013767155582470217 0.00018472524584471514
1231 3.1697623999999998 0.000677 0.000940429276366625 0.00018474364473852945
1232 3.1704392000000006 0.000677 0.0010509664988576587 0.00017886607789137208
1233 3.171116 0.000677 0.0008752478168874339 0.00018839520702610758
1234 3.1717927 0.000677 0.0008960232245808691 0.00019434516876581316
1235 3.1724696 0.000677 0.0009410452546572318 0.0001974142004203512
1236 3.1731462 0.000677 0.0010503996613285733 0.0001965114981791449
1237 3.173823 0.000677 0.0012563737029882345 0.0001930901292429926
1238 3.1745 0.000677 0.0008486543108007106 0.00018783232771427504
1239 3.1751766 0.000677 0.0012052671239670652 0.0001865665070411089
1240 3.1758535 0.000677 0.0008880747671308168 0.00018649259130445146
1241 3.1765301 0.000677 0.0013977102149071476 0.00018621978997438381
1242 3.177207 0.000677 0.001255311051677681 0.0001792293674333019
1243 3.1778836 0.000677 0.0012972940900471555 0.00018524817599875802
1244 3.1785605 0.000677 0.0014108363306539757 0.00018814293041318362
1245 3.1792371 0.000677 0.0012950792286989031 0.00019764218257304925
1246 3.179914 0.000737 0.0011695624291967709 0.00020565088194179044
1247 3.1806507 0.000677 0.0011247451604794421 0.00019775421308049142
1248 3.1813276000000004 0.000677 0.0008116629334296571 0.00019597365930681355
1249 3.1820042 0.000677 0.000980337829333755 0.00019290276143892098
1250 3.182681 0.000677 0.000927078873943085 0.00019089973908745494
1251 3.1833577 0.000677 0.0008793754452908497 0.0001857585719186887
1252 3.1840342999999995 0.000677 0.0009807259419352028 0.00017937056334428573
1253 3.1847112 0.000677 0.0011569943833788995 0.0001800518172367767
1254 3.1853877999999995 0.000677 0.0009924402429572648 0.00018621594889723194
1255 3.1860645 0.000676 0.0011922395894789258 0.00018757099930599984
1256 3.186741 0.000677 0.0014383421583909323 0.00018088082245550397
1257 3.187418 0.000677 0.0010487904435282954 0.00017956951122522242
1258 3.1880946 0.000677 0.0010445197542349736 0.00018195062267247693
1259 3.1887712 0.000677 0.0010709341363269156 0.00019049159156945885
1260 3.1894479 0.000677 0.0009495912440181574 0.00017604891431685914
1261 3.1901245 0.000677 0.0008503660448838796 0.0001886986141361551
1262 3.1908014 0.000677 0.0006231776807693433 0.00018814278444510705
1263 3.191478 0.000677 0.0007056364615370434 0.0001900957020518924
1264 3.1921546000000003 0.000677 0.0009916746978574792 0.0001751026008376
1265 3.1928313 0.000677 0.0010284678662629647 0.00018422108673720448
1266 3.193508 0.000676 0.0009247707271337732 0.0001867359206235691
1267 3.1941845 0.000677 0.0007811468543178553 0.0001858265040872617
1268 3.1948612 0.000677 0.0008231272081807311 0.0001888493240224822
1269 3.1955378 0.000677 0.0011468328806232531 0.0001880028330048977
1270 3.1962144 0.000677 0.001034325358836138 0.00019419724209628904
1271 3.196891 0.000677 0.00106803593864351 0.0001837915134178132
1272 3.1975677000000005 0.000677 0.0011575538719298258 0.00019115646244546842
1273 3.1982443 0.000677 0.0010505864226755342 0.00018068915614252086
1274 3.198921 0.000677 0.001182107447011188 0.00018840116609554732
1275 3.1995976 0.000677 0.0011389998452344334 0.0001988170857149784
1276 3.2002742000000004 0.000677 0.0013841753171830618 0.00019310048764200133
1277 3.2009508999999996 0.000676 0.00118842393526676 0.00019626967856416065
1278 3.2016272999999997 0.000677 0.0009835017717316783 0.00019433039333182546
1279 3.2023040000000003 0.000676 0.0009113262774812361 0.00019344127883285772
1280 3.2029805000000002 0.000677 0.0015465848451983312 0.00019045280447044826
1281 3.2036572 0.000677 0.0009172807033914752 0.00019358070515223215
1282 3.2043338 0.000676 0.0009995702794909978 0.00018926529164890168
1283 3.2050102000000003 0.000677 0.0014375274908264362 0.0001970875304234066
1284 3.2056868 0.000677 0.0011512466372495245 0.00018503131665899172
1285 3.2063634 0.000677 0.0009644874348292751 0.00018490376044857568
1286 3.20704 0.000676 0.0004429243926610855 0.00016964208090538432
1287 3.2077165 0.000676 0.0011256881429413774 0.00018960774716752983
1288 3.208393 0.000677 0.0011190821439809012 0.00018345771108341068
1289 3.2090697 0.000676 0.0011086409981742704 0.0001811884823622462
1290 3.2097461 0.000677 0.0013187536468590064 0.00018803301333561345
1291 3.2104228 0.000676 0.0009530878856462363 0.00019559976119560996
1292 3.2110991 0.000677 0.0008946797752798145 0.00018902563739013408
1293 3.2117758 0.000677 0.0013181874148720577 0.00019507709398916144
1294 3.2124523999999997 0.000676 0.001068437654073281 0.00019204191301721842
1295 3.2131288 0.000677 0.0014426235154578948 0.00018414340764059842
1296 3.2138054 0.000676 0.001119198995920436 0.00017643452413769735
1297 3.2144817999999997 0.000677 0.0013168582003785945 0.00019392222448632584
1298 3.2151585 0.000676 0.0013525651734163488 0.00019300203189314143
1299 3.2158349 0.000677 0.000757033204442554 0.0001893262943762683
1300 3.2165115 0.000676 0.0008064974765736851 0.00018327474333948733
1301 3.217188 0.000676 0.0008567487010586386 0.00020053882692258146
1302 3.2178642999999996 0.000677 0.0008555110768234161 0.0001883988051668874
1303 3.218541 0.000676 0.0012978735690793606 0.00019472932467020463
1304 3.2192173 0.000676 0.0014952914369190968 0.00018956352552525527
1305 3.2198937 0.000677 0.0009563698680695822 0.00019099424849685343
1306 3.2205703 0.000676 0.0009744167685678982 0.0001967723142173963
1307 3.2212467 0.000676 0.0010465968526412453 0.00019478412723281585
1308 3.221923 0.000677 0.0008705530916319078 0.00019934003447799338
1309 3.2225997000000004 0.000676 0.0010988984843131404 0.0001925215895342018
1310 3.2232761 0.000676 0.0018043784682295527 0.00019516888404906294
1311 3.2239525 0.000676 0.0010801543601999253 0.00019739624815378942
1312 3.224629 0.000677 0.0009367165336069561 0.0001907305027500348
1313 3.2253056 0.000676 0.0009306407868158377 0.0001907349723658508
1314 3.225982 0.000676 0.0007652044619038301 0.00020249047410652015
1315 3.2266583 0.000676 0.000973468451871465 0.00021495735029683347
1316 3.2273347 0.000676 0.0010679884629223966 0.00019511369327957956
1317 3.2280111000000002 0.000676 0.001042500128540584 0.000196744635009971
1318 3.2286875 0.000676 0.0014393785641813228 0.0001929551222985771
1319 3.229364 0.000676 0.0009598823377533045 0.00019351486209124398
1320 3.2300402999999998 0.000676 0.0011675745640054764 0.00018953683744379372
1321 3.2307167000000003 0.000676 0.0011595203198634966 0.00019178651139748628
1322 3.231393 0.000676 0.0011111732522899485 0.00019507548669566861
1323 3.2320695 0.000676 0.0008971422285634029 0.0001926207685189096
1324 3.232746 0.000676 0.0011166128931401882 0.00019395931714166832
1325 3.2334223 0.000676 0.0005644847779541784 0.00018717301081287724
1326 3.2340987 0.000676 0.0008044532080729635 0.00019941296297036455
1327 3.234775 0.000676 0.0009574985244015552 0.0001969037408332318
1328 3.2354515 0.000676 0.0010342411391991765 0.00019699985351093305
1329 3.2361279 0.000676 0.0012295000949049477 0.00018401301431206305
1330 3.2368042 0.000676 0.0006691316090008412 0.0001877517656308298
1331 3.2374806 0.000676 0.0015329452079316163 0.00018888875078509266
1332 3.238157 0.000676 0.0012612460693093106 0.00019846168447020709
1333 3.2388332 0.000676 0.0012129094635901462 0.0001881531270576508
1334 3.2395096000000003 0.000676 0.0010952986943572529 0.00019736301634313454
1335 3.240186 0.000676 0.0011271499722751484 0.0001908560543974495
1336 3.2408624 0.000676 0.0008052863916101048 0.000206236204580786
1337 3.2415388 0.000676 0.001321556010792916 0.00019539476943827657
1338 3.2422150000000003 0.000676 0.0010378500811566661 0.00018774915701443164
1339 3.2428912999999997 0.000676 0.0006393328727553875 0.00019218099910293558
1340 3.2435677000000003 0.000676 0.0007968810383819482 0.00019374038637851184
1341 3.2442439 0.000676 0.0009864432869644709 0.00019692304829602763
1342 3.2449203 0.000676 0.0010029024632385566 0.0001831285347076089
1343 3.2455966 0.000676 0.0009833800879576124 0.00019370379227779357
1344 3.2462728 0.000676 0.0010138631995836795 0.00020727815063931645
1345 3.2469492 0.000676 0.0010456612023067766 0.0001858848499849814
1346 3.2476254 0.000676 0.0010493553882065915 0.00020553108928513837
1347 3.2483017000000003 0.000676 0.0011557375257989725 0.00018725968314575947
1348 3.2489779999999997 0.000676 0.0008197351165420462 0.00018808918629518984
1349 3.2496543 0.000676 0.0007926468065609455 0.0001926329411733443
1350 3.2503304 0.000676 0.0007116570778098766 0.00018621877995542895
1351 3.2510068 0.000676 0.0009023350327944552 0.00018608888527802566
1352 3.2516830000000003 0.000676 0.0009712928090839087 0.00018640794656652723
1353 3.2523593999999996 0.000676 0.0011084515090271333 0.00018974965838074843
1354 3.2530354999999997 0.000676 0.0009490015540885926 0.00018268064892443156
1355 3.2537119999999997 0.000676 0.0008861180856816241 0.00017875057511522612
1356 3.254388 0.000676 0.0013531754887590088 0.00018396755121394566
1357 3.2550642000000005 0.000676 0.0008833725690736862 0.00018774434562452585
1358 3.2557406 0.000676 0.0006983587222469643 0.00018974431929802806
1359 3.2564168 0.000676 0.0006090532556890934 0.0001907477505051439
1360 3.2570930000000002 0.000676 0.0008211285946623739 0.00018226332266148398
1361 3.2577693 0.000676 0.0008353376193652074 0.00018558258241888853
1362 3.2584455 0.000676 0.0009240619399052773 0.0001827812583050742
1363 3.2591217 0.000676 0.001006654003787741 0.00018345452975284133
1364 3.2597978 0.000676 0.001208173265035204 0.00018038108083193294
1365 3.2604740000000003 0.000676 0.0011658253497720831 0.000179698968095861
1366 3.2611504 0.000676 0.0011308405054606006 0.0001886727454753707
1367 3.2618264999999997 0.000676 0.0010452042782169455 0.00017862505443105717
1368 3.2625027 0.000676 0.0011359432888938276 0.00018357268777249785
1369 3.2631787999999995 0.000676 0.0008233066110327711 0.00020225684218907745
1370 3.263855 0.000676 0.0009129105724986104 0.0001828837719655473
1371 3.2645311 0.000676 0.0009530045770557501 0.00019082379410762258
1372 3.2652072999999997 0.000676 0.001302022547621451 0.0001947913307821725
1373 3.2658834 0.000676 0.001121250001103017 0.00018324984774411836
1374 3.2665596000000003 0.000676 0.001019619620524206 0.00018513536177044328
1375 3.2672357999999995 0.000676 0.0008641753539336787 0.0001877739798695523
1376 3.267912 0.000676 0.0012098835749809295 0.0001829208072743443
1377 3.2685880000000003 0.000676 0.0008535238058433724 0.00018291259903019464
1378 3.2692642000000003 0.000676 0.0011518152315428125 0.00019103108930237713
1379 3.2699404 0.000676 0.0008817706686697092 0.00018928854910234817
1380 3.2706165 0.000676 0.0010480969329385028 0.0001797984925504028
1381 3.2712927000000005 0.000676 0.0009006721087843804 0.00019407164041175502
1382 3.2719688 0.000676 0.0007095793731843098 0.00018548917124482157
1383 3.2726450000000002 0.000676 0.0010678744527217148 0.00018446304099330917
1384 3.2733212000000003 0.000676 0.001029658620999219 0.00018160281398440264
1385 3.273997 0.000676 0.0010408316051566961 0.00018590287385096668
1386 3.2746732000000005 0.000676 0.001407784302622098 0.00020791397739832756
1387 3.2753494 0.000676 0.001045986902187531 0.00019901984761672113
1388 3.2760255000000003 0.000676 0.0010502674868813815 0.00017979057272826028
1389 3.2767015 0.000676 0.001163908871845857 0.00018572441691655815
1390 3.2773776 0.000676 0.001173234546679836 0.00018174719417273066
1391 3.2780538 0.000676 0.0017604196302801677 0.00018489035600538812
1392 3.2787297 0.000676 0.0008482420268916876 0.00017736238727652349
1393 3.2794057999999997 0.000676 0.0009899651987587798 0.00019189523162629654
1394 3.280082 0.000676 0.0011701393362164106 0.00019974083024241335
1395 3.280758 0.000676 0.0009133035758328822 0.00018227271223939654
1396 3.2814339999999995 0.000676 0.0012490671219490546 0.0001851863557824441
1397 3.2821102 0.000676 0.0013028688811260927 0.00018511995756244554
1398 3.2827861000000005 0.000676 0.0012231661242944635 0.0001839304886205777
1399 3.2834623 0.000676 0.001036947564554936 0.00018294320819225296
1400 3.2841382000000006 0.000676 0.0012317067362440464 0.00018629877827481124
1401 3.2848144 0.000676 0.0008940966085424293 0.00018203093509852074
1402 3.2854902999999998 0.000676 0.0011141538664261156 0.00021751820861012932
1403 3.2861663999999995 0.000676 0.0008364330654792561 0.00018351239864283577
1404 3.2868422999999996 0.000676 0.0011188652672227504 0.00018237411536324759
1405 3.2875183 0.000676 0.0012486812636667672 0.00018994699032424486
1406 3.2881943999999996 0.000676 0.0012328042953355855 0.00019128137773804507
1407 3.2888703 0.000676 0.0011236472929659787 0.00019054836958272764
1408 3.2895464999999997 0.000676 0.0011157914971427019 0.00018849678806340036
1409 3.2902224 0.000676 0.0006166602887361178 0.00018811698944910766
1410 3.2908983 0.000676 0.0012310707474223934 0.00018093974411518003
1411 3.2915742 0.000676 0.0011023533862158682 0.000179590907568901
1412 3.2922504 0.000736 0.0009088749031764801 0.00018530096166627337
1413 3.2929869 0.000676 0.0012350962218480302 0.00018045429403172912
1414 3.2936628 0.000676 0.0009925741889443946 0.00018934079356436792
1415 3.2943387000000004 0.000676 0.0011423730349444585 0.0001887080653474917
1416 3.2950149 0.000676 0.0009029112542561525 0.000187838943344503
1417 3.2956907999999996 0.000676 0.0011620252904213162 0.0001934859107797492
1418 3.2963667 0.000676 0.0013946894452233562 0.00018288343021804977
1419 3.2970426 0.000676 0.0009917322726835133 0.0001903800605198851
1420 3.2977184999999998 0.000676 0.0009549898762548584 0.00018365931825597908
1421 3.2983943999999994 0.000676 0.0007535767911173156 0.0001974129701674983
1422 3.2990703999999997 0.000676 0.0011957960032121062 0.00018834487789236263
1423 3.2997463 0.000676 0.0010392008324098137 0.00017996480532318063
1424 3.3004222000000003 0.000676 0.001096700114892365 0.0001847794032428484
1425 3.3010980000000005 0.000676 0.001251644166594232 0.00018294775799848986
1426 3.301774 0.000676 0.0008199814134203943 0.00017890683285943937
1427 3.30245 0.000676 0.0006083557800893048 0.00018933820753120467
1428 3.3031259 0.000676 0.00122103523768784 0.00019531772412067531
1429 3.3038017999999996 0.000676 0.00113419218074133 0.00017890766738631075
1430 3.3044777 0.000676 0.001145646941126966 0.00017861058207881093
1431 3.3051536 0.000676 0.0014668046373356152 0.00018866581774162856
1432 3.3058294999999998 0.000676 0.001008934633889826 0.00017980968402659693
1433 3.3065054 0.000676 0.0008768770730834138 0.00019798839119129446
1434 3.3071813999999997 0.000676 0.0012045982605724832 0.00018190466463650126
1435 3.3078573 0.000676 0.0011059518629891877 0.00018012690903402323
1436 3.308533 0.000676 0.0009241570986927174 0.00018760561943765588
1437 3.3092089 0.000676 0.0007561496071075778 0.00019319778194170842
1438 3.3098848 0.000676 0.001097961676248267 0.00018936833303981635
1439 3.3105607000000004 0.000676 0.0011038349829680454 0.00019408780855579538
1440 3.3112364000000003 0.000676 0.0010338033886717606 0.00019244085542921465
1441 3.3119123 0.000676 0.001030120306438759 0.0001890396825091654
1442 3.3125882000000004 0.000676 0.0010773245522853216 0.00018000499360789767
1443 3.3132641000000005 0.000676 0.0003239458577312302 0.0001745048614223368
1444 3.3139398 0.000676 0.0012364872230139839 0.00018522702492083104
1445 3.3146157 0.000676 0.0007375054853423894 0.00018280377574010574
1446 3.3152913999999996 0.000676 0.0005889021885433084 0.00018954972667605948
1447 3.3159672999999996 0.000676 0.0007661254701661502 0.0001914103001977522
1448 3.3166432 0.000676 0.0008605158319297232 0.0001933549841195044
1449 3.3173190000000004 0.000676 0.0008993198888919747 0.00018542040865792767
1450 3.3179947999999997 0.000676 0.0009867451512454736 0.00018437906628963383
1451 3.3186705 0.000676 0.0008660884282006038 0.00017900622611803825
1452 3.3193462 0.000676 0.0011149302369293423 0.00018407614954622588
1453 3.3200218999999995 0.000676 0.0008771101525182721 0.0001988822116267079
1454 3.3206977999999996 0.000676 0.001050054985173522 0.00018184119745196103
1455 3.3213735 0.000676 0.0009720383140204037 0.0001846142523031802
1456 3.3220491 0.000676 0.0008952042359389238 0.000187216544330256
1457 3.322725 0.000676 0.0008948289015688918 0.0001875879533038716
1458 3.3234007000000005 0.000676 0.0011384331658408988 0.00019872470763286756
1459 3.3240763999999996 0.000676 0.0005959738246994109 0.00018378943897471453
1460 3.3247523 0.000676 0.0009703423216492198 0.00018251781138255076
1461 3.325428 0.000676 0.0010003818470582621 0.00018861622869286796
1462 3.3261037000000004 0.000676 0.0010444471201115396 0.00019045552511481602
1463 3.3267796 0.000676 0.0009060404885287015 0.00018638248238014952
1464 3.3274553 0.000676 0.0013212038915674555 0.0001833130827445882
1465 3.328131 0.000676 0.001090617901015144 0.00017974269801306972
1466 3.3288066 0.000676 0.0007259599782665315 0.0001792579171297893
1467 3.3294822999999996 0.000676 0.0011313041194146777 0.00018019555100161626
1468 3.3301582 0.000676 0.0012568822059981063 0.00017750640627601984
1469 3.330834 0.000676 0.0012630858745162283 0.00018742702450493613
1470 3.3315096 0.000676 0.0008196901228106189 0.00017516085032567624
1471 3.3321852999999995 0.000676 0.001124261112847865 0.00018514468376023104
1472 3.332861 0.000676 0.0011107623512689947 0.00017922606973581022
1473 3.3335366 0.000676 0.001503972681849192 0.0001790351353548492
1474 3.3342123 0.000676 0.00096623644653164 0.00019879721259497376
1475 3.334888 0.000676 0.0007866448627746861 0.00017672417418460244
1476 3.3355637000000002 0.000676 0.0008778143344194177 0.00018166109716030718
1477 3.3362392999999995 0.000676 0.0008819749057299424 0.00018260006285354365
1478 3.3369150000000003 0.000676 0.0010171380156054623 0.0001928762460500015
1479 3.3375907 0.000676 0.0008658701458138805 0.0001914344843928235
1480 3.3382663999999997 0.000676 0.001103705608525064 0.00019035103258008276
1481 3.338942 0.000676 0.0008777855433017668 0.00018946775538640763
1482 3.3396177000000002 0.000676 0.0007492464505588178 0.00019203949328503497
1483 3.3402934 0.000675 0.0009815067222074525 0.00019155020381741484
1484 3.3409687999999993 0.000676 0.0009561306621619324 0.00018513361815407933
1485 3.3416445 0.000676 0.0009766152778717414 0.00018954679744762645
1486 3.3423202000000005 0.000676 0.000942606727792151 0.00019251799419473328
1487 3.342996 0.000676 0.0012631025458710767 0.00019278230888949662
1488 3.3436716 0.000675 0.0010423259537807547 0.00019352388707529928
1489 3.344347 0.000676 0.0007746542538479651 0.0001887555503929375
1490 3.3450227 0.000676 0.0008944370632941403 0.00020625504936534216
1491 3.3456984 0.000675 0.0012029252302308033 0.00018032740307393147
1492 3.3463738 0.000676 0.0011297784914253745 0.00018973052354804816
1493 3.3470495000000002 0.000676 0.0007050164307869851 0.00018165864947355763
1494 3.3477252 0.000675 0.0012699791603188561 0.00018225737221513937
1495 3.3484006 0.000676 0.0012250108860067676 0.00018378766921020026
1496 3.3490763 0.000675 0.0010136726643408655 0.00017741879566381843
1497 3.3497517 0.000676 0.000767383754398226 0.00018723839437029093
1498 3.3504273999999996 0.000676 0.0008973434782350823 0.00019198579500503843
1499 3.3511029999999997 0.000676 0.001112482743118111 0.00021829513569082964
1500 3.3517785000000004 0.000676 0.0008839607585873128 0.00018652953469056074
1501 3.3524542 0.000675 0.0009691287605070553 0.0001923383532568711
1502 3.3531296000000004 0.000675 0.0012465579377993578 0.00018484248674750293
1503 3.3538050000000004 0.000676 0.001069360477465145 0.0001791711583749416
1504 3.3544807 0.000676 0.0014111701709607037 0.00019765974608896
1505 3.3551562000000006 0.000676 0.0012779892025746482 0.00017766477321352553
1506 3.3558318999999996 0.000675 0.00101340305014879 0.00018925122201882957
1507 3.3565072999999996 0.000675 0.0010877066001209119 0.00019387822610080003
1508 3.3571827000000005 0.000676 0.0010318040585666737 0.00018526140043511162
1509 3.3578584000000005 0.000675 0.0010665818309989626 0.0001847870217087717
1510 3.3585339 0.000675 0.0010538723019696535 0.00018440931467445166
1511 3.3592093000000003 0.000675 0.000879556028043436 0.00019755020329209434
1512 3.3598847000000003 0.000676 0.0010906376159121212 0.00018025760521993013
1513 3.3605604 0.000675 0.000999124970672512 0.00020024550134030458
1514 3.3612358999999996 0.000675 0.0008694284222894096 0.0001855528775038603
1515 3.3619112999999996 0.000675 0.001182816702459116 0.00019672509681376222
1516 3.3625867 0.000676 0.0012924975289223333 0.00018114799534878505
1517 3.3632622000000003 0.000676 0.0012278050560095455 0.00018847024280771153
1518 3.3639379000000003 0.000675 0.0007666900459091839 0.00018743182787345127
1519 3.3646133000000003 0.000675 0.0009006435415536255 0.00017851175071632785
1520 3.3652887000000002 0.000675 0.0012190323909382667 0.00018120585662015847
1521 3.3659642 0.000675 0.0010085650898784106 0.00017945127898086628
1522 3.3666396 0.000675 0.0011922661343332617 0.00018275456017690948
1523 3.367315 0.000675 0.0009023997748286067 0.00018156876456421533
1524 3.3679905 0.000676 0.0010850678562241542 0.00018648569541585878
1525 3.368666 0.000675 0.0011216478575129419 0.00019688204695868648
1526 3.3693413999999997 0.000675 0.0012040530723866011 0.00018884139547450845
1527 3.3700167999999997 0.000675 0.0011088184155691808 0.00018314993098130243
1528 3.3706922999999995 0.000675 0.0013381047952999421 0.0002926318530682543
1529 3.3713677000000004 0.000675 0.0009425695209861852 0.0001812954527756242
1530 3.3720431000000004 0.000675 0.001123567155292817 0.00018299293988246207
1531 3.3727183 0.000675 0.0010369942046682117 0.00018552341612235903
1532 3.3733937999999997 0.000675 0.001024515471911993 0.0001794848677104526
1533 3.3740692 0.000675 0.00128332687428062 0.00018854602419013177
1534 3.3747447 0.000675 0.0012214580002147509 0.00018911857966126468
1535 3.3754199999999996 0.000675 0.0013821309558150708 0.00017788700955151716
1536 3.3760953000000002 0.000675 0.0011609266158789297 0.0001828381100073631
1537 3.3767707000000002 0.000675 0.0008415407331839766 0.00019033572539608478
1538 3.3774462 0.000675 0.000999868539980959 0.00018150038833552072
1539 3.3781216 0.000675 0.0007921118146719572 0.000180784198591305
1540 3.3787968 0.000675 0.0010168617929779643 0.00019642946893331782
1541 3.3794722999999998 0.000675 0.0007833744441575442 0.0001891749055405978
1542 3.3801476999999998 0.000675 0.0011818575778078562 0.00019519870100765562
1543 3.3808230000000004 0.000675 0.0008287610294036618 0.00019509103381817438
1544 3.3814983 0.000675 0.0010838327307050107 0.00019127924265340132
1545 3.3821735 0.000675 0.0011597878013611394 0.00018594428209123298
1546 3.3828489999999998 0.000675 0.0010448966057658912 0.00018413461357678798
1547 3.3835241999999996 0.000675 0.0011086585731693455 0.0001854723855375809
1548 3.3841996 0.000675 0.0008432825594018254 0.00017887747904918498
1549 3.3848748 0.000675 0.0013405972115526723 0.00018933706661489883
1550 3.3855503 0.000675 0.0010474536558618959 0.00017678753044800776
1551 3.3862254999999997 0.000676 0.0009747432562922255 0.00017978198336175932
1552 3.3869010000000004 0.000675 0.001334270082220988 0.0001805810947727925
1553 3.387576 0.000675 0.0011767327443547321 0.00019007172784901016
1554 3.3882515 0.000675 0.0007060246967687873 0.00018965602421824174
1555 3.3889267 0.000675 0.0007697647125544431 0.00018772137765311168
1556 3.3896019999999996 0.000675 0.0009740210623201513 0.00018568974371961525
1557 3.3902773999999996 0.000675 0.0008168142560607412 0.0002002806139207591
1558 3.3909526 0.000675 0.000965684893060749 0.00018395773546188521
1559 3.3916277999999997 0.000675 0.0010668586032423412 0.0001823785811762149
1560 3.392303 0.000675 0.001140838150081123 0.0001813401663879487
1561 3.3929784 0.000675 0.0010289910074808833 0.00018207088080144057
1562 3.3936536 0.000675 0.00129797133111014 0.00019290317373315405
1563 3.3943288000000003 0.000675 0.0012139456930226411 0.00019534629508345672
1564 3.395004 0.000675 0.00047180476620053535 0.0001841029014697294
1565 3.3956792 0.000675 0.0009424606634194815 0.00018705817152170896
1566 3.3963544000000003 0.000675 0.0007560811430929162 0.00018332353282557063
1567 3.3970298999999997 0.000675 0.0009454415169957781 0.0001848585642489012
1568 3.397705 0.000675 0.0003968455485222634 0.00018822191864895435
1569 3.3983803 0.000675 0.0010456935013892085 0.00019989151883000736
1570 3.3990555000000002 0.000675 0.0013346907670212513 0.00018898870731481155
1571 3.3997307 0.000675 0.0011180233178166743 0.0001891930475705293
1572 3.400406 0.000675 0.0011949240019625688 0.00017608214015018588
1573 3.4010809999999996 0.000675 0.0012311866304583283 0.00017761593304559958
1574 3.4017562999999993 0.000675 0.0010331191912647932 0.0001847225853802774
1575 3.4024315 0.000675 0.0009819920516045933 0.00018857319183486216
1576 3.4031067000000004 0.000675 0.0010321455965410125 0.00018356182256121315
1577 3.4037817 0.000675 0.0010409769601043453 0.0001837254746820268
1578 3.4044568999999996 0.000675 0.0009791286927537334 0.00018248690902664022
1579 3.405132 0.000675 0.0004519526501581916 0.0001862524225541202
1580 3.4058072999999998 0.000675 0.001261764123644801 0.00018443230248988817
1581 3.4064824999999996 0.000675 0.0011141508696058005 0.00019179020219502348
1582 3.4071577000000004 0.000675 0.0012150529344353651 0.00018553471347952243
1583 3.4078326 0.000675 0.001200749503521311 0.00019010226291619122
1584 3.4085078 0.000675 0.0010881091189988018 0.00019437608951716883
1585 3.409183 0.000675 0.0009742912440334134 0.00019243483016811799
1586 3.4098582000000004 0.000675 0.0008316485481502027 0.00019232188722872288
1587 3.4105332 0.000675 0.0008662023634005791 0.0001918081121014382
1588 3.4112084000000005 0.000675 0.0012095227842969436 0.00018459523811721498
1589 3.4118834000000002 0.000675 0.0009353748861229989 0.00018396426559597954
1590 3.4125586 0.000675 0.0008635721908611268 0.0002046497400985808
1591 3.4132337999999995 0.000675 0.0012168576132753927 0.00020609852072615582
1592 3.4139087 0.000675 0.0007859327033494831 0.00019106725356771395
1593 3.4145839999999996 0.000675 0.0009974818529997717 0.0002083593296707422
1594 3.415259 0.000675 0.0008731163744151136 0.00019578961133673485
1595 3.4159339999999996 0.000675 0.0011656494225906586 0.00019149578765629752
1596 3.416609 0.000675 0.0011247742056122308 0.00020513373928382733
1597 3.4172843 0.000675 0.000591961882445931 0.00017992368404370852
1598 3.4179592000000003 0.000675 0.000878388751028947 0.00018450211088571052
1599 3.4186343999999997 0.000675 0.000948685796919997 0.00017774761624902627
1600 3.4193094 0.000675 0.0012880286056964276 0.00018119597538236997
1601 3.4199843 0.000675 0.0011314279526007127 0.00018593641585759393
1602 3.4206595 0.000675 0.0009692674719449451 0.00018195039951871304
1603 3.4213345 0.000675 0.0011620490370844944 0.000179088274683394
1604 3.4220097000000003 0.000675 0.0011116055808426063 0.00018065226717928746
1605 3.4226847 0.000675 0.0012354728809468708 0.00021256199842875273
1606 3.4233596 0.000675 0.0011648250559466622 0.00018400555484013873
1607 3.4240348 0.000675 0.0012601757541730314 0.00018298180203728072
1608 3.4247099999999997 0.000675 0.0005820999473481947 0.0001834812323257429
1609 3.425385 0.000675 0.0010588552517903573 0.00018348570879505333
1610 3.4260599999999997 0.000675 0.0009153794085285374 0.00018842173632159018
1611 3.426735 0.000675 0.0014664468674079007 0.00018840813144581348
1612 3.42741 0.000675 0.0006814937802179243 0.0001845398827194212
1613 3.4280849 0.000675 0.0010194652118009956 0.00018952141521801725
1614 3.4287598 0.000675 0.001116834440804575 0.00020223590756040738
1615 3.429435 0.000675 0.0013182451540708036 0.00018616717241647226
1616 3.43011 0.000675 0.0006710058078869657 0.00018680757520971595
1617 3.4307852 0.000675 0.0009674121306565089 0.0001773941832446286
1618 3.4314601000000002 0.000675 0.0009614655108780238 0.00018360292314667035
1619 3.4321349999999997 0.000675 0.0008448805237090911 0.00019724319861850987
1620 3.43281 0.000675 0.0011644250249414753 0.00018992524326898676
1621 3.4334849999999997 0.000675 0.0009215439852631031 0.00018977261791722425
1622 3.43416 0.000675 0.0009576064044770056 0.00018082145454635047
1623 3.4348347 0.000675 0.0013762390952434473 0.0002024520010035496
1624 3.4355097000000003 0.000675 0.000934121243241989 0.00018786668088202293
1625 3.4361846 0.000675 0.001141723124752347 0.00018901263284798448
1626 3.4368597999999997 0.000675 0.0011693484587281039 0.00018286330091594924
1627 3.4375348 0.000675 0.0009330809212402584 0.00019971943312538146
1628 3.4382097999999996 0.000675 0.001119329272669903 0.00018518355223398473
1629 3.4388845 0.000675 0.0010846274076953752 0.00017825676116578116
1630 3.4395595 0.000675 0.0006867817549736859 0.00018907269594959638
1631 3.4402343999999996 0.000736 0.0011053513880502175 0.00018790605420350505
1632 3.4409702000000006 0.000675 0.000709008464630086 0.00019381708903299877
1633 3.4416451 0.000675 0.001099365669073395 0.00018521537868743733
1634 3.4423199999999996 0.000675 0.0012756648358020453 0.00018725246982176252
1635 3.4429947999999997 0.000675 0.0010872582598719666 0.00018133293279285124
1636 3.4436699999999996 0.000675 0.0008278723116077604 0.0002003189896874834
1637 3.4443449999999998 0.000675 0.0010620682011361225 0.00018766055644372045
1638 3.4450197 0.000675 0.0011292976128861466 0.0001835183581525714
1639 3.4456947 0.000675 0.0009442566901680009 0.00018976620223270558
1640 3.4463693999999996 0.000675 0.0013515225745655366 0.00018028784512892583
1641 3.4470444 0.000675 0.001210714196295502 0.00018251817418523834
1642 3.447719 0.000675 0.0009751118822586591 0.00018287469120248639
1643 3.4483940000000004 0.000675 0.0006044808546010852 0.00018047170633271034
1644 3.4490687999999996 0.000675 0.0010250855652468463 0.00018803119787091303
1645 3.4497440000000004 0.000675 0.0010803525622556669 0.00018515519683331145
1646 3.4504187000000006 0.000675 0.0007559092541365302 0.00019042576102280164
1647 3.4510937000000004 0.000675 0.0010849170645666805 0.00018460053461969702
1648 3.4517684 0.000675 0.0014764847296960017 0.0001801508963951413
1649 3.4524431000000004 0.000675 0.0010663340391478772 0.00018519221071134687
1650 3.453118 0.000675 0.0009875046462114831 0.00018772537856350934
1651 3.4537928 0.000675 0.0010842851323446337 0.0001777347947395269
1652 3.4544675000000002 0.000675 0.0006704596411406072 0.00018806695106128292
1653 3.4551422999999994 0.000675 0.0012718175815761824 0.0001769728034622441
1654 3.4558172 0.000675 0.001175417697839243 0.00017996700690147807
1655 3.4564922 0.000675 0.0015208262815239403 0.00019480284880428906
1656 3.4571669999999997 0.000675 0.0010991161723184443 0.00018245660091079877
1657 3.4578415999999996 0.000675 0.0011033591067827523 0.00019704151376202304
1658 3.4585163999999997 0.000675 0.0015268498746472722 0.0001870575053087248
1659 3.4591913 0.000675 0.0009380199052722247 0.00018706196544558597
1660 3.4598660000000003 0.000675 0.001027321193755909 0.00018810135363712044
1661 3.4605407999999995 0.000675 0.001083035070654878 0.00019143080953726454
1662 3.4612155 0.000675 0.0012763177330267546 0.0001839390008168286
1663 3.4618902 0.000675 0.0005938952595710721 0.00019537280512151403
1664 3.4625652000000002 0.000675 0.0008881207372472548 0.00018111067434756217
1665 3.4632400000000003 0.000675 0.001319484420160568 0.00018047903617397974
1666 3.4639146 0.000675 0.001092232552448939 0.000195126812098079
1667 3.4645894 0.000675 0.0012281219895020389 0.00017724382521134413
1668 3.465264 0.000675 0.0009349866754593002 0.0001818037811827012
1669 3.4659388 0.000675 0.0010129080911043407 0.00018407581605896098
1670 3.4666135000000002 0.000674 0.0010275155426640618 0.00018144262084736034
1671 3.467288 0.000675 0.0008191601039731788 0.00019082869917958197
1672 3.4679627 0.000675 0.0010745613743020303 0.0001817218533602289
1673 3.4686375 0.000675 0.001166146323048902 0.00018707435112388026
1674 3.4693123999999997 0.000675 0.001210241089898653 0.00018493543624050472
1675 3.4699872000000003 0.000674 0.0009187508129134388 0.00018200751544376323
1676 3.4706616 0.000675 0.0010781318972388895 0.0001829712719457468
1677 3.4713364 0.000675 0.0009973089306400417 0.00018162478312594053
1678 3.472011 0.000675 0.001066783819953205 0.00018509836360028334
1679 3.4726858 0.000674 0.0015330145375171843 0.0002020637336756664
1680 3.4733602999999995 0.000675 0.0009918849029426958 0.00018458807011659495
1681 3.4740349999999998 0.000675 0.0011076306486640316 0.00019212299366868916
1682 3.4747097 0.000675 0.001217878019639431 0.0001883655771871788
1683 3.4753845 0.000675 0.0009605949650630234 0.00019624159548823332
1684 3.4760592000000003 0.000674 0.000912436388494619 0.00019219941137560705
1685 3.4767337 0.000675 0.0012465109302897922 0.0001877492766027231
1686 3.4774084000000003 0.000675 0.0013760979754735727 0.00018578495865479024
1687 3.4780830000000003 0.000675 0.0011279736206587208 0.0001800950433256659
1688 3.4787576000000002 0.000674 0.0009096887395230535 0.00018753790816721942
1689 3.479432 0.000675 0.0012137905721946352 0.00017858687851268266
1690 3.4801067999999997 0.000674 0.0009891516801465636 0.0001879905281474361
1691 3.4807812999999994 0.000675 0.0009774537662818538 0.00020082229379889629
1692 3.4814559999999997 0.000675 0.0010959201996947098 0.00018618819271568038
1693 3.4821307999999997 0.000675 0.0010105248118295394 0.00018944612526967952
1694 3.4828053 0.000675 0.0006832326141967628 0.00018979361427868665
1695 3.48348 0.000674 0.0007251369498042742 0.0001869477707068176
1696 3.4841545 0.000675 0.0008171608512521272 0.00018333705957831502
1697 3.484829 0.000675 0.0013321866261864815 0.00019249042812256487
1698 3.4855037 0.000674 0.00048348554787651306 0.0001845330769555319
1699 3.4861782 0.000674 0.0011496438458557677 0.0001861683782692512
1700 3.4868525999999997 0.000675 0.0009405473074148896 0.00018861009026200932
1701 3.4875271 0.000675 0.0007820301294465594 0.0001776529062328709
1702 3.4882019 0.000675 0.0011495363716968277 0.00019119458303454192
1703 3.4888766 0.000674 0.0011673180416437664 0.00018550777903628867
1704 3.489551 0.000675 0.001172478113421745 0.00018086937144635616
1705 3.4902256 0.000674 0.0006969649193801504 0.00019120165634921887
1706 3.4909 0.000675 0.0012922998741539905 0.00018715981416187404
1707 3.4915745000000005 0.000674 0.0007507795139284903 0.00019975265300297974
1708 3.4922489999999997 0.000675 0.0015974145868205539 0.00019507336136639076
1709 3.4929235 0.000675 0.0010253425770669915 0.00019208443112905149
1710 3.4935980000000004 0.000674 0.0013492464031729968 0.00018374352996054354
1711 3.4942724999999997 0.000675 0.0012252440157046465 0.00018869640888824902
1712 3.4949472000000004 0.000675 0.0008604927036864382 0.00019857696369983012
1713 3.4956217000000005 0.000674 0.0010858674621111993 0.0001878260438056113
1714 3.4962961999999997 0.000675 0.000952635349696582 0.00019055461280517315
1715 3.4969707000000003 0.000674 0.0011231073124082472 0.00018121383127172287
1716 3.4976451 0.000674 0.0013701828991703282 0.0002485758809333649
1717 3.4983193999999997 0.000675 0.0012099971420118482 0.00018495633653714725
1718 3.4989939 0.000675 0.0010391420946414395 0.00018573759825846333
1719 3.4996684 0.000674 0.0008940312119566624 0.00018491559294880644
1720 3.5003428 0.000675 0.0013284743284927621 0.0001888843325966628
1721 3.5010176 0.000674 0.0009811705738782342 0.00018561911290626993
1722 3.5016917999999997 0.000675 0.0008502050759343464 0.00018471091090432
1723 3.5023663000000003 0.000674 0.0009549240825149941 0.00018600065278288403
1724 3.5030407999999995 0.000674 0.0011288939005232868 0.00019130306430190262
1725 3.503715 0.000674 0.001011876270864148 0.00018641159872169916
1726 3.5043895 0.000675 0.0013842232583823305 0.00018826703308547803
1727 3.505064 0.000674 0.001368840747845203 0.00018597100016827734
1728 3.5057383 0.000674 0.0013979859773162384 0.00018301293445137
1729 3.5064127 0.000674 0.0010342406181794229 0.00019472510662749202
1730 3.5070870000000003 0.000675 0.0004517400615738232 0.00018714554329376482
1731 3.5077616999999996 0.000674 0.0009326484663957428 0.0001837242588593771
1732 3.508436 0.000675 0.0012748910301434184 0.00018767916425445658
1733 3.5091105000000002 0.000674 0.0006768184816673753 0.00018884082262329095
1734 3.5097847 0.000675 0.0013590620228474447 0.00019689912451624288
1735 3.5104592000000006 0.000674 0.0008469335951162226 0.00018136379745058216
1736 3.5111334000000003 0.000675 0.0011075029047962817 0.00019028381329692717
1737 3.5118080000000003 0.000674 0.00111567483057899 0.00019298744943537692
1738 3.5124822 0.000674 0.00109067668996823 0.00019650446908530317
1739 3.5131563999999997 0.000675 0.00102959710634977 0.00019416525446014896
1740 3.5138311 0.000674 0.0010910955159848558 0.00020078124326671369
1741 3.5145053999999996 0.000674 0.0012698297441564464 0.00018779544830635985
1742 3.5151796 0.000674 0.001200194633148513 0.00018301041873597395
1743 3.5158541 0.000674 0.0008192811866608746 0.00019637557882721399
1744 3.5165284 0.000674 0.000997595552805554 0.00018443547908206535
1745 3.5172025999999996 0.000674 0.0010681655653426581 0.00018323455097243893
1746 3.5178769 0.000674 0.0006346516601029662 0.00018616346920205992
1747 3.518551 0.000675 0.0012662112999302856 0.00018890805043558475
1748 3.5192256 0.000674 0.0009144323289512161 0.00019211054475365094
1749 3.5198998 0.000674 0.0007388772118969654 0.00018402289146733194
1750 3.5205742999999994 0.000674 0.0010664894131845095 0.0001869449757525518
1751 3.5212486000000003 0.000674 0.001040698696860014 0.00019515775623288212
1752 3.5219227999999996 0.000674 0.0008837533018677141 0.00020561397815794396
1753 3.522597 0.000674 0.0013814493105264488 0.00019096085423662144
1754 3.5232712999999998 0.000674 0.0010685303470886604 0.0001870043884646383
1755 3.5239456 0.000674 0.0013597705216521275 0.000188087501133377
1756 3.5246197999999995 0.000674 0.0007275646318851003 0.00018620889163462734
1757 3.525294 0.000674 0.001185836584030832 0.00019116146255396065
1758 3.5259682999999997 0.000675 0.0009949142203784594 0.0003228027422095062
1759 3.5266428 0.000674 0.000850526428760928 0.00018534232270330458
1760 3.527317 0.000674 0.0013652304589152919 0.00018167246613055076
1761 3.5279910000000005 0.000674 0.0011415938150821678 0.00018898824370313554
1762 3.5286652999999997 0.000674 0.0010384998415839397 0.00019198192077964692
1763 3.5293396 0.000674 0.0011232964598652455 0.00018312223807572287
1764 3.5300138 0.000674 0.0007111928550461901 0.00018177936740083563
1765 3.5306879999999996 0.000674 0.0009418842350148477 0.00018399015386542683
1766 3.531362 0.000674 0.001070734808266083 0.00018264452322474148
1767 3.5320362999999997 0.000674 0.0009020556823899501 0.00022118903855805475
1768 3.5327106 0.000674 0.0007119337919463837 0.00019274590740308962
1769 3.5333848 0.000674 0.001093373935382305 0.000188099439567131
1770 3.5340589999999996 0.000674 0.0012947190222133609 0.00019504067348343
1771 3.5347333 0.000674 0.0010111713229750316 0.00027782634229289895
1772 3.5354072999999997 0.000674 0.0005674625198380341 0.0002012307292833282
1773 3.5360815999999997 0.000674 0.0008562592902614747 0.00018995233996617358
1774 3.5367556 0.000674 0.0010447942927107714 0.00018794136833871113
1775 3.5374297999999995 0.000674 0.0011434396911519608 0.00018235129483120416
1776 3.538104 0.000674 0.0012291694022017764 0.00019849576805183757
1777 3.5387779999999998 0.000674 0.0012503648525162574 0.00018671246639797372
1778 3.5394523 0.000674 0.0010938911905627629 0.0001948091571048946
1779 3.5401266000000002 0.000674 0.0009802189231035653 0.00019750070330345899
1780 3.5408006000000003 0.000674 0.0011171594812823854 0.00017894104342292222
1781 3.5414748 0.000674 0.0012164556570289657 0.00018285688426102179
1782 3.5421487999999997 0.000674 0.0011975085968044714 0.00018639963341576734
1783 3.5428227999999997 0.000674 0.0007796474327319996 0.00018159375239029356
1784 3.543497 0.000674 0.001108979210899247 0.0001840388037522599
1785 3.544171 0.000674 0.0009050813809554537 0.00018967104225479985
1786 3.5448449999999996 0.000674 0.0010609761285120514 0.00019074951622078732
1787 3.5455193999999994 0.000674 0.0010996469788792027 0.00018996686550797412
1788 3.5461936 0.000674 0.0009182467523307037 0.0001890145941456827
1789 3.5468676 0.000674 0.0010213298927792588 0.0001816657430032503
1790 3.5475415999999997 0.000674 0.0009946817067266 0.0001919420469608381
1791 3.5482156000000002 0.000674 0.0008370385527594528 0.00018222646925573013
1792 3.5488899 0.000674 0.0010751021173256198 0.00018793380709425633
1793 3.549564 0.000674 0.000884919215098368 0.00019141894237378957
1794 3.550238 0.000674 0.000854882025952571 0.00018684524609534442
1795 3.5509120000000003 0.000674 0.0011040624433030467 0.00018422723866078726
1796 3.551586 0.000674 0.0012445523168955802 0.00021018241136547042
1797 3.5522602 0.000674 0.000778404180684973 0.00019902881505344002
1798 3.5529342000000006 0.000674 0.0013818388805217712 0.00018553875723680796
1799 3.5536082 0.000674 0.001331710459253926 0.00018577229484133194
1800 3.5542822 0.000674 0.0010525750760711178 0.00019445315121046524
1801 3.5549562000000003 0.000674 0.0009882631092163819 0.00018795035310434886
1802 3.5556302000000004 0.000674 0.0008894506411967941 0.0001904086874393058
1803 3.5563042 0.000674 0.001015326510460843 0.00018614557034432217
1804 3.5569782 0.000674 0.0013432505699565052 0.0001926573532600996
1805 3.5576519999999996 0.000674 0.001168826793790946 0.0001862708909227941
1806 3.558326 0.000674 0.0010106539454278777 0.00018988457627832955
1807 3.5590002999999997 0.000674 0.0011213195833796928 0.00018646359826117348
1808 3.5596742999999993 0.000674 0.0010775225821850287 0.00018891249052597727
1809 3.5603483 0.000674 0.0009347886780884797 0.0001837395498960452
1810 3.561022 0.000674 0.0009719739285238426 0.00018477881115832272
1811 3.561696 0.000674 0.0009907759806633922 0.00019970317238482914
1812 3.5623699999999996 0.000674 0.0009285693426657245 0.0001868087619739825
1813 3.5630437999999995 0.000674 0.001201262120903066 0.0001847605335804764
1814 3.5637178 0.000674 0.0008606030297755443 0.0001861407862660674
1815 3.5643919000000004 0.000674 0.0007725955818163087 0.0002838987527954819
1816 3.5650659 0.000674 0.0012896885619177725 0.0001895044559007971
1817 3.5657398999999996 0.000674 0.000875620472232515 0.0001855802716236297
1818 3.5664135999999997 0.000674 0.0011660570068914998 0.0001919305734235266
1819 3.5670877 0.000674 0.0009449727617228331 0.00020155970944925523
1820 3.5677614 0.000674 0.0008892174779809832 0.00019196983951965516
1821 3.5684354 0.000674 0.0009425506855165318 0.00019330242522682436
1822 3.5691092 0.000674 0.0008277865649086223 0.0001865429077275752
1823 3.5697832000000003 0.000674 0.0009300224739701531 0.00018412090083872707
1824 3.5704569999999998 0.000674 0.0010680224523258973 0.0002090512374389608
1825 3.571131 0.000674 0.001164145214067621 0.00018648584139310361
1826 3.5718050000000003 0.000674 0.0013238260879314383 0.00018782735387586714
1827 3.5724788 0.000674 0.0010745042115200686 0.00019844724660983087
1828 3.5731528 0.000674 0.0007577766741388205 0.0001893409435556603
1829 3.5738266000000003 0.000674 0.0012898421783684327 0.00018758925259381766
1830 3.5745002999999995 0.000674 0.0012706186291040911 0.000184594828939114
1831 3.5751739999999996 0.000674 0.0009403127078553475 0.00018604814289819446
1832 3.575848 0.000674 0.0011973532945234368 0.00020146541445520993
1833 3.5765219 0.000674 0.000847027306299889 0.00020290791827389505
1834 3.5771956 0.000674 0.0009615908302586648 0.00018865719674145847
1835 3.5778697 0.000674 0.0010875598378434507 0.00018375207462782505
1836 3.5785434 0.000674 0.0012107946895178303 0.00018860571513005812
1837 3.5792172 0.000674 0.0011372947846103089 0.00019031176491937296
1838 3.5798910000000004 0.000674 0.0010653933122405726 0.00018418946645735207
1839 3.5805647000000005 0.000674 0.001005754999957924 0.00019028758257051736
1840 3.5812387 0.000674 0.0011365567742980408 0.00019330482485702832
1841 3.5819125 0.000674 0.0009453749066534506 0.00018996343640987904
1842 3.5825862999999996 0.000674 0.0009414347889581992 0.00018485038253141642
1843 3.5832598 0.000674 0.001122398906700665 0.00019332743042971607
1844 3.5839336000000004 0.000674 0.0009596232033989396 0.00018734337942879272
1845 3.5846076 0.000674 0.0010216940798776725 0.0001889784938653734
1846 3.5852814 0.000674 0.0013233452626416808 0.00018611241621115595
1847 3.5859551 0.000674 0.001286805707137148 0.0001858262094448597
1848 3.5866290000000003 0.000674 0.0011847842667566297 0.00019002152874169866
1849 3.5873027000000004 0.000674 0.0009388789752429613 0.00019467791414444358
1850 3.5879765 0.000673 0.001002120845547755 0.00020030276017293664
1851 3.58865 0.000674 0.0012166628355983783 0.00019948109244414115
1852 3.5893238 0.000674 0.0006558447224409631 0.00020011986636630353
1853 3.5899975 0.000674 0.0012163382350445276 0.000198029986264471
1854 3.5906714999999996 0.000673 0.0008002023243322146 0.00019669799403264387
1855 3.5913449999999996 0.000674 0.0008546349806548282 0.00019541504616034527
1856 3.5920187999999995 0.000674 0.0012008144848799785 0.00018947909983430016
1857 3.5926926 0.000673 0.0010559550216891977 0.00019093254350830384
1858 3.5933661 0.000674 0.001239177191954644 0.0001878380855867397
1859 3.59404 0.000673 0.0011554360337597352 0.0001825241086394848
1860 3.5947134 0.000674 0.0008970850804783802 0.00018476458270428784
1861 3.5953872000000002 0.000674 0.0011373840090215155 0.00018308582724447365
1862 3.5960608 0.000674 0.001033055846352714 0.00018849791247417655
1863 3.5967345 0.000674 0.0010620449292945212 0.00021118271209497313
1864 3.5974082999999997 0.000674 0.0009852051777117603 0.00018718312144257372
1865 3.598082 0.000674 0.0009025520256928066 0.00019243969455794114
1866 3.5987556000000005 0.000674 0.0011097351435661877 0.00018955921286503615
1867 3.5994294 0.000674 0.0007170606963263684 0.00018516241124250977
1868 3.600103 0.000673 0.001118553604077895 0.00019034765517769015
1869 3.6007763999999995 0.000674 0.0007101754726700995 0.00019905559706181442
1870 3.6014502 0.000673 0.0012759311571118878 0.0001875595883313947
1871 3.6021237 0.000674 0.0008468829544206253 0.0002724904643038513
1872 3.6027972999999998 0.000674 0.0008020220132169258 0.00019528928786669076
1873 3.6034713 0.000673 0.0011855537380864069 0.00018996047833542254
1874 3.6041448 0.000673 0.0010881515090857142 0.00019745810545560388
1875 3.6048183 0.000674 0.0007687327668120737 0.00018989445878076167
1876 3.6054919 0.000673 0.0010782074677426652 0.00018752363351450297
1877 3.6061654 0.000674 0.0009824221909686842 0.00019567858951638123
1878 3.6068392 0.000673 0.0010047423454744623 0.00018787554780164495
1879 3.6075127 0.000673 0.0009393350903985503 0.0001806453238202333
1880 3.6081862 0.000674 0.00045195267856351905 0.00018957287353253707
1881 3.6088598 0.000673 0.0009575124018748108 0.0001845828933230519
1882 3.6095333 0.000674 0.0011527977038982282 0.00019143222627860174
1883 3.610207 0.000674 0.0011968905612796557 0.0001866081211527051
1884 3.6108806 0.000673 0.0010149920368418693 0.0001836926129734475
1885 3.6115540999999998 0.000674 0.0014006090647049015 0.00019296504054021587
1886 3.6122277 0.000673 0.0007570851582214901 0.00019407289728139634
1887 3.6129012 0.000674 0.0012585255407077064 0.00019365417086061502
1888 3.6135747000000005 0.000674 0.0006898364342928534 0.00019539678245866405
1889 3.6142483 0.000673 0.0009589320574864288 0.00019264945829282007
1890 3.6149216 0.000673 0.001139786776013202 0.00019024917524892572
1891 3.615595 0.000674 0.0012564165325655555 0.00018430425070689195
1892 3.6162688999999997 0.000674 0.0009772379799994019 0.00019023939979430167
1893 3.6169424 0.000674 0.0010729398243116423 0.00019360543252634386
1894 3.6176160000000004 0.000673 0.001180869330681304 0.00018499360787545784
1895 3.6182892 0.000674 0.000802818247969868 0.00019110142576681094
1896 3.6189628 0.000673 0.0010886059409912 0.00019228443155345365
1897 3.6196363 0.000673 0.0009487783016346143 0.00018700006777280166
1898 3.6203095999999997 0.000673 0.0006736419154538633 0.00019053777872228168
1899 3.6209830999999997 0.000674 0.0009403189073378762 0.00019600142251434698
1900 3.6216567000000004 0.000673 0.0009370004955981222 0.0001851978381596027
1901 3.6223300000000003 0.000674 0.0007795148538401271 0.00019158492954244214
1902 3.6230037000000004 0.000673 0.001225471120882211 0.00018828566177263612
1903 3.623677 0.000673 0.0009369626587068948 0.00019922293848369447
1904 3.6243505 0.000673 0.0007671146159848003 0.0001904108243477266
1905 3.6250237999999997 0.000674 0.0011150554147472652 0.00018452111425774136
1906 3.6256974000000004 0.000673 0.0014104487279187835 0.00018423102229110348
1907 3.6263707000000003 0.000673 0.001034627332570722 0.00018505109858957792
1908 3.6270442000000003 0.000673 0.0014415866326874045 0.00019417260425658696
1909 3.6277175 0.000673 0.0011285039964496364 0.000197026751060149
1910 3.628391 0.000674 0.001002288885961565 0.00018792787892060668
1911 3.6290646 0.000673 0.0010609128897208359 0.00018768051207052841
1912 3.6297379000000003 0.000673 0.0007052301119704694 0.00019630320185983388
1913 3.6304114000000003 0.000673 0.0009366675831858179 0.00019309103265959025
1914 3.6310847 0.000673 0.001441352445995807 0.00019032868557009635
1915 3.631758 0.000673 0.0009313077995459653 0.0001951877115872663
1916 3.6324312999999995 0.000673 0.0010756579139372653 0.0002181661562573669
1917 3.6331047999999995 0.000673 0.0013770166648060089 0.00018759504885268558
1918 3.633778 0.000673 0.001064018595494504 0.00018996640393740898
1919 3.6344513999999997 0.000673 0.000909628212696899 0.00019551348097802688
1920 3.6351247000000004 0.000673 0.0012762411469875317 0.00022118770081067048
1921 3.6357982000000004 0.000673 0.0008889927707753711 0.00019768856847154258
1922 3.6364715 0.000673 0.0004959020483353133 0.00019137454529329615
1923 3.6371447999999997 0.000673 0.0007791942317796634 0.00019611566863995622
1924 3.637818 0.000674 0.0010690230748470245 0.0001941571126126123
1925 3.6384915999999996 0.000673 0.0012310870464079771 0.00020274774587030988
1926 3.639165 0.000673 0.0010751160886698847 0.0001882566755157066
1927 3.6398379999999997 0.000673 0.0006873272590359974 0.00019314922605832502
1928 3.6405112999999996 0.000673 0.0009754493663977809 0.00018548579661543433
1929 3.6411846 0.000673 0.0011035999055381215 0.0001925856857576122
1930 3.6418578999999998 0.000673 0.001228085927178022 0.0002014881577582779
1931 3.6425313999999998 0.000673 0.0013220697867914752 0.00018982111983534988
1932 3.6432047 0.000673 0.0011041781624358902 0.00021503448069210888
1933 3.643878 0.000673 0.001104211931251265 0.00019505014422081161
1934 3.6445513 0.000673 0.0010881500974079623 0.0001956018253807053
1935 3.6452242999999993 0.000673 0.0009537763741521576 0.00019191946622956963
1936 3.6458976 0.000673 0.0010171122272970331 0.00019465572363649357
1937 3.646571 0.000673 0.0015671264690524588 0.00019530700470336403
1938 3.6472442000000003 0.000673 0.0004023684593433925 0.00018707449182318184
1939 3.6479172999999996 0.000673 0.0011756719485544406 0.00019632995900593467
1940 3.6485907999999996 0.000673 0.0009848067010770158 0.00019607699652298918
1941 3.649264 0.000673 0.0012479949806402857 0.00019181944000289436
1942 3.6499372 0.000673 0.0012273591390945346 0.00018805067297030325
1943 3.6506104 0.000673 0.000938764588166416 0.0002025757356195322
1944 3.6512835 0.000673 0.0012056064866969606 0.0001924839533265554
1945 3.6519568 0.000673 0.0010736772751857957 0.00019140709601716668
1946 3.6526300000000003 0.000673 0.0010195023655955571 0.00018809592702354803
1947 3.6533031000000005 0.000673 0.0012382192023674752 0.00019158491329499704
1948 3.6539762000000002 0.000673 0.0008563990192664608 0.00021183565599988837
1949 3.6546495 0.000673 0.0011589175640584809 0.00019258814130135912
1950 3.6553227999999995 0.000673 0.0010632066179264888 0.00019623229922753683
1951 3.655996 0.000673 0.0011198746567725648 0.0001932216941882921
1952 3.6566691 0.000673 0.0013645869717391708 0.00020106260149922817
1953 3.6573424 0.000673 0.0008068940972930261 0.0001927280209800884
1954 3.6580155 0.000673 0.000778348597229656 0.00019644279341256426
1955 3.6586885000000002 0.000673 0.0010401682102911384 0.0001939883577516754
1956 3.6593616 0.000673 0.0009615067804874733 0.00018811406535372552
1957 3.6600349999999997 0.000673 0.001043694338496678 0.0001970241042232692
1958 3.660708 0.000673 0.000969798320798142 0.00019743092978321067
1959 3.6613809999999996 0.000673 0.0013573986828042913 0.00019058426053507953
1960 3.6620538000000002 0.000673 0.001231733788490052 0.00020108603072803292
1961 3.6627269 0.000673 0.0007458750763100078 0.0001904995760998482
1962 3.6634002 0.000673 0.001385367708947584 0.0001927412044261574
1963 3.6640732000000003 0.000673 0.001214798541124194 0.0001938310200471483
1964 3.6647462999999996 0.000673 0.0010742347691894904 0.0002015426439432639
1965 3.6654193 0.000673 0.0011111698234893325 0.00020506312443974628
1966 3.6660923999999997 0.000673 0.0012483112578795684 0.00020582572839806032
1967 3.6667655 0.000673 0.0012028129558953387 0.0001893117046355864
1968 3.6674385000000003 0.000673 0.0008084135414988507 0.00019656549784356712
1969 3.6681116 0.000673 0.001107199892583122 0.0002005751460290694
1970 3.6687846 0.000673 0.0013024262094017043 0.00018545628902302965
1971 3.6694577000000006 0.000673 0.001208356397030577 0.0001878875790617496
1972 3.6701307 0.000673 0.00111434695504719 0.00018965039227118496
1973 3.6708035000000003 0.000673 0.0013250189360598952 0.00018773790213333572
1974 3.6714766000000005 0.000673 0.0009485748668436666 0.00018759221010350064
1975 3.6721497000000003 0.000673 0.0009943383233284215 0.00018332221685056946
1976 3.6728226999999998 0.000673 0.0010784756449680709 0.0001916679815814805
1977 3.6734958 0.000673 0.0007994454812092583 0.00020141625358220992
1978 3.6741686000000002 0.000673 0.0007053900358351564 0.00020010416435936316
1979 3.6748415999999997 0.000673 0.0004340296434131352 0.00019084254543381995
1980 3.6755147000000004 0.000673 0.0009980105099915977 0.00018986253256689359
1981 3.6761877999999997 0.000673 0.0008714049958463018 0.00019448543080928914
1982 3.6768606 0.000673 0.001079257508846525 0.00019418978610706404
1983 3.6775336000000003 0.000673 0.001134617545010539 0.00019305472648351683
1984 3.6782063999999997 0.000673 0.0009137552354444848 0.0001968169969566456
1985 3.6788795 0.000673 0.0009840519868857345 0.00022318124099147399
1986 3.6795525999999996 0.000673 0.0009141601388698454 0.00018960226709344673
1987 3.6802254 0.000673 0.0008575426541712469 0.00019699034036042842
1988 3.6808984 0.000673 0.0009459311136609957 0.00019632883082640632
1989 3.6815712 0.000673 0.0007755124901816511 0.0001896853743934746
1990 3.6822443 0.000673 0.00118927201099638 0.00019325212076746264
1991 3.6829169999999998 0.000673 0.001327660536891688 0.00018644246918613102
1992 3.68359 0.000673 0.0013426426510314041 0.0001942133417566056
1993 3.6842629999999996 0.000673 0.0009239618135367723 0.00019786531333916102
1994 3.6849358 0.000673 0.001240926640979435 0.00019645342877564045
1995 3.6856086 0.000673 0.0009204778757791525 0.00019463993598187087
1996 3.6862817000000003 0.000673 0.001405202187939085 0.00021800021292347002
1997 3.6869544999999997 0.000673 0.0009279396303206851 0.00019865140327083046
1998 3.6876273 0.000673 0.0011995290693988263 0.00019082319192344633
1999 3.6883001 0.000673 0.0010314883506437947 0.00019419472409177628
2000 3.6889732000000004 0.000673 0.0010602727179406394 0.0001877703390502363
2001 3.6896459999999998 0.000673 0.0009310825704276328 0.00019203128791152953
2002 3.6903187999999996 0.000673 0.0011720214655237477 0.00019523424712804456
2003 3.6909916 0.000673 0.0009522393334615435 0.00019063584469011094
2004 3.6916644999999995 0.000673 0.0011828439176583137 0.00019732807531679586
2005 3.6923373 0.000673 0.001111204934751524 0.00019476523623254637
2006 3.6930099999999997 0.000673 0.0007126745885700156 0.00019270758939958323
2007 3.693683 0.000673 0.0009995548651894606 0.0001897343688216526
2008 3.6943557 0.000673 0.001048251726130746 0.0001935297994488651
2009 3.6950285000000003 0.000673 0.001230452834825874 0.0002083064622848553
2010 3.6957013999999995 0.000673 0.0010869339092915802 0.0001942658847496795
2011 3.6963741999999997 0.000673 0.000958614445387828 0.000190784475613629
2012 3.697047 0.000673 0.001193165110865054 0.00019761156227942128
2013 3.6977198 0.000673 0.000990327509294765 0.00020393865565790996
2014 3.6983926 0.000673 0.0010231920414240502 0.00019539481586914603
2015 3.6990654000000003 0.000673 0.0011420647273218218 0.00019471258255102138
2016 3.6997383000000004 0.000672 0.001407064342292587 0.00020231380843454131
2017 3.7004108000000002 0.000673 0.0013055976870737184 0.00020577667825792288
2018 3.7010837 0.000673 0.0010801461189521972 0.000197608704264569
2019 3.7017565 0.000673 0.0009572639417955482 0.0001934839802421284
2020 3.7024293 0.000673 0.0012041412007605255 0.00019348538908496612
2021 3.7031019 0.000673 0.0011211306957169991 0.00019146166614646153
2022 3.7037747000000003 0.000673 0.001114783716380421 0.00019800467132578492
2023 3.7044474999999997 0.000672 0.0010748459248109033 0.00019265181860068185
2024 3.7051199999999995 0.000673 0.0013299429030605235 0.00020230729135625863
2025 3.705793 0.000673 0.0009443623732729066 0.00021030948198744217
2026 3.7064657 0.000673 0.0009001451215162837 0.00019402622694575136
2027 3.7071383 0.000673 0.0010655437620443787 0.00019247424290940064
2028 3.707811 0.000673 0.0010689399592125782 0.00020243111792055775
2029 3.7084837 0.000673 0.001143346169712572 0.00019211356329712994
2030 3.7091565 0.000672 0.0011014524734080638 0.00020335123996113795
2031 3.709829 0.000673 0.0010187803628121687 0.00021673452959547864
2032 3.7105017 0.000673 0.0013836562202340324 0.00019221727238438906
2033 3.7111745000000003 0.000672 0.0011818079946555766 0.0002047393154743769
2034 3.711847 0.000673 0.0012146268251382426 0.00019976914227590328
2035 3.7125199999999996 0.000673 0.0011877750989721086 0.00020056008640219146
2036 3.7131925000000003 0.000672 0.0012181861067666736 0.000200313109185879
2037 3.713865 0.000673 0.0010903160885294078 0.00019379680484705035
2038 3.7145376000000003 0.000673 0.001323508404437013 0.0001959633014543284
2039 3.7152104 0.000673 0.0010295773455071735 0.00019749902781529752
2040 3.7158830000000003 0.000673 0.0010029452416730376 0.00019204322192408523
2041 3.7165556000000004 0.000673 0.0009781671908340288 0.00020646547003579698
2042 3.7172282 0.000673 0.0012318777680219845 0.00018883729206179271
2043 3.7179008000000002 0.000673 0.0011960139932140062 0.00011055243632448575
2044 3.7185736000000005 0.000672 0.001204413301697012 0.00011281798352840157
2045 3.7192461000000003 0.000673 0.0012195920133656608 0.00011253969480082468
2046 3.7199187000000005 0.000673 0.0012167909578533343 0.00011138847059579864
0 3.819546 0.000672 0.0008549951860086677 8.749271316779922e-05
1 3.8202176 0.000672 0.0008567763001062922 8.967355654160598e-05
2 3.8208895 0.000672 0.000855976293262548 0.00010226042299443291
3 3.821561 0.000672 0.0008325585212406005 8.679780627620695e-05
4 3.8222327000000003 0.000672 0.0008417788161916406 8.981015586149283e-05
5 3.8229043 0.000672 0.0010643327873417117 0.00019262882519182768
6 3.823576 0.000672 0.0012620366669165734 0.00020261391088380288
7 3.8242477999999998 0.000672 0.0013243889992878531 0.00020548947285499338
8 3.8249195 0.000672 0.0009335423238243255 0.0002093167802322821
9 3.825591 0.000672 0.0010726362214545627 0.0001927757958030524
10 3.8262627 0.000672 0.0011320415789266036 0.00019959018570432473
11 3.8269343 0.000672 0.0007227579043500951 0.00020094004431282135
12 3.827606 0.000672 0.0010808862812318996 0.00020383741681365738
13 3.8282776 0.000672 0.0009241554996995532 0.00019812671508728132
14 3.8289492 0.000672 0.0010065435312803953 0.0002020724280435331
15 3.8296208 0.000672 0.000603788415243853 0.0002042781633888473
16 3.8302925 0.000671 0.00139769411839148 0.00020111291618771086
17 3.8309638999999995 0.000672 0.0010631832974960839 0.00019985587165369492
18 3.8316355000000004 0.000671 0.0009608280553433237 0.00020515585339769097
19 3.832307 0.000672 0.0010665524742738135 0.00019913267640190235
20 3.8329787000000004 0.000672 0.0007806073681135357 0.00019628839722012967
21 3.8336504000000002 0.000671 0.0006802018597464494 0.0002109398245680702
22 3.8343217000000003 0.000672 0.0009004281364540575 0.00020940373440135146
23 3.8349934 0.000672 0.0012528537674912838 0.00020978807119857785
24 3.835665 0.000672 0.0009494669935017389 0.00020266950915571503
25 3.8363366 0.000671 0.0008470392715865489 0.00020721656871151986
26 3.837008 0.000672 0.0010884727899585628 0.00020708742787850086
27 3.8376796000000004 0.000671 0.0008307718936012133 0.0002020732408919656
28 3.8383510000000003 0.000672 0.0008374274256493303 0.00020633812185710224
29 3.8390226000000003 0.000671 0.0011694228272383232 0.00021218162699171027
30 3.839694 0.000672 0.0011599814229923322 0.00020543594152770017
31 3.8403656 0.000671 0.0009626956551667651 0.00021655009131563198
32 3.8410370000000005 0.000672 0.0008488651708927641 0.0002008005996404301
33 3.8417087 0.000671 0.0010555411990094874 0.00020371596329257557
34 3.8423800000000004 0.000672 0.000995143777362899 0.00021977725061617817
35 3.8430517 0.000671 0.000999315199361849 0.0001950090236344428
36 3.8437230000000002 0.000671 0.0011191735216512272 0.00021313951256788388
37 3.8443943999999997 0.000672 0.001053174736902364 0.000204070280512946
38 3.8450660000000005 0.000671 0.0013237467382007566 0.00020477088909597746
39 3.8457375 0.000671 0.0009541158804496145 0.00020633282435377683
40 3.8464087999999994 0.000672 0.00128654516129542 0.0001978095411151736
41 3.8470805 0.000671 0.0012953853593747145 0.0002031195691220005
42 3.8477519 0.000671 0.0012503352559255449 0.00020394332723361715
43 3.8484232000000005 0.000671 0.001036023921954362 0.00020029609772538983
44 3.8490946000000004 0.000671 0.0012627393684456435 0.00021291081671395365
45 3.8497660000000002 0.000671 0.00078192125833437 0.0002018431258595848
46 3.8504373999999997 0.000671 0.0008176582306631788 0.00020270912467261205
47 3.8511087999999996 0.000671 0.0003373700562279154 0.00019321617558919294
48 3.8517802000000003 0.000671 0.0009573749661916814 0.0001960602863181767
49 3.8524516 0.000671 0.0010440786463756099 0.0002065889225840016
50 3.8531230000000005 0.000671 0.0009639475561240337 0.00021209169733557036
51 3.8537943 0.000671 0.001064392551217994 0.0002082158315856015
52 3.8544657 0.000671 0.001104039923482258 0.0002219679645584982
53 3.8551370000000005 0.000671 0.0005858518535684852 0.00021130580657588422
54 3.8558083 0.000671 0.000455829601744143 0.00020006462147674172
55 3.8564796 0.000671 0.0013136586851621693 0.00020251198026805426
56 3.857151 0.000671 0.0012876518275313003 0.0002012994119880488
57 3.8578224000000003 0.000671 0.0012878852534160816 0.0002107078024470713
58 3.8584937999999993 0.000671 0.0007244814077466001 0.00020081575282187452
59 3.8591652 0.000671 0.0011118637060104795 0.0005522775063769215
60 3.8598362999999996 0.000671 0.0008185196304981481 0.0004651725984119422
61 3.8605077000000003 0.000671 0.0015324994782429766 0.0005645884660031322
62 3.861179 0.000671 0.0008592739893341072 0.00021281345630326347
63 3.8618502999999995 0.000671 0.0009605556684022024 0.00021171607750921574
64 3.8625216 0.000671 0.0012894345729633058 0.00019995904470039891
65 3.863193 0.000671 0.0011390131377472233 0.00020095843370304922
66 3.8638642 0.000671 0.0010039504538600743 0.0002046026579214637
67 3.8645356 0.000671 0.0010176818902862001 0.0002103959594916494
68 3.8652067000000003 0.000671 0.0014344769460958265 0.0002034715230793418
69 3.865878 0.000671 0.0007489131593355032 0.0002149886417873381
70 3.8665492999999995 0.000671 0.0008335250606175474 0.0002046096185481073
71 3.8672206 0.000671 0.0011611695639579848 0.00020417073835159898
72 3.8678917999999998 0.000671 0.0008789352977234984 0.0002054446993145208
73 3.8685632000000005 0.000671 0.0011843489557027123 0.000209697638417448
74 3.8692343 0.000671 0.0012520667479153941 0.00019303475933641747
75 3.8699055 0.000671 0.001034271121459233 0.00021116761035691814
76 3.8705769 0.000671 0.0013347854131345641 0.00020711239507345032
77 3.8712480000000005 0.000671 0.0008963308016291764 0.00022587562759994432
78 3.8719192000000002 0.000671 0.001012002231709832 0.00020157735941844773
79 3.8725905 0.000671 0.0010521760672055128 0.00022912160300172333
80 3.8732617 0.000671 0.0012252193371777265 0.00020869788492600428
81 3.8739328 0.000671 0.0011925964561565721 0.00019963887870765802
82 3.874604 0.000671 0.0012324246140255775 0.00020701472088286108
83 3.8752751000000005 0.000671 0.000612838222060466 0.00020012481271630334
84 3.8759462999999994 0.000671 0.0011156472846501587 0.00020504698361251082
85 3.8766177 0.000671 0.0008673754492413045 0.00021165105998128536
86 3.8772888 0.000671 0.0009167880575121783 0.00019819959223288473
87 3.87796 0.000671 0.0011743378370914679 0.0002098825085407878
88 3.878631 0.000671 0.001105526116794311 0.00020428525763700655
89 3.8793023 0.000671 0.0012632470380191595 0.00020908295644692557
90 3.8799733999999995 0.000671 0.0009279762791243266 0.0002037057794433695
91 3.8806442999999997 0.000671 0.0009072510697950273 0.00021750404436784553
92 3.8813155 0.000671 0.0008607102129727684 0.00021811349630227695
93 3.8819866000000003 0.000671 0.0011962461354458993 0.00022633364601798664
94 3.8826578 0.000671 0.0015223588247842046 0.00020605772968548204
95 3.8833290000000003 0.000671 0.001368187384675791 0.0002123443226592033
96 3.884 0.000671 0.0008849999594964382 0.0002055347074615541
97 3.8846712 0.000671 0.0012016123406336488 0.00020991013795495052
98 3.8853421000000004 0.000671 0.001052821311109121 0.00021272449763503847
99 3.8860133 0.000671 0.0012944331512482682 0.00024353176900920704
100 3.8866843999999996 0.000671 0.00122224501406318 0.00021442163607464097
101 3.8873553 0.000671 0.0010393642942558689 0.00021070427074741885
102 3.8880265 0.000671 0.001108213732324542 0.00020623918405882907
103 3.8886976000000004 0.000671 0.0006593918814807422 0.00021000139859465253
104 3.8893685 0.000671 0.0009699896384190283 0.00020204187223931235
105 3.8900397000000004 0.000671 0.0007558454900401578 0.00021389309988077953
106 3.8907106 0.000671 0.0008432027936285543 0.0002235497820092757
107 3.8913817 0.000671 0.0013337243732831582 0.0002041361355610324
108 3.8920527000000003 0.000671 0.001030234510181957 0.00021168140730572305
109 3.8927237999999997 0.000671 0.0011733740825502382 0.00021655324720454416
110 3.8933947 0.000671 0.000615952720903138 0.00021116801123222307
111 3.8940656000000002 0.000671 0.0008278647610107264 0.00021508196790694773
112 3.8947367999999996 0.000671 0.0012885671409259428 0.00020843941509339424
113 3.8954077000000007 0.000671 0.0006605265371450847 0.00020852383627305605
114 3.8960786 0.000671 0.0004170005646673126 0.00020633087773341702
115 3.8967495000000003 0.000671 0.0008837662965130354 0.00020770154419193478
116 3.8974203999999997 0.000671 0.0010516740658747395 0.00020661185586879022
117 3.8980913 0.000671 0.0012476889213479654 0.00021206551555375043
118 3.8987625 0.000671 0.0011289461060554032 0.00020399425949056273
119 3.8994334000000004 0.000671 0.0010953385022950963 0.0002097799053943909
120 3.9001042999999997 0.000671 0.0008030638936162032 0.00021274904364001256
121 3.9007752 0.000671 0.0010278002304514857 0.00021205897179645035
122 3.901446 0.000671 0.0012107799411591553 0.0002122432013956233
123 3.9021169999999996 0.000671 0.0011430345792866703 0.00020452899034425622
124 3.9027877 0.000671 0.0009709696595963638 0.0002146823894504551
125 3.9034586000000004 0.000671 0.0011430132945478412 0.00021393396860558956
126 3.9041295 0.000671 0.0008709438900644117 0.00020255987214679624
127 3.9048004 0.000671 0.000630332647675079 0.00020962927774343138
128 3.9054712999999994 0.000671 0.0011666963389759966 0.00020367528149399863
129 3.9061421999999997 0.000671 0.001219597477985092 0.00020597097116460016
130 3.9068131 0.000671 0.0010063397935572743 0.00022030780948720764
131 3.9074839999999997 0.000671 0.001025906260425778 0.00021415823431510453
132 3.9081550000000003 0.000671 0.0010638061267780694 0.00021961399572285767
133 3.9088256 0.000671 0.0010614043260320457 0.00020306976181558198
134 3.9094964999999995 0.000671 0.0008588495219287379 0.00022053875162688868
135 3.9101672 0.000671 0.0007645801043196276 0.00021850384507321203
136 3.9108381000000003 0.000671 0.0008934478459538993 0.00021046409866880072
137 3.9115087999999996 0.000671 0.0010398764329509458 0.00020762857867868967
138 3.9121797 0.000671 0.000576767381533217 0.0002146662298090943
139 3.9128506 0.000671 0.0009732649594558719 0.00021650503493201575
140 3.9135212999999998 0.000671 0.0011370688490707388 0.00022210893511383795
141 3.9141922 0.000671 0.0005903165791910634 0.0001994875271346263
142 3.9148629 0.000671 0.0006419979313418883 0.00021238189562242435
143 3.9155337999999995 0.000671 0.0009130821543222931 0.00021208686144059957
144 3.9162046999999998 0.000671 0.0005407117962806826 0.00021000527985165406
145 3.9168754 0.00067 0.0009354005208076001 0.0002202409556539142
146 3.9175458 0.000671 0.0010011695535549646 0.00020379929964553457
147 3.9182167000000003 0.000671 0.001018026306245665 0.00021139550029462836
148 3.9188873999999996 0.000671 0.0009789521707554635 0.0002048740233258059
149 3.9195583 0.000671 0.0008311197929349331 0.00021245739421580493
150 3.920229 0.000671 0.0009134733234162357 0.00021790549534213502
151 3.9208996 0.000671 0.0008407042141437861 0.0002159484290206168
152 3.9215705 0.000671 0.0012469243726871532 0.0002139195502736698
153 3.9222412 0.000671 0.0011515809825012138 0.0002087102213982552
154 3.922912 0.000671 0.0009445948806478065 0.00020555819808150633
155 3.9235826 0.000671 0.0013758653816401973 0.00024584043327371654
156 3.9242532 0.000671 0.001173895665002203 0.00021188922455860296
157 3.924924 0.000671 0.0007784261633351437 0.00021170344935115873
158 3.9255946 0.000671 0.0013245518470719397 0.00020643102484324191
159 3.9262652 0.000671 0.0005535302108030391 0.00020672828745865518
160 3.926936 0.000671 0.0006444918417525097 0.00020859065301012433
161 3.9276066 0.000671 0.0007856853448953126 0.00021870061898927922
162 3.9282773 0.000671 0.0006751026566626608 0.0002098439070302484
163 3.928948 0.000671 0.0010315606004350246 0.0002070646890707678
164 3.9296186 0.000671 0.0013173753171788845 0.00020564272648802178
165 3.9302892999999997 0.000671 0.0013397869793502042 0.00021479062091177753
166 3.93096 0.00067 0.0011238435656454073 0.00021426344243270852
167 3.9316303999999995 0.000671 0.000500247633786481 0.00022259286235862594
168 3.9323010000000003 0.000671 0.0015365483743164869 0.0002127803783115656
169 3.9329717000000004 0.00067 0.0009432829969125076 0.00020387116882484665
170 3.9336421 0.000671 0.0009500868030900626 0.00022421793824620046
171 3.9343128 0.000671 0.0009163336484809593 0.00020487357345000184
172 3.9349835 0.000671 0.0008291789904474104 0.00021717027481122823
173 3.9356542 0.00067 0.001219630812857321 0.0002219202350381138
174 3.9363246 0.000671 0.0009109865063668733 0.00021211190610918778
175 3.9369953 0.000671 0.0009084185653134811 0.00022531079805761882
176 3.9376660000000006 0.00067 0.0014271630707970778 0.00021621295351081154
177 3.9383364000000003 0.00067 0.0011223850333751157 0.00021594640572804175
178 3.9390068 0.00067 0.0009298425779846075 0.0002166686632397088
179 3.9396772000000007 0.000671 0.0009907345617583445 0.0002143119977314228
180 3.940348 0.00067 0.001418813120397612 0.00022038038679347241
181 3.9410182999999996 0.000671 0.0007341241158492139 0.00022131546598156172
182 3.9416889999999998 0.00067 0.0012632844780924213 0.00021029408450220916
183 3.9423593999999995 0.000671 0.0012197973254675595 0.00021477977489259284
184 3.9430300000000003 0.000671 0.0008290964751572549 0.00022153359278235103
185 3.9437006 0.000671 0.0016485456676737175 0.0002108548789686521
186 3.9443712 0.000671 0.000857741753725478 0.00021389207768315034
187 3.9450417 0.00067 0.0007935095940349358 0.00020840206017995802
188 3.9457119 0.00067 0.0011040423408491596 0.00021081715060012818
189 3.9463823 0.000671 0.0009587792556612615 0.00021069834443711833
190 3.947053 0.00067 0.0008982242740435433 0.00021632993544873003
191 3.9477233999999997 0.00067 0.0009909039787308904 0.00021186767461538395
192 3.9483937999999994 0.000671 0.0012054769120481733 0.00021346349273255175
193 3.9490643 0.000671 0.0012569177127699249 0.00020781060845796604
194 3.949735 0.00067 0.0010627310583621592 0.00021329248734549273
195 3.9504053999999997 0.00067 0.001078899055721825 0.00021768960187704343
196 3.9510758000000004 0.00067 0.0008731357166909105 0.00020711798147437737
197 3.9517462 0.000671 0.0008670152626634808 0.00022983783333220342
198 3.9524167 0.00067 0.0011140104204808473 0.0002182494413567363
199 3.9530868999999997 0.00067 0.0010456558072025337 0.00021409464920379206
200 3.9537572999999995 0.00067 0.0007211942177178056 0.00022222915915746377
201 3.9544277 0.000671 0.000524008825861307 0.0002114297616501759
202 3.9550982000000006 0.00067 0.001309715511305937 0.00022878854003144416
203 3.9557686000000003 0.00067 0.001408119870298542 0.00021721358715087036
204 3.956439 0.00067 0.001032642124453117 0.00020907637752226512
205 3.9571092000000005 0.00067 0.000893564961085454 0.00021970532221755182
206 3.9577796000000003 0.00067 0.001156542850448704 0.0002203342870121898
207 3.95845 0.000671 0.001118091423270936 0.0002098392483296108
208 3.9591205 0.000671 0.001047126415714765 0.00021408383898015014
209 3.9597910000000005 0.00067 0.0009260666592570601 0.00021082609088864815
210 3.960461 0.00067 0.0010746392767259838 0.00022759301569527315
211 3.9611312999999995 0.000671 0.0009371089068730571 0.00021481620022450635
212 3.9618017999999995 0.00067 0.0011760859300143517 0.00021122251025560264
213 3.962472 0.00067 0.000988482598205209 0.0002155072787280909
214 3.9631423999999997 0.00067 0.001056051975615648 0.00021991076796120597
215 3.9638126000000002 0.00067 0.0012704956975761416 0.00021356949387322174
216 3.964483 0.00067 0.0012308726475935745 0.0002136869456996099
217 3.9651532 0.000671 0.0013739667393849872 0.0002229444391707927
218 3.9658237 0.00067 0.001116186782027157 0.0002118597130945614
219 3.9664937999999994 0.00067 0.0012775698436599215 0.00021116420511292004
220 3.967164 0.00067 0.0010011880668903184 0.00021419393934473362
221 3.9678342000000004 0.00067 0.001090809424555544 0.00021665475468242632
222 3.9685047 0.00067 0.0013577184019020285 0.00021643365654150487
223 3.9691748999999996 0.00067 0.0014081685904707225 0.0002265433345896662
224 3.969845 0.000671 0.0011293475503040564 0.0002380320597229952
225 3.9705155 0.00067 0.0010038895177749015 0.00023290496126430443
226 3.9711857000000004 0.00067 0.0009173181328304884 0.0002197183073043299
227 3.9718559 0.00067 0.000972896015933887 0.0002328910776016446
228 3.9725260000000002 0.00067 0.0010876753243760874 0.0002116552447177988
229 3.9731965 0.00067 0.0009343266515853401 0.00021623305262695304
230 3.9738667000000003 0.00067 0.0009932037567468685 0.00020945538114105456
231 3.9745367 0.00067 0.0007581762953422935 0.0002170267239639256
232 3.9752068999999994 0.00067 0.0013075651537704602 0.00020815466834021845
233 3.9758769999999997 0.00067 0.0009514688327418929 0.00021030639376854845
234 3.9765472 0.00067 0.00127726098912605 0.0002289830956076234
235 3.9772174 0.00067 0.0008120529194509835 0.00021447490671362726
236 3.9778876000000003 0.00067 0.0012548484243537776 0.00022681873204802064
237 3.9785578 0.00067 0.0009754508243376362 0.00022327999462823034
238 3.979228 0.00067 0.0009310447818248677 0.00022772838794941002
239 3.9798982000000005 0.00067 0.0008387765449816706 0.00021914578431884632
240 3.9805684 0.00067 0.00047281937879999937 0.00021498165138428364
241 3.9812383999999996 0.00067 0.0007917629227055549 0.00023536774153573147
242 3.9819086 0.00067 0.0011715823949823114 0.00021905475374996782
243 3.9825785000000002 0.00067 0.0012235419394738569 0.00022741802466814926
244 3.9832487000000003 0.00067 0.0012631814322741775 0.00022699031635849552
245 3.983919 0.00067 0.0009293356219177082 0.00021855863803929356
246 3.984589 0.00067 0.0008100337010440126 0.00023076482843847944
247 3.9852589999999997 0.00067 0.001128092186581926 0.00021941029509308925
248 3.9859292999999996 0.00067 0.0013546203862442228 0.00023617311938737323
249 3.9865994 0.00067 0.0009364113431313894 0.00022146249061251035
250 3.9872693999999997 0.00067 0.0009603711394049425 0.00023266381026350132
251 3.9879396000000003 0.00067 0.0008638494535719966 0.00022199798487516586
252 3.9886093000000002 0.00067 0.0009786607265166978 0.00022787095075710043
253 3.9892795 0.00067 0.0011176115141187984 0.00022990314250239332
254 3.9899495000000003 0.00067 0.001038592505928297 0.00023388542809281895
255 3.9906197 0.00067 0.0011833490098741473 0.00024323194353800744
256 3.9912896 0.00067 0.0009981952220239907 0.00023435929051103977
257 3.9919597999999996 0.00067 0.0014705206356787617 0.00021518976789377297
258 3.9926297999999996 0.00067 0.0015731482266754344 0.00022244482325698296
259 3.9933 0.00067 0.0012222941954521602 0.00022247792672958346
260 3.9939699999999996 0.00067 0.000955613412396454 0.00021783094219092813
261 3.9946398999999997 0.00067 0.0012508645133835715 0.0002177884995284118
262 3.9953098 0.00067 0.0011317379110811691 0.0002312349127086378
263 3.9959797999999993 0.00067 0.0013397063293557568 0.00022341436142624978
264 3.9966497000000003 0.00067 0.0011700177089380291 0.00022520936224598652
265 3.9973197 0.00067 0.001168395160419981 0.00023265986331591617
266 3.9979897000000006 0.00067 0.0010393460853615135 0.00021957418653852908
267 3.9986596 0.00067 0.0010519406280883417 0.00021772652750539604
268 3.9993297999999995 0.00067 0.0007554162197536905 0.00022256673973848636
269 3.9999998 0.00067 0.0007760245226420646 0.00023771966743585824
270 4.0006695 0.00067 0.001097201055178874 0.0002241980500610889
271 4.0013394 0.00067 0.0010368476428564625 0.0002224683407260164
272 4.0020093999999995 0.00067 0.0012948892382497075 0.0002176844246496744
273 4.0026793 0.00067 0.0008921788622720553 0.00022094015551766657
274 4.003349299999999 0.00067 0.0011408315300094104 0.0002226304399927578
275 4.0040192999999995 0.00067 0.001286971599387141 0.00022356815970955192
276 4.004689 0.00067 0.00127369079823108 0.00022086338512245022
277 4.0053589999999994 0.00067 0.0011717690001999792 0.00021057007183164598
278 4.006029 0.00067 0.0006193379680223271 0.0002250110119217694
279 4.0066986 0.00067 0.001151410004699738 0.0002186628239604768
280 4.0073686 0.00067 0.0011502710444368461 0.00022503982683901464
281 4.0080385000000005 0.00067 0.0014131977578278223 0.00022731193944327025
282 4.0087085 0.00067 0.0008109130067638029 0.0002342715433315754
283 4.0093784 0.00067 0.0011841747576543681 0.0002232357990425336
284 4.0100484 0.00067 0.0010467202947974537 0.00022894873085548066
285 4.0107183 0.00067 0.0013323234307031284 0.00021632369871401057
286 4.011388 0.00067 0.001191638073120557 0.00021374854492129208
287 4.012058000000001 0.00067 0.0011578194324010898 0.0002361089838178164
288 4.0127277 0.000669 0.0005864002663666705 0.00023024670645588923
289 4.013397 0.00067 0.0007548110717560579 0.00023356066095877876
290 4.0140667 0.00067 0.0014214967725767844 0.00023394557208447132
291 4.0147367 0.00067 0.0009497512744280718 0.00021860903585904537
292 4.0154065999999995 0.00067 0.001510341825955234 0.0002208089104231831
293 4.0160766 0.000669 0.0007472604280567509 0.00023285634165335804
294 4.0167459999999995 0.00067 0.0011866875674324561 0.00023228888305944277
295 4.017416000000001 0.00067 0.0011162705255245398 0.00022282096936165153
296 4.018086 0.000669 0.0010440774555947282 0.00022341635832857248
297 4.0187554 0.00067 0.0007461480041623318 0.00022279199496315198
298 4.0194254 0.00067 0.0010889346007382026 0.0002476711651271253
299 4.0200953 0.00067 0.0006738600913559442 0.0002233410558532079
300 4.020765 0.00067 0.0007272173796864926 0.0002246339953297335
301 4.021434999999999 0.000669 0.0006970265653383845 0.00024218605493621278
302 4.0221043 0.00067 0.0010931636196470846 0.00022566169871035788
303 4.022774 0.00067 0.000873181616842718 0.00022223575781327653
304 4.0234437000000005 0.00067 0.0005271888988167844 0.0002268443893537387
305 4.0241137 0.00067 0.0008085989208738159 0.00022628902717214085
306 4.0247836 0.000669 0.0010993301342849871 0.00023276521328715176
307 4.025453 0.00067 0.0011029177567738414 0.00021787745158364212
308 4.026123 0.000669 0.0007951151494766471 0.0002309135787808328
309 4.0267925 0.000669 0.001161931072033473 0.0002278131219264851
310 4.027462 0.00067 0.0010332907536033443 0.00022800393515525722
311 4.028131500000001 0.000669 0.0010675782686104837 0.00022213252616468655
312 4.0288010000000005 0.00067 0.0008763776782316728 0.00021795313159993752
313 4.029471 0.000669 0.0012474350712831253 0.00022801265061551357
314 4.0301404000000005 0.00067 0.0012177652211263275 0.00022261371384599144
315 4.0308104 0.00067 0.0011351221576205563 0.0002181424489256024
316 4.03148 0.000669 0.00034183064854909496 0.00020257085767408888
317 4.0321492999999995 0.00067 0.001059442960015701 0.0002278013608355352
318 4.0328193 0.000669 0.001007199737098207 0.00022705475118716854
319 4.0334888 0.000669 0.0008610278043846746 0.00022263426286419803
320 4.034158000000001 0.00067 0.0007817492539440725 0.00022457526532850046
321 4.034828 0.00067 0.0007653823356410144 0.00022938319240203703
322 4.0354977 0.000669 0.0010393434111392091 0.00022654747446894976
323 4.036167 0.00067 0.001100234935182523 0.0002280173111338222
324 4.036837 0.00067 0.001062464110075683 0.00022390633139685053
325 4.0375065999999995 0.000669 0.0011537677620494016 0.00021683499698452752
326 4.038176 0.000669 0.0006365104494579213 0.00022776020582349402
327 4.0388455 0.000669 0.0012921198968045499 0.00022272959318180875
328 4.039515 0.00067 0.0010841281813136008 0.00022297780737673666
329 4.040185 0.000669 0.0012962709615992078 0.00022653918204044228
330 4.0408545 0.000669 0.0004922072911824826 0.00022304071009308712
331 4.041524 0.000669 0.0005970768946321814 0.00022985226205973416
332 4.042193 0.000669 0.0011690561702041237 0.0002282618726800704
333 4.0428624 0.00067 0.0010693991995124634 0.0002502147723619154
334 4.043532 0.00067 0.001154416594907923 0.00022389961100512421
335 4.044201999999999 0.000669 0.0011875250752593344 0.00023993469195907912
336 4.0448713 0.00067 0.0006738299247739713 0.00022511053260141533
337 4.045541 0.000669 0.0009793005138639464 0.00024062857877521515
338 4.046210299999999 0.00067 0.0009452536016188048 0.00022918193275910933
339 4.046880000000001 0.000669 0.001122031980727263 0.00023385747778727702
340 4.0475492 0.00067 0.0007032571272448289 0.00023731152897509537
341 4.0482187000000005 0.000669 0.0008501467151889223 0.00022915011715083213
342 4.048888 0.00067 0.0005662419352234049 0.0002257645040784817
343 4.0495577 0.000669 0.0009659627335499816 0.00022384233504670645
344 4.050227 0.00067 0.0012369490764815578 0.00023111482366791177
345 4.0508966 0.000669 0.0012155554216781456 0.0002461291901455102
346 4.051566 0.00067 0.0010971161645474045 0.0002589959788020517
347 4.0522356 0.000669 0.0014686109657214993 0.00024996655257222687
348 4.052905 0.00067 0.0009627128234217683 0.0002420641100841771
349 4.0535746 0.000669 0.0011677309440597339 0.0002271634801225004
350 4.054244000000001 0.000669 0.0013314908904792074 0.00023293069587777726
351 4.054913 0.000669 0.0011471752155709186 0.00022830935943961587
352 4.0555825 0.000669 0.0009894249368594425 0.00022550784941171523
353 4.056252 0.000669 0.0006503078026093444 0.0002259283419692175
354 4.056921 0.000669 0.00041518016584635105 0.0002224421279071354
355 4.0575905 0.000669 0.0010307952823492253 0.00022380769365808623
356 4.05826 0.000669 0.0009016819880061809 0.00022687855470937792
357 4.058929 0.000669 0.0006844271808398616 0.00023275588380203673
358 4.0595984 0.00067 0.0009340085491606043 0.00022691068703663882
359 4.060268 0.000669 0.001032441162324064 0.00023000412011137393
360 4.060937399999999 0.000669 0.0010684814780409211 0.00022986358697123574
361 4.0616064 0.00067 0.0012033433003769826 0.0002226852974716594
362 4.062276 0.000669 0.000865365190917012 0.0002422588431230056
363 4.062945399999999 0.00067 0.0005918677531534199 0.00022861278453234686
364 4.063615 0.000669 0.0010657606521511963 0.00023886305515913366
365 4.064284 0.000669 0.0013327090174662982 0.0002444074402498187
366 4.0649533 0.00067 0.001312909286493619 0.00022959326277173178
367 4.065623 0.000669 0.000986673366691437 0.0002294837850734799
368 4.066292 0.000669 0.0008143348374909307 0.00022553683650738282
369 4.0669613 0.000607 0.0008409775336814971 0.00023315222526778496
370 4.067568 0.000669 0.0014953171499999906 0.000312708962666915
371 4.068237 0.000669 0.001179037781574942 0.00023365390069425695
372 4.068906299999999 0.00067 0.0009646221307423374 0.00023685246938790183
373 4.0695760000000005 0.000669 0.0007539454169513422 0.0002406515025560143
374 4.070245 0.000669 0.00102884779532444 0.00023106540559319556
375 4.070914 0.000669 0.0013846207984539252 0.00026139100534418644
376 4.071583 0.000669 0.001268182809612679 0.00023501585343202463
377 4.0722523 0.000669 0.0007445192289970934 0.00023486150250156418
378 4.0729213 0.000669 0.0006581882538649671 0.00022087899577977107
379 4.0735908 0.000669 0.0008997984262893922 0.00023635543002628343
380 4.0742598 0.000669 0.0009941358872143113 0.00025046997746374305
381 4.074929 0.000669 0.00071766474641712 0.00023744765192283565
382 4.0755982 0.000669 0.001240553878765359 0.0002459808522546574
383 4.0762672 0.000669 0.0008628673636890276 0.00023145678416439718
384 4.0769367 0.000669 0.0008594961816128807 0.00024577610203813723
385 4.0776057 0.000669 0.0009170074586488585 0.0002510152684792286
386 4.078275 0.000669 0.0014428844410473234 0.0002500589054692921
387 4.078944 0.000669 0.001174399379441858 0.00023925939650263625
388 4.079613 0.00067 0.0010955614528469744 0.00023791749590020792
389 4.080282700000001 0.000669 0.0015049003395195975 0.00022236808015176104
390 4.0809517 0.000669 0.000851564460771884 0.00023493370366147045
391 4.0816207 0.000669 0.0016226843214991364 0.00023004304616613424
392 4.08229 0.000669 0.0015202671753536976 0.00024317567287161353
393 4.082959 0.000669 0.0006142765704342536 0.00024231305431837317
394 4.083628 0.000669 0.0011113759251882883 0.0002372734418537478
395 4.084297 0.00067 0.0008542328818232582 0.000229689126016963
396 4.0849667 0.000668 0.0011865546070589034 0.000236893766828922
397 4.085635 0.000669 0.0009816301265753548 0.00024762321634293194
398 4.086304 0.000669 0.0007681738034779214 0.0002550143715789114
399 4.086973 0.000669 0.0007053551898904275 0.0002523066914968396
400 4.087642 0.00067 0.0009822281506212812 0.00025332096458557387
401 4.0883117 0.000669 0.0009832830519873861 0.00024316115296361965
402 4.0889807000000005 0.000669 0.0005854920255885533 0.00023069329677848045
403 4.089649700000001 0.000669 0.001188127744172115 0.0002414330173974385
404 4.090318700000001 0.000669 0.0011000243574668257 0.0002493354509020021
405 4.0909877 0.000669 0.0014117832323157205 0.00024052967313077918
406 4.091656700000001 0.000669 0.0010426885451149796 0.00023576780549591068
407 4.092325700000001 0.000669 0.0006264453285550755 0.00022853727819946516
408 4.0929947 0.000669 0.0009512733580058217 0.00024168416098580014
409 4.0936637000000005 0.000669 0.0009343538878378901 0.00024185690293978166
410 4.094332700000001 0.000669 0.0009310494094575137 0.0002488200778687146
411 4.0950017 0.000669 0.0008907204731469468 0.0002448273479676307
412 4.0956707 0.000669 0.0005349764336460208 0.00023699275020439228
413 4.096339700000001 0.000669 0.0009030096505019802 0.0002356451035757127
414 4.0970087 0.000669 0.001023112313686019 0.0002421433104629633
415 4.0976777 0.000669 0.0010703754522920267 0.00023432265120222902
416 4.0983467000000005 0.000669 0.0006877512507596666 0.0002419552684938595
417 4.0990157 0.000669 0.0007598293465940196 0.00024232220489453399
418 4.0996842000000004 0.000669 0.0008232808019141739 0.0002385195170317224
419 4.1003532 0.000669 0.0011366814191788876 0.00023900390704393207
420 4.1010222 0.000669 0.0005831292497000633 0.00022835826313160527
421 4.1016912 0.000669 0.0008993818623394638 0.00024098968613431556
422 4.1023602 0.000669 0.0013149531467906734 0.00024900440865883436
423 4.1030293 0.000669 0.0006452758951869213 0.00024100890598776942
424 4.1036980000000005 0.000669 0.0009026578187812616 0.0002447974061312603
425 4.104367 0.000669 0.0006247208203439877 0.00024082603566683643
426 4.105036 0.000669 0.0014091805128717413 0.00023200790057840078
427 4.105705 0.000669 0.001024322020422589 0.00023627899843632827
428 4.106374 0.000668 0.0006742731157465146 0.0002463797429067675
429 4.1070423 0.000669 0.0011466082976158104 0.0002420005625625019
430 4.1077113 0.000669 0.0010278933430206048 0.0002339120425787111
431 4.1083803 0.000669 0.0006146012746823153 0.00023565980722235755
432 4.1090493 0.000669 0.0007573475443687793 0.0002463795298249347
433 4.109718 0.000669 0.0009294232791715529 0.00023868727547337224
434 4.110387 0.000669 0.001195632918131574 0.00025070574821031103
435 4.111056 0.000668 0.0007319137580141751 0.00024138650013464508
436 4.1117244 0.000669 0.0012427861386833446 0.0002308817368088988
437 4.1123934 0.000669 0.0006502341047161771 0.00023891855929983175
438 4.113062 0.000668 0.0012379452250264069 0.00023254562950114396
439 4.1137304 0.000669 0.0011243516542632755 0.00025087757482887454
440 4.1143994 0.000669 0.0009033920061331704 0.0002312134608473661
441 4.115068 0.000669 0.0007982655397491117 0.00025095412066037493
442 4.115737 0.000668 0.000919248188143793 0.00025816994703722613
443 4.1164055 0.000669 0.0012625050641546366 0.0002580580221837688
444 4.1170745 0.000668 0.0009645242831847856 0.00024077461359943222
445 4.117743 0.000669 0.000992834731898504 0.00025120985782626696
446 4.118412 0.000668 0.001251832342251844 0.00023839854054198562
447 4.1190805 0.000669 0.0006120937093895626 0.00022410048458280888
448 4.1197495 0.000668 0.0010542057052415118 0.00022875964466325874
449 4.120418 0.000669 0.0009442727311851841 0.00025716583318812435
450 4.121087 0.000669 0.0006165028955708521 0.00024983724455027054
451 4.1217556 0.000669 0.0011329872230894022 0.00024311812084511417
452 4.1224245999999996 0.000668 0.0006304095586798002 0.0002382300958566606
453 4.123093 0.000669 0.0010836647939594395 0.00023498865875732294
454 4.123762 0.000669 0.0010341534574606784 0.00023926791546437324
455 4.1244307000000004 0.000668 0.0012570015628638749 0.0002480774389557234
456 4.125099 0.000669 0.0010998784110525153 0.0002444870221166711
457 4.125768 0.000669 0.001054102230640401 0.0002363518922199988
458 4.1264367 0.000668 0.0018620269159794513 0.0002417107739111686
459 4.127105 0.000669 0.0014624384234187369 0.0002459686091229994
460 4.1277742 0.000669 0.001386000941238197 0.00023682017282986042
461 4.128443 0.000668 0.0009652546832762776 0.00024144014586857093
462 4.1291113 0.000669 0.0009733356779896198 0.0002476447725753551
463 4.12978 0.000669 0.0008438753261626733 0.00024148149823370902
464 4.130449 0.000668 0.0009195860020523292 0.0002447058602838646
465 4.1311173 0.000669 0.0011668065201071516 0.000252980461081974
466 4.131786 0.000668 0.0011093517505343475 0.0002516083314986438
467 4.1324544 0.000669 0.0010712712949205012 0.00024195832914645756
468 4.133123 0.000669 0.00045874012049478 0.0002479895967164574
469 4.133792 0.000668 0.0007658738419513043 0.00023789843929820331
470 4.1344604 0.000669 0.0012670250832138238 0.00023621048922685574
471 4.135129 0.000668 0.0008016030003182887 0.00023863154655360844
472 4.1357975 0.000669 0.00109565013524207 0.00023269023865579792
473 4.136466 0.000669 0.001395771300873252 0.0002440289513601131
474 4.1371345999999996 0.000668 0.0007193453519607957 0.0002489660821053507
475 4.137803 0.000669 0.0008845211475866432 0.00023906596983687767
476 4.1384716 0.000668 0.0008020055130550277 0.0002497057281652585
477 4.13914 0.000669 0.0008780692759743561 0.00023862240067266366
478 4.139809 0.000669 0.000953328373442117 0.00024732087229192287
479 4.1404777 0.000668 0.0014754942918451567 0.00023554311409516664
480 4.141146 0.000669 0.00042338037671398976 0.00023699610600932708
481 4.1418147 0.000668 0.000744145225405036 0.0002368869098562039
482 4.142483 0.000669 0.0010127331780269467 0.000244738003586564
483 4.1431518 0.000668 0.0013585733311380105 0.00024365256563619488
484 4.14382 0.000668 0.0012537216790260558 0.0002455880896314163
485 4.144488 0.000668 0.0012767835274664803 0.00024603546004540577
486 4.145156399999999 0.000669 0.0012782030525078708 0.00023028542098351505
487 4.145825 0.000668 0.001031628311155117 0.00024018756759152835
488 4.1464934 0.000669 0.0008887555246460769 0.00023502618710897493
489 4.147162000000001 0.000668 0.0009069063220827096 0.0002541168262965376
490 4.1478305 0.000668 0.0010430455929917293 0.00023983008970131738
491 4.148499 0.000668 0.001107611392445583 0.00025247896569379993
492 4.1491675 0.000668 0.0014404177770466467 0.00025113493430738257
493 4.1498356 0.000668 0.0009805750222518159 0.0002514513573047022
494 4.150504 0.000669 0.000731530361316531 0.0002451477825225706
495 4.151172600000001 0.000668 0.0012619855026035488 0.00024032372026842067
496 4.151841 0.000668 0.0007881380673475568 0.0002448452186174623
497 4.152508999999999 0.000669 0.0007676887339316347 0.00024649261361046714
498 4.1531777000000005 0.000669 0.0008646611687874164 0.0002428361059207797
499 4.1538463 0.000669 0.0013122522046846352 0.00023301089798916658
500 4.154515 0.000668 0.0010231336150688523 0.0002372626014094147
501 4.155183 0.000668 0.0012387780948404242 0.00024180317076304006
502 4.1558513999999995 0.000669 0.0012064285984035915 0.000251826860038054
503 4.1565199999999995 0.000668 0.0011380413687738624 0.00025062639498666886
504 4.157188 0.000669 0.0009556800028057753 0.00024387082745268957
505 4.1578565 0.000668 0.0013796186462296579 0.00026912592627079113
506 4.158525 0.000668 0.0013682628697877298 0.00026577794694111436
507 4.159193 0.000669 0.0014101092622919892 0.00027294190741421415
508 4.1598616 0.000668 0.0005744201736987303 0.00024736963055768164
509 4.1605296 0.000668 0.0013950216505312914 0.0002405424771619992
510 4.161198000000001 0.000669 0.0014346841209686826 0.00024957190216914855
511 4.1618667 0.000668 0.000997706614457393 0.0002586799918267229
512 4.1625347 0.000668 0.0009147019041198227 0.00027118800444404193
513 4.1632032 0.000668 0.0005147162486884948 0.00023349781526695303
514 4.163871299999999 0.000669 0.0005415931581953292 0.0002503640334614336
515 4.164540000000001 0.000668 0.001209122846496113 0.0002676626315919591
516 4.165208 0.000668 0.001765190981340588 0.0002623405678338999
517 4.165876 0.000668 0.0011156105840346964 0.00025826094693128
518 4.166544399999999 0.000668 0.0011522799881666982 0.0002533580646092017
519 4.1672125 0.000668 0.0009656025047918631 0.0002418879908271438
520 4.1678809999999995 0.000668 0.000451412042157911 0.0002317557828224969
521 4.168549 0.000669 0.0011805391513782354 0.0002507148938739804
522 4.1692176 0.000668 0.0008891870948081628 0.00024977038402511744
523 4.1698856 0.000668 0.0007516162607564141 0.00026305261702460383
524 4.1705537 0.000668 0.0011538130140091632 0.00027191583053748277
525 4.171222 0.000668 0.0008156424159527818 0.00025214225760950075
526 4.1718903 0.000668 0.0009141044411328829 0.00025141395066610066
527 4.1725582999999995 0.000669 0.0009392334717298555 0.00024119694862336107
528 4.173227 0.000668 0.0007898169071131795 0.00024990367103261993
529 4.173895 0.000668 0.0009105909244894315 0.00025053691896595286
530 4.174563 0.000668 0.0011172439761378693 0.00024947894847310206
531 4.175231 0.000668 0.0006040828552644869 0.00024688674892058845
532 4.1758995 0.000668 0.0004592719023325117 0.00022559349758215458
533 4.1765676 0.000668 0.0010706633858727885 0.00024312929736213087
534 4.1772356 0.000668 0.0010908413638948344 0.0002481550318487474
535 4.177903700000001 0.000668 0.001361510972232233 0.0002724965184601126
536 4.1785717 0.000668 0.0012120001933241375 0.00026109194675273244
537 4.17924 0.000668 0.0016107305097860264 0.00024395025030442527
538 4.1799083 0.000668 0.001004215061033793 0.00024312387569493734
539 4.1805763 0.000668 0.0009980634104280969 0.000254310005876918
540 4.1812444 0.000668 0.001130843865904929 0.00024571658802342416
541 4.1819124 0.000668 0.0012539659816954878 0.00025418885848336857
542 4.1825805 0.000668 0.0010107775235714742 0.0002508478760086846
543 4.1832485 0.000668 0.001229050797058985 0.00025158905448783084
544 4.1839166 0.000668 0.0014147472822893228 0.00024987071155921776
545 4.1845846 0.000668 0.00039495929083607924 0.000230220044633337
546 4.1852527 0.000668 0.0007260061837368186 0.0002520725715809437
547 4.1859207000000005 0.000668 0.0007612815324336645 0.0002532446668276837
548 4.186589 0.000668 0.001326879856069908 0.00025720887811662307
549 4.187257 0.000668 0.0006926671529733244 0.0002469547597413757
550 4.187925 0.000668 0.0012115479297706748 0.00027310748655737905
551 4.188593 0.000668 0.0005036705905956543 0.00023318316315938168
552 4.189261 0.000668 0.0013580591863353874 0.0002756647696209303
553 4.189929 0.000668 0.0011888317947177293 0.0002526565030980483
554 4.190597 0.000668 0.0008302949471556762 0.0002569342636442321
555 4.1912650000000005 0.000668 0.0011293966086539 0.0002499640539321966
556 4.191933000000001 0.000668 0.0005330418106964473 0.00023735454433642446
557 4.192601 0.000668 0.0009875887419712411 0.00025319973221151685
558 4.193269 0.000668 0.0011262489529421653 0.0002580722883533261
559 4.193937 0.000668 0.0011291338138334729 0.00023807187479497885
560 4.194605 0.000668 0.0010218329669133771 0.00026084899828097155
561 4.195273 0.000668 0.001246789119327238 0.00024963599770847677
562 4.195941 0.000667 0.0011813054989717631 0.000255849398081865
563 4.1966085 0.000668 0.0009009205442235266 0.00025984448388751547
564 4.1972765999999995 0.000668 0.0013605457223270802 0.0002603279061328033
565 4.1979446 0.000668 0.00037209197550343553 0.00021258518011286735
566 4.1986127 0.000668 0.00123837763111618 0.0002532059255003724
567 4.1992803 0.000668 0.000635590444552875 0.00024861209762771196
568 4.1999483 0.000668 0.0011836256192208382 0.0002543498503442983
569 4.2006164 0.000668 0.0008459337351522087 0.0002717794872964846
570 4.201283999999999 0.000668 0.001091876984365628 0.00027434400701669396
571 4.2019519999999995 0.000668 0.0012665851108918762 0.00024587111611160735
572 4.20262 0.000668 0.0010470028469844236 0.0002741694133537362
573 4.2032875999999995 0.000668 0.0008149241810924453 0.0002523237999229732
574 4.2039557 0.000668 0.0004905704542258617 0.0002499807706021205
575 4.2046237 0.000668 0.0011894844158931654 0.0002545826720679196
576 4.2052913 0.000668 0.0012912010422030228 0.00026774574680809226
577 4.2059593 0.000668 0.0007914115811985689 0.00025589866235974296
578 4.206627 0.000668 0.0009314910963417043 0.00025359745895789837
579 4.207294999999999 0.000668 0.0013417053615887612 0.0002723837352338983
580 4.2079625 0.000668 0.0009823414839721532 0.00024118003041366084
581 4.208630599999999 0.000667 0.0009305897707544024 0.00025827775107205487
582 4.209298 0.000668 0.0010125894988814712 0.00026778900959600964
583 4.2099660000000005 0.000668 0.0006761546516064199 0.0002504835870503151
584 4.210633799999999 0.000668 0.0014479848015393534 0.0002649645219056525
585 4.211302 0.000667 0.0006642065756637521 0.0002465348384830735
586 4.2119694 0.000668 0.000736735215946296 0.00025108128286332104
587 4.212637 0.000668 0.0013090839040218983 0.00025826691497237927
588 4.213305 0.000668 0.0013979336444364095 0.0002558387540132072
589 4.213972599999999 0.000668 0.0009057364476829099 0.0002463301772345431
590 4.214640599999999 0.000667 0.0015512002978528949 0.00026388986095869887
591 4.215308 0.000668 0.0011778797830555136 0.00026473970759603895
592 4.2159758 0.000605 0.0006853935984248342 0.0002469581493760337
593 4.216580400000001 0.000668 0.0009909705477624937 0.00025234150087579565
594 4.2172480000000006 0.000668 0.001010632862335354 0.0002626772849519558
595 4.217916000000001 0.000668 0.0012455052300902247 0.00027046563076739194
596 4.2185836 0.000667 0.0011607777387176751 0.0002714421944444974
597 4.219251 0.000668 0.0007838963676140385 0.0002416675766045693
598 4.219918700000001 0.000668 0.0010334388218593922 0.0002628437285238777
599 4.2205863 0.000668 0.0011752402580689555 0.00025824302805736027
600 4.2212543 0.000668 0.001297775229021257 0.0002795666622825883
601 4.221922 0.000667 0.0012587608819542566 0.00025885612753203557
602 4.2225895 0.000668 0.001056470529940164 0.0002614523499420376
603 4.223257 0.000668 0.0014481594578526634 0.0002542379631419196
604 4.2239246 0.000667 0.0009361419720897876 0.00026499038903789895
605 4.2245919999999995 0.000668 0.0008916082116394958 0.0002638223816212901
606 4.2252602999999995 0.000668 0.00108518910272749 0.0002655187345755619
607 4.225928 0.000667 0.0009130333628850197 0.0002558317049984852
608 4.226595400000001 0.000668 0.0006801276085508205 0.0002474541521576456
609 4.227263 0.000668 0.0007922800451577697 0.0002599143093132602
610 4.2279305 0.000668 0.0011144420686414343 0.0002514695376137347
611 4.228598000000001 0.000668 0.0009946127430840576 0.00025316657781201973
612 4.2292657 0.000668 0.000703847122697176 0.0002562044747965696
613 4.2299333 0.000668 0.0006474330642423982 0.0002452111524527247
614 4.230601 0.000667 0.0008144952478230195 0.000269197613974218
615 4.2312684 0.000668 0.0007654099532350005 0.0002715462925203068
616 4.231936 0.000668 0.001229334994293687 0.00024836690437763514
617 4.232603500000001 0.000667 0.0003592733979477536 0.0002155515820451964
618 4.233271 0.000667 0.0009414467463241316 0.00024776460527436425
619 4.233937999999999 0.000668 0.0013536935035884522 0.000258668801193068
620 4.234605999999999 0.000667 0.0013331391807993361 0.0002563471269936073
621 4.235273 0.000667 0.001119158513490663 0.00025490714204108204
622 4.2359405 0.000668 0.0014791453078190088 0.00025730209679777953
623 4.236608 0.000668 0.0011707009349677655 0.00024972605491692406
624 4.237275599999999 0.000667 0.0008645940624418366 0.00025386164490401217
625 4.2379430000000005 0.000668 0.000933495040717971 0.0002570605049886862
626 4.238610700000001 0.000667 0.0008704465555817301 0.00026316949895554653
627 4.239278 0.000667 0.001466497726642013 0.00028576356683576124
628 4.239945400000001 0.000668 0.0012722693961197324 0.0002611097623010672
629 4.240613 0.000668 0.0010436132539232885 0.0002478014608150518
630 4.2412806 0.000667 0.0005114644092541117 0.0002617211059795273
631 4.2419477 0.000667 0.0011158712782011028 0.0002691727566385327
632 4.242615 0.000668 0.0015898288247712998 0.00026692932152809663
633 4.243283 0.000667 0.0009837017389141731 0.0002685641053767196
634 4.24395 0.000668 0.0009994263685912561 0.00026893767866509284
635 4.2446175 0.000667 0.0011565012382205146 0.00025495605963279217
636 4.245285 0.000667 0.0008403255198209863 0.00025142382505104086
637 4.245952 0.000668 0.00102620096108184 0.0002684792999183354
638 4.2466197 0.000668 0.0009419473247754722 0.00025525519096577734
639 4.2472873 0.000667 0.0012575111040979078 0.000256107944782579
640 4.2479544 0.000668 0.0013192983962041949 0.00025433267369359604
641 4.248622 0.000667 0.0009754093208461609 0.00025873952943724585
642 4.249289 0.000668 0.0007926701064811145 0.00025847458720034414
643 4.2499566 0.000667 0.0006963425122400047 0.00024753090772366976
644 4.2506237 0.000668 0.0008658195966273038 0.00026454318983448776
645 4.2512913 0.000667 0.0009726614639993354 0.0002661844766021535
646 4.2519584 0.000668 0.0005070865579428222 0.0002432183059758434
647 4.252626 0.000667 0.001361045977637962 0.00027925590236517846
648 4.253293 0.000668 0.0012016554196790053 0.00025807416689818766
649 4.2539606 0.000667 0.0006784183188734233 0.0002603015332394703
650 4.2546277 0.000668 0.0011629264336187994 0.000255939973717993
651 4.2552953 0.000667 0.001098942924088409 0.0002651971172443726
652 4.2559624000000005 0.000667 0.0011972525535922872 0.0002483727587884069
653 4.2566295 0.000668 0.0010788491815187289 0.00027143526660639337
654 4.257297 0.000667 0.0006692590039141617 0.0002507538767405633
655 4.257964 0.000668 0.0011461908064912304 0.00026270830849491056
656 4.2586317000000005 0.000667 0.0009333466254166649 0.0002611896294772818
657 4.2592989999999995 0.000667 0.0013581532018782138 0.00027024705030823614
658 4.259966 0.000667 0.0008623881537329189 0.00027325842108149554
659 4.2606335 0.000667 0.0006452816292733185 0.00025004911409056465
660 4.261300599999999 0.000667 0.0011413855206876444 0.00026488611176871444
661 4.2619677000000005 0.000667 0.001215736532077405 0.00027476855397768
662 4.2626348 0.000668 0.000532986551819853 0.00024489028208571795
663 4.2633023 0.000667 0.0014632276267504312 0.00026555713294387187
664 4.263969400000001 0.000667 0.0006832807123099482 0.0002634401848340729
665 4.2646365 0.000667 0.0007453717658317116 0.00027201632855054954
666 4.265303599999999 0.000667 0.0013181743917384829 0.0002819250679473251
667 4.2659707000000004 0.000667 0.0014926089422645952 0.0002542301450431909
668 4.2666379999999995 0.000667 0.0012678908342453224 0.00025739405493344113
669 4.267305400000001 0.000667 0.0006109907664542991 0.00026236076631435545
670 4.2679725 0.000667 0.0013096574677139926 0.00026518171864818113
671 4.268639599999999 0.000667 0.0009922865163959885 0.00027010881025433343
672 4.2693067000000005 0.000667 0.0005900459362242494 0.00024476000612687
673 4.2699738 0.000667 0.0007887635979850497 0.00025764407967048247
674 4.270641 0.000667 0.0007989938530393134 0.0002632689467119049
675 4.271308 0.000667 0.0008103285191193473 0.0002763989942346345
676 4.271975 0.000667 0.0012298234999431176 0.0002772795578036612
677 4.272641999999999 0.000667 0.0009998939730937724 0.0002681552927874215
678 4.273308999999999 0.000667 0.0011788174734228202 0.00029565868874662773
679 4.2739763 0.000667 0.0017112551775565375 0.0002670392563114421
680 4.2746434 0.000667 0.0009598171990290685 0.00026972280851848926
681 4.275310500000001 0.000667 0.0008967064057589595 0.00028407915447437856
682 4.2759776 0.000667 0.0015061171664932068 0.0002722977966292274
683 4.2766447 0.000667 0.0007480858492284842 0.00026545239161288216
684 4.277312 0.000667 0.0009711254850450337 0.00028049158149203135
685 4.277979 0.000667 0.0011193624498489411 0.00027491700507799435
686 4.278646 0.000667 0.0012231399352837743 0.0002511360782852013
687 4.2793126 0.000667 0.0010333932060023344 0.00026459426166365564
688 4.2799797 0.000667 0.0015222175942778647 0.0002777217126327974
689 4.280647 0.000667 0.0006270864213394466 0.0002568897168300286
690 4.281314 0.000667 0.0011870075893438386 0.00026425662463354355
691 4.281981 0.000667 0.0005932250678490676 0.00025462731923307146
692 4.2826476 0.000667 0.00093647589672651 0.0002714806203476628
693 4.2833147 0.000667 0.0013762051506069045 0.00026396720687478476
694 4.283982 0.000667 0.0010420111947289645 0.00027568095042588116
695 4.284649 0.000667 0.0009680097782518912 0.0002686340892541586
696 4.2853155 0.000667 0.0011786448861967342 0.00026000991783566333
697 4.2859826 0.000667 0.0008927007503632408 0.0002672552535852751
698 4.2866497 0.000667 0.0008193080880719762 0.00026111942989404075
699 4.287317 0.000666 0.0009419537972207702 0.0002684437215060338
700 4.2879834 0.000667 0.0005770106999383635 0.00025591007355739843
701 4.2886505 0.000666 0.0007393246362052639 0.0002664314169382215
702 4.289317 0.000667 0.0012364679260575588 0.0002945127180871126
703 4.289984 0.000667 0.0015206555215269047 0.00026446575648218497
704 4.2906512999999995 0.000667 0.0012848268334762932 0.00025590104876306813
705 4.291318 0.000667 0.0010610665485914536 0.0002538093241505398
706 4.2919849999999995 0.000667 0.0008622100225536053 0.0002670187225136789
707 4.2926517 0.000667 0.0006633423494523237 0.0002651605857654497
708 4.2933187 0.000667 0.0014070262793035937 0.00027105994022603866
709 4.2939854 0.000667 0.0011542641111716963 0.0002611670505825084
710 4.2946525 0.000667 0.0012014635585671867 0.00029781660736797233
711 4.295319 0.000667 0.0008918615897723112 8.719912738541908e-05
712 4.295986 0.000667 0.0009619280646506072 8.735327415990143e-05
713 4.296653 0.000667 0.0008173924437016169 8.735443978708645e-05
714 4.29732 0.000666 0.0008727478424555481 0.00028583294125619383
715 4.2979864999999995 0.000667 0.0011707071398848429 0.0002681814703239142
716 4.298653599999999 0.000666 0.0012652307954468703 0.00027915360684162597
717 4.29932 0.000667 0.0007921151347998166 0.0002807542010481929
718 4.299987000000001 0.000667 0.0010216701864872587 0.00028331764812793945
719 4.300654 0.000667 0.0009108083930436756 0.0002737081476162064
720 4.3013205999999995 0.000666 0.0013416344356631795 0.0002707654848426956
721 4.3019870000000004 0.000667 0.0017553580617977163 0.00029868815644712964
722 4.3026542999999995 0.000667 0.00041852243115039496 0.00024932680519230705
723 4.3033209999999995 0.000667 0.0009344824019139091 0.00028001828486390817
724 4.3039875 0.000667 0.0006681085494128744 0.0002793869922096576
725 4.304654 0.000667 0.0011673402460801907 0.0002927069938615721
726 4.305321 0.000667 0.0007763669961478632 0.000247439284810634
727 4.305988 0.000666 0.0006237958477891977 0.0002628127127050754
728 4.3066545 0.000667 0.0006528958516597707 0.0002761376052543491
729 4.307321 0.000667 0.000784177240014095 0.0002760819674489373
730 4.3079877 0.000667 0.0010097846177126136 0.00027481517647049775
731 4.308655 0.000666 0.001433453113682399 0.00027732515746782836
732 4.309321400000001 0.000667 0.0007594953392948018 0.00027357744204798497
733 4.309988 0.000667 0.0008555468760682677 0.00026432661893790267
734 4.3106545999999994 0.000667 0.0013845526864165046 0.00028895064227134684
735 4.3113212999999995 0.000667 0.0010204577556252173 0.00028231327886966945
736 4.3119879999999995 0.000667 0.0013291168953104536 0.0002800785771212321
737 4.3126545 0.000667 0.0011064148586237622 0.0002707718012252515
738 4.313321 0.000667 0.0013716677091001714 0.0002706945133666145
739 4.3139877 0.000667 0.0012515873632376866 0.0002836699763404278
740 4.3146544 0.000667 0.000893939854804325 0.0002822618378078403
741 4.315321 0.000667 0.0010263585927928 0.00026920394052340956
742 4.3159876 0.000666 0.000987408710553748 0.00027931354555989435
743 4.316654 0.000667 0.0005767650821114345 0.0002655114696526052
744 4.317321 0.000666 0.0007448521458437433 0.0002743852833977197
745 4.317987400000001 0.000667 0.001132085186240863 0.00027800278665531127
746 4.318654 0.000667 0.0013477647423542727 0.0002811365441453084
747 4.3193207000000005 0.000667 0.0010377943056040443 0.00028577775605624856
748 4.3199873 0.000667 0.0009250170769812302 0.0002924996914503731
749 4.320654 0.000667 0.0007226232692600184 0.00028523945340469526
750 4.321320500000001 0.000666 0.0011020257847389758 0.00028072765929612316
751 4.321987 0.000666 0.0007259454195327875 0.0002784817976827102
752 4.3226533 0.000667 0.0010781895794659741 0.0002965888847576785
753 4.32332 0.000667 0.001251919333680262 0.00027341912519890767
754 4.3239865 0.000666 0.0005035362912476701 0.00026349013027214996
755 4.324652700000001 0.000667 0.001219348739386734 0.00029243358913073604
756 4.3253193 0.000666 0.0008454088174028664 0.00027565264370558827
757 4.3259854 0.000667 0.0005853851429999169 0.0002610429742114645
758 4.326651999999999 0.000603 0.000902634446942818 0.0002763852514723122
759 4.327255200000001 0.000666 0.001241762182417721 0.0002860927656406579
760 4.327921400000001 0.000667 0.0007997928735087197 0.0002787994083905209
761 4.328588 0.000667 0.001175530617305291 0.0002780083695848161
762 4.3292546 0.000666 0.0015163415518008132 0.0003023190038596612
763 4.329921 0.000666 0.0007018588899084362 0.0002814362418558116
764 4.330587400000001 0.000667 0.0008462847412560673 0.00027621941773792733
765 4.331254 0.000666 0.0009785843334195981 0.0002835416520884884
766 4.331919999999999 0.000667 0.0011736072774533779 0.0002888294627780997
767 4.332587 0.000666 0.0009238862992628314 0.00028085542039263313
768 4.333253 0.000667 0.0005888186192780405 0.00026569148869429497
769 4.3339195 0.000666 0.0011336537928664575 0.00028155814270879596
770 4.334585700000001 0.000667 0.0007720361212144038 0.00028947200344503336
771 4.3352523000000005 0.000666 0.0008447689723897933 0.00027813205542984696
772 4.3359184 0.000667 0.0010732619121788833 0.00027292033490481716
773 4.3365849999999995 0.000666 0.001064481193468213 0.00027331545740240664
774 4.337251 0.000667 0.0010072566917515417 0.000306864458530512
775 4.337918 0.000666 0.0009030049916665136 0.00029096180365370517
776 4.338584 0.000667 0.0011660288263452938 0.0002928580185701411
777 4.3392506 0.000666 0.0011570771360072246 0.0002959369034496816
778 4.3399167 0.000667 0.0009138508732582215 0.0002913087419150137
779 4.3405833 0.000666 0.0013527968258811743 0.0002751006904564185
780 4.3412495 0.000666 0.001218955233421306 0.0002946139908500609
781 4.341915599999999 0.000666 0.0009983846016146567 0.0002812571985992698
782 4.342582 0.000666 0.0007866724129658774 0.0002802638889952495
783 4.3432484 0.000666 0.0013137391382410948 0.0002827647721042996
784 4.3439144999999995 0.000667 0.0005421383830084424 0.0002603937657392129
785 4.344581 0.000666 0.0014315339467656524 0.00029484770945972387
786 4.3452473 0.000666 0.0011208361383896548 0.00027910103975978034
787 4.345913400000001 0.000666 0.0013634521989796344 0.00028889657533227983
788 4.346579599999999 0.000666 0.0008621047757685126 0.0002900292883139932
789 4.347246 0.000666 0.0006405003390326004 0.00026043123452516756
790 4.3479123 0.000666 0.001037350814767583 0.00028895875380755156
791 4.3485785 0.000666 0.00036536526547379104 0.00023663210739970048
792 4.3492446 0.000666 0.0009962625104381752 0.0002949027297072447
793 4.349910700000001 0.000667 0.00041126467134642637 0.00022051950021429164
794 4.350577400000001 0.000666 0.0013826982280108683 0.0003044780776085554
795 4.3512435 0.000666 0.0011173735056643022 0.00030687657734287173
796 4.3519096 0.000666 0.0007399481545149795 0.0002948467824486277
797 4.352576 0.000666 0.0010633004143835736 0.0003059989480275038
798 4.353242 0.000666 0.0008893486364415057 0.00030726645682282414
799 4.3539080000000006 0.000666 0.001192324467916417 0.00029605953023956373
800 4.3545739999999995 0.000666 0.0007570127440706945 0.0002820729954140757
801 4.3552403 0.000666 0.0010932888687845122 0.00029359958338810374
802 4.355906500000001 0.000666 0.0006312760702575789 0.00027733186589926984
803 4.3565726 0.000666 0.0009064406922311254 0.00028257818468851114
804 4.357239 0.000666 0.0010333202223995412 0.0002869828915008372
805 4.357905000000001 0.000666 0.0013125819326681323 0.0002921177970808909
806 4.3585709999999995 0.000666 0.0007718214736397114 0.0002863081806825758
807 4.359237 0.000666 0.000917694028338856 0.0002908562874963805
808 4.359903299999999 0.000666 0.0004334237559189305 0.00025418875854911114
809 4.3605694999999995 0.000666 0.0011630071670726133 0.0002819500825975372
810 4.3612356 0.000666 0.0011668128431015607 0.0002878223999203942
811 4.3619018 0.000666 0.0005329417132012413 0.0002708933383336359
812 4.3625680000000004 0.000666 0.001677876076641301 0.00029209840107796985
813 4.363233599999999 0.000666 0.0006452428916344443 0.00028108268338561013
814 4.3638997 0.000666 0.0007249147043620407 0.00029284284379061455
815 4.364566 0.000666 0.000768898303564211 0.0002936012423338713
816 4.365232499999999 0.000666 0.0014876456349552582 0.0002919398129513734
817 4.3658985999999995 0.000666 0.0010293759807236257 0.00027000059015770347
818 4.366564299999999 0.000666 0.0012007289664837115 0.00029822388005224437
819 4.3672304 0.000666 0.0009666860488868377 0.0002986240866475898
820 4.367896599999999 0.000666 0.0005823317279852347 0.00026993683938258126
821 4.3685627 0.000666 0.0010643067488067882 0.00037453175633796025
822 4.369228400000001 0.000666 0.001070077900363991 0.0003013744644488735
823 4.3698945 0.000666 0.0008897335462429941 0.00029547296158428205
824 4.3705606 0.000666 0.001281536396195881 0.00030626520370441776
825 4.3712263 0.000666 0.0006620425491080845 0.0002892507331691616
826 4.3718925 0.000666 0.0007454975022267494 0.000309592892498357
827 4.372558000000001 0.000666 0.0009226107516105742 0.0002947945958642112
828 4.3732242999999995 0.000666 0.0006866707745715471 0.00029022574784350015
829 4.3738904000000005 0.000666 0.0012084577423468852 0.00029996766620758313
830 4.374556 0.000666 0.0011441077929759211 0.00029291731463634694
831 4.375222 0.000666 0.001199800691919495 0.00030018037638978467
832 4.375888 0.000666 0.001227364663478637 0.00029609676309809115
833 4.3765540000000005 0.000666 0.0010706635458007827 0.00029451962222254
834 4.3772197 0.000666 0.001294528359405389 0.0003146498885480605
835 4.377886 0.000666 0.001022359988938158 0.00029417316651664374
836 4.378552 0.000666 0.00041219185687216406 0.0002562854622349504
837 4.379218 0.000666 0.001219806022122587 0.0003142118602882719
838 4.379884 0.000666 0.0007114786853977633 0.00029412573309701284
839 4.38055 0.000666 0.0017076733052848565 0.0003122738746283447
840 4.381215599999999 0.000665 0.0008789046721857547 0.00029266182804712674
841 4.381881 0.000666 0.0013781511865126829 0.00029516408646092067
842 4.3825474 0.000666 0.0012201412097755477 0.0002919742119160271
843 4.383213 0.000666 0.0008858888629945808 0.00030658994933413107
844 4.3838787 0.000666 0.0007520762838960015 0.00029814162205992986
845 4.384545 0.000666 0.0006910686166500024 0.00028462733080682515
846 4.3852105 0.000666 0.00027777981728028026 0.0002065569741863177
847 4.3858760000000006 0.000666 0.0012251377053530885 0.0003146250884355915
848 4.3865422999999995 0.000666 0.001653016288080136 0.00034153776673025274
849 4.387208 0.000666 0.0012093246070715969 0.0003040216878574801
850 4.3878736 0.000666 0.0022112183703791957 0.00037659830276784786
851 4.3885393 0.000666 0.0009434799199903803 0.000290861113359491
852 4.3892055 0.000666 0.0007797734443432425 0.0002730380306088373
853 4.389871 0.000666 0.0008521594726640243 0.00029300323581636845
854 4.390537 0.000665 0.0007474303705909367 0.00027541303869408766
855 4.3912024 0.000666 0.0008579908699562505 0.0003009378721634507
856 4.3918686 0.000666 0.0006608128639883586 0.0002831545975951345
857 4.3925343 0.000666 0.001518394998325593 0.0003193643831412259
858 4.3932004000000004 0.000666 0.0004881462593700876 0.0002789216416177132
859 4.393866 0.000666 0.0007367383140886178 0.0002993600456877591
860 4.3945317 0.000666 0.0005210997576729645 0.00028955599555713715
861 4.3951974 0.000666 0.0012735096355364 0.0003307838019725662
862 4.395862999999999 0.000666 0.0009687088883590358 0.00029049805388636123
863 4.3965287 0.000666 0.0010010288715672766 0.0002979532790009221
864 4.3971944 0.000666 0.001107894281321229 0.0003037744915226706
865 4.39786 0.000666 0.00034081708897357237 0.00022677661972779863
866 4.3985257 0.000666 0.0013679210649191191 0.0002895102772502032
867 4.3991914 0.000666 0.0011874149996743053 0.0002935932472355938
868 4.399857 0.000666 0.0010872832171551637 0.00028747541924503293
869 4.4005227 0.000666 0.0011299753420094649 0.0003105326323448916
870 4.4011884000000006 0.000665 0.0008662191543094713 0.0002937795053446952
871 4.401853599999999 0.000665 0.0008315539407815875 0.00028612805363693286
872 4.402519 0.000666 0.0007911152472673822 0.00030327737999414543
873 4.403185 0.000666 0.000661075715181984 0.0003143639619013385
874 4.403850599999999 0.000666 0.0011471241110131189 0.00031305630284662303
875 4.4045167 0.000666 0.0010061099776528454 0.0003063198735482083
876 4.4051824 0.000666 0.0006400250778401808 0.0002798706088670143
877 4.405848000000001 0.000665 0.000999862995647517 0.0003072548824153841
878 4.4065129999999995 0.000666 0.0011565048585366112 0.00031711136816258296
879 4.407179 0.000666 0.0007490647751082977 0.0002950650138823687
880 4.4078445 0.000665 0.001219255837336196 0.00031192850273345003
881 4.40851 0.000665 0.0008042521035056357 0.00031423926203437956
882 4.4091754000000005 0.000666 0.0009448937904339092 0.00031029998983250035
883 4.409841 0.000666 0.000799419292212695 0.00030033696710516175
884 4.4105067 0.000665 0.0012347152944938667 0.00030207550697231397
885 4.4111720000000005 0.000666 0.0012312256577412144 0.00030201473788388623
886 4.411837599999999 0.000666 0.0012336252695917262 0.00029000715745714146
887 4.4125032 0.000665 0.0008695262036031318 0.00029609755779036755
888 4.4131684 0.000666 0.0009329997177531099 0.00032372686110970593
889 4.413834 0.000665 0.0008141861483184284 0.00029435250877738904
890 4.414499299999999 0.000666 0.0003974136986959407 0.0002465704794913696
891 4.415165 0.000665 0.0007748987435151508 0.0003056202973596237
892 4.415830000000001 0.000666 0.0012849636199148493 0.0003224847815408169
893 4.4164959999999995 0.000666 0.0006314666008930268 0.00030470396352485726
894 4.4171615 0.000666 0.00020982190887515107 0.00017635837073121146
895 4.417827 0.000665 0.000964142511436484 0.0003015723019054701
896 4.4184923 0.000666 0.0010663547322992942 0.00031038167452356513
897 4.419158 0.000665 0.0009310854662601576 0.000293224966571395
898 4.419823 0.000666 0.0016861641670556544 0.00032204188832031386
899 4.420489 0.000665 0.00032516246315250706 0.0002314293535010741
900 4.4211540000000005 0.000666 0.0005076296082761922 0.00027040973552632967
901 4.4218197 0.000665 0.0010707128953828411 0.00031458814806338255
902 4.422485 0.000602 0.0014017687279109046 0.000294276641852154
903 4.4230865999999995 0.000665 0.0011116687617378149 0.0003139282247896132
904 4.4237519999999995 0.000665 0.0010451864187719343 0.0002926477940998602
905 4.424417 0.000666 0.0009772583377698455 0.00029821821373270915
906 4.425082700000001 0.000665 0.0014354874393952167 0.00030819735787377187
907 4.4257480000000005 0.000665 0.0011809899981637018 0.00031169142382313144
908 4.426413 0.000665 0.001459029953245331 0.0003241305426647693
909 4.4270781999999995 0.000666 0.0007200443368917081 0.0002809623124618288
910 4.427744000000001 0.000665 0.0010372645561394671 0.0003045044184138444
911 4.428408999999999 0.000665 0.0010715569426280862 0.00031016953742282207
912 4.4290743 0.000665 0.0009729089580209407 0.00029663680687114864
913 4.429739499999999 0.000665 0.0009917355767842366 0.00032991750865065246
914 4.4304046999999995 0.000666 0.001260360673849332 0.0003065203039538107
915 4.431071 0.000665 0.0012041504045300227 0.0003164317112201138
916 4.431736 0.000665 0.0013332770726470092 0.00032888837997498935
917 4.4324010000000005 0.000665 0.0008151173643257725 0.00030889611636798384
918 4.4330664 0.000665 0.001282409462833563 0.00032890762070262957
919 4.4337316 0.000665 0.0007074922162616242 0.000309986488992832
920 4.434396700000001 0.000665 0.0010908269071776226 0.0003090429976525474
921 4.435062 0.000665 0.000960847861017689 0.00030217599510910114
922 4.435727 0.000665 0.00031848653541237816 0.0002151447567491834
923 4.4363923 0.000665 0.0004992385962704047 0.00028375800992516437
924 4.4370575 0.000665 0.0008354958638746502 0.0003098186528484089
925 4.4377227 0.000665 0.0009588004028168378 0.0003115584647845779
926 4.438388 0.000665 0.0009602450000172334 0.000300169005305711
927 4.4390529999999995 0.000665 0.0005576994334549463 0.0002888697801369391
928 4.4397182 0.000665 0.0008086565357615095 0.0003099524120300062
929 4.4403834 0.000665 0.0017796885395357591 0.00031132017620560547
930 4.441048599999999 0.000665 0.0014319251001155752 0.0003345554278621005
931 4.441714 0.000665 0.0005907394219626246 0.0003100768862877893
932 4.442379 0.000665 0.0006981932105029567 0.0003019259472959338
933 4.443044 0.000665 0.0012117477233686454 0.00030348373450702395
934 4.4437094 0.000665 0.0006173600188043556 0.00029946914524516997
935 4.4443746 0.000665 0.0012719789651165763 0.0003230852078934654
936 4.445039700000001 0.000665 0.0010799319775901932 0.00032024436843560626
937 4.445705 0.000665 0.0009657428151714885 0.0003250014269783868
938 4.44637 0.000665 0.0009033087472454359 0.0003182749839996784
939 4.447035 0.000665 0.00038958312242641334 0.00022844352223088372
940 4.4477 0.000665 0.0011621770727608478 0.0002972292309939141
941 4.448365 0.000665 0.0010484194638243239 0.00029192651474176296
942 4.449030400000001 0.000665 0.0015190855309833234 0.00032152545291056893
943 4.449694999999999 0.000665 0.0009523312930710854 0.0003192906619280306
944 4.4503603 0.000665 0.0013043844030679712 0.0003202082862227457
945 4.4510255 0.000665 0.0012235480331214495 0.00033755384164364024
946 4.45169 0.000665 0.0007958159800887586 0.00027290844675498265
947 4.4523554 0.000665 0.001387230898983129 0.000319789392166778
948 4.4530199999999995 0.000665 0.0006788757143739931 0.0003081944316685741
949 4.453685299999999 0.000665 0.0007690205869092071 0.00029728741571598825
950 4.454350499999999 0.000665 0.0007199302636176034 0.00030736928749545793
951 4.455015 0.000665 0.0016356705520796104 0.00031041190180066064
952 4.4556804 0.000665 0.0011866493942877952 0.00030269726960062583
953 4.456345 0.000666 0.0013059722044934275 0.00031315749480469304
954 4.4570107000000005 0.000665 0.00100733572783857 0.0002635104880769346
955 4.4576755 0.000665 0.001278011802173696 0.00033512459387184174
956 4.4583406 0.000665 0.0007152140024506928 0.0002913373724402501
957 4.459005400000001 0.000665 0.0009899228311148853 0.0003279473194660078
958 4.4596705000000005 0.000665 0.0012586323296968978 0.0003242450368345517
959 4.4603353 0.000665 0.001271076309547572 0.00032579674415919997
960 4.461 0.000665 0.0012631043831519276 0.0003403659899671239
961 4.461665 0.000665 0.000730438867231978 0.00031558742671619275
962 4.462330000000001 0.000665 0.0013554146711438583 0.0003085540308086704
963 4.4629946 0.000665 0.0009260233954435391 0.0003158762372834051
964 4.46366 0.000665 0.0010028446366702407 0.00030712606839931834
965 4.4643245 0.000665 0.0015360508409548558 0.00032747874644522727
966 4.464989 0.000665 0.0011519941253782559 0.00029836790448414726
967 4.4656544 0.000665 0.0013620173346892783 0.0003247439561384331
968 4.466319 0.000665 0.0013702241819798496 0.00031789128317742676
969 4.466984 0.000665 0.000838661115513945 0.00029800209195873415
970 4.4676485 0.000665 0.0015931682018869018 0.0003472668357432605
971 4.4683137 0.000665 0.0008573758232155579 0.0003160274276581613
972 4.468978400000001 0.000665 0.001197184478991979 0.0003234762292142985
973 4.469643 0.000665 0.0007120389646796962 0.00029848520644205613
974 4.4703083 0.000665 0.0011246208897418711 0.000302304343050955
975 4.470973000000001 0.000665 0.0003033371473408319 0.00021953636380903365
976 4.4716377 0.000665 0.0006442506189868541 0.00031395562478201517
977 4.472303 0.000665 0.0012667163108611033 0.00032695830405598153
978 4.4729676 0.000665 0.0008522841371316846 0.0003206828009216392
979 4.473632299999999 0.000665 0.0008970212630683767 0.00029897477233647063
980 4.474297 0.000665 0.0006592305119179751 0.0003021444941820031
981 4.474961799999999 0.000665 0.0012305336859806182 0.00031613185162505535
982 4.4756265 0.000665 0.0015886351879701684 0.00034990786427005607
983 4.476291000000001 0.000665 0.0012532589595636435 0.0003452748064991443
984 4.4769559999999995 0.000665 0.0012239689039501294 0.0003092308973351074
985 4.4776206 0.000665 0.0005805370780609131 0.00029369338461915665
986 4.4782853 0.000665 0.0013475881740974208 0.00033090359491936693
987 4.47895 0.000665 0.00035799023241829965 0.00024134108169628183
988 4.479614700000001 0.000665 0.000331846014492123 0.00022267534475002926
989 4.480279400000001 0.000665 0.0009734469454277361 0.0003062393018957483
990 4.480944 0.000664 0.0011589655407235155 0.0003166983399166016
991 4.4816084 0.000665 0.0011837544570689976 0.0003377947717098991
992 4.482273 0.000665 0.0011887149810649589 0.0003278408619190886
993 4.482938 0.000665 0.001116994060203985 0.0003353138501623441
994 4.483603 0.000665 0.0011746054913984519 0.00032521354400007007
995 4.4842677 0.000664 0.0010492177801199947 0.00032133651030543997
996 4.484932 0.000665 0.00044809914521315463 0.0002720207096184042
997 4.4855967 0.000665 0.001120438627513313 0.00030951807027535406
998 4.4862614 0.000665 0.0006947477309598129 0.00030996145098088505
999 4.486926 0.000664 0.0010601187359127976 0.00030149982655824177
1000 4.4875903 0.000665 0.0015054946600294458 0.00032240594780531915
1001 4.4882550000000005 0.000665 0.0014182133375655684 0.00033950683190517197
1002 4.4889197 0.000665 0.0011828509383073273 0.00031850673464084135
1003 4.4895844 0.000664 0.0010571744792872125 0.0003317786119765027
1004 4.4902487 0.000665 0.0009595321050800763 0.0003333302495279003
1005 4.4909134 0.000664 0.0011707993641949669 0.0003143337492980799
1006 4.491577599999999 0.000665 0.0013274122183570577 0.00033626713738658037
1007 4.492242299999999 0.000665 0.0012127651199561702 0.00031954001465538096
1008 4.492907 0.000664 0.0006475668295445881 0.0003044959407739259
1009 4.493571299999999 0.000665 0.0015517095623222951 0.0003391493468383741
1010 4.494236 0.000664 0.0007446353661862731 0.00031491947236558587
1011 4.4949 0.000665 0.0007800340000434389 0.00032159218111202495
1012 4.495565 0.000665 0.0006918227437115202 0.0003112599470028663
1013 4.4962295999999995 0.000665 0.0007704481134677032 0.0003157976204344325
1014 4.4968944 0.000664 0.00034101467494124883 0.0002630178308893939
1015 4.4975586 0.000665 0.0008778504640154498 0.00031030400988599883
1016 4.4982233 0.000664 0.0005299637836747526 0.00027750409596537104
1017 4.4988875 0.000664 0.0008746297031562623 0.0003152691121623833
1018 4.4995519999999996 0.000665 0.0007784260322148683 0.00033008945180258795
1019 4.5002165000000005 0.000664 0.0010792805206221827 0.0003176092155731046
1020 4.5008807 0.000665 0.0012743146544584472 0.0003294697389842091
1021 4.5015454 0.000664 0.0012832873318433797 0.0003461077025535747
1022 4.5022097 0.000664 0.0015087230155986196 0.000361936662517458
1023 4.502873999999999 0.0006 0.0014743909649646745 0.0003157769669710081
1024 4.503474 0.000665 0.0008051717440025463 0.00030896716299492517
1025 4.5041385 0.000665 0.0010640034099447856 0.0002962670341945078
1026 4.504803 0.000664 0.00125167498368346 0.00033551738948184496
1027 4.505467400000001 0.000664 0.0006220402671478017 0.0003223450994028055
1028 4.5061316 0.000664 0.0007150055002813348 0.00032094889652957057
1029 4.506796 0.000665 0.0008662228430011083 0.0003221840574706647
1030 4.5074606 0.000664 0.000909021888049382 0.0003128212823389104
1031 4.508125 0.000664 0.0005239694994275414 0.0002841672463754061
1032 4.508789 0.000665 0.0009017113188024771 0.0003180976468260681
1033 4.509454 0.000664 0.0005402023626295965 0.00028728783470304204
1034 4.510118 0.000664 0.0006443650617690643 0.0003318575773155657
1035 4.5107822 0.000664 0.0009796601260204665 0.000321785970481416
1036 4.5114465 0.000665 0.0008654482765148276 0.00030874420250705985
1037 4.512111 0.000664 0.001640054050101165 0.00035642085974588373
1038 4.5127754 0.000664 0.0014037290015678403 0.0003222314860473185
1039 4.5134397 0.000664 0.0013441307628228544 0.00034109453371195507
1040 4.514104 0.000664 0.0015347452829252164 0.0003254188108789192
1041 4.514768 0.000664 0.001586256387125081 0.0003191237395333346
1042 4.5154324 0.000664 0.0005233689453081202 0.00026817022080960224
1043 4.516096599999999 0.000664 0.0007859217766663587 0.0003111852508554295
1044 4.516761 0.000664 0.0007240424410294772 0.0003105426588831727
1045 4.5174246 0.000664 0.0009757102970892533 0.0003117750176294299
1046 4.518089 0.000664 0.0013092150228070734 0.00032389256783576517
1047 4.518753 0.000664 0.0009468248741467002 0.00031972370868496987
1048 4.5194173 0.000664 0.0009301713679268298 0.00031746211199908553
1049 4.5200815 0.000664 0.0006606372730499531 0.00030892184981862425
1050 4.5207458 0.000664 0.0015054195006576631 0.000353672787301756
1051 4.5214099999999995 0.000664 0.0011093885795228277 0.0003394524450546644
1052 4.522074 0.000665 0.0006473574357151893 0.000317199798197804
1053 4.5227385 0.000664 0.0008381943988291048 0.000321433928760009
1054 4.5234027 0.000664 0.0006342172149799852 0.00029363975204455965
1055 4.524067 0.000664 0.0008953119508916133 0.0003261829857912743
1056 4.524731 0.000664 0.0012440598157507938 0.00031244956601003796
1057 4.525395 0.000664 0.0007466476751945104 0.0003150378998175399
1058 4.526059 0.000664 0.000885219095163692 0.00032174626275222783
1059 4.526723400000001 0.000664 0.0012987285006496804 0.00032830370163704643
1060 4.527387 0.000664 0.0012256757771397296 0.00033978291780685505
1061 4.528051400000001 0.000664 0.0006030929916126818 0.00031471124183150037
1062 4.5287156 0.000664 0.0007879653797554969 0.00031449513845246876
1063 4.5293794 0.000664 0.0009308894747917434 0.0003294240348376585
1064 4.530043599999999 0.000664 0.00041490921183360327 0.0002605006564699968
1065 4.530708 0.000664 0.0012643115639405507 0.00033832085539485453
1066 4.531371599999999 0.000664 0.000873270690888281 0.0003184651160525199
1067 4.532036 0.000664 0.0014941230323341262 0.0003398021636155428
1068 4.5326996 0.000664 0.0015795700662811726 0.00037335590007557903
1069 4.533364 0.000664 0.0013927165148240445 0.00035409658217155557
1070 4.5340276 0.000664 0.0009498208573580239 0.00030816061301966414
1071 4.534692 0.000664 0.0006159995259550699 0.00031613814580761445
1072 4.5353556 0.000665 0.0008387728875275004 0.00031800673393802403
1073 4.536020300000001 0.000664 0.0009422699156200442 0.0003201538965698772
1074 4.536683999999999 0.000664 0.001278759380024144 0.00032061019813783365
1075 4.537348000000001 0.000664 0.0008828160151678648 0.0003268533699638381
1076 4.538012 0.000664 0.001227699856530888 0.00034081201490513893
1077 4.538676000000001 0.000664 0.001400422745697244 0.0003202198701456682
1078 4.53934 0.000664 0.0006338768630784787 0.0003264987576184268
1079 4.540004 0.000664 0.0012734217025374816 0.00034729877762474206
1080 4.5406675000000005 0.000664 0.0012063563561316186 0.00032861763974150295
1081 4.541332 0.000664 0.001260610744161511 0.0003138916175889509
1082 4.5419955000000005 0.000664 0.0013291860416446098 0.0003238091474502771
1083 4.5426593 0.000664 0.0011531166125614588 0.0003469778560686341
1084 4.543323 0.000664 0.0005251283398363023 0.00029521633321280484
1085 4.5439873 0.000664 0.0011651788877322328 0.00032795526697654065
1086 4.544651 0.000664 0.0007806189770595667 0.0003257047022422969
1087 4.545315 0.000663 0.0012737553625536925 0.000338005012837037
1088 4.5459785 0.000664 0.0004827584015882963 0.0002847224295626315
1089 4.546642299999999 0.000664 0.0013333395416604567 0.0003378450885872966
1090 4.547306 0.000664 0.0012106109395611923 0.0003341410077503073
1091 4.5479703 0.000664 0.000777375188514274 0.0003115719453126921
1092 4.5486345 0.000664 0.001071616976170956 0.00033043547572252644
1093 4.5492983 0.000664 0.001681909292618875 0.0003347936263571831
1094 4.549962 0.000664 0.0002590219632873571 0.0002012427614847893
1095 4.550626 0.000664 0.0008346260356775592 0.00031829954775084666
1096 4.5512896 0.000664 0.000907206612769823 0.0003292962783693221
1097 4.551953299999999 0.000664 0.0004897466892473511 0.00029307684285722566
1098 4.552617 0.000664 0.0013664270657878829 0.00033676816712817104
1099 4.553281 0.000664 0.0010584473131785362 0.0003432258012196177
1100 4.5539445999999995 0.000664 0.0013753098553579614 0.00031974429967293106
1101 4.5546083 0.000664 0.0014308985104780033 0.00034591365286925263
1102 4.555272 0.000664 0.0007678746084356919 0.0003136103030781658
1103 4.555936 0.000664 0.0016632394298417164 0.00037134861683217786
1104 4.5565996 0.000664 0.0007357624094879512 0.00030709188262299347
1105 4.557263400000001 0.000663 0.00045838901462948975 0.0002736818526942993
1106 4.5579267 0.000664 0.0005071067625873426 0.000306247108659479
1107 4.5585904 0.000664 0.00104332122682779 0.0003334100992617904
1108 4.559254 0.000664 0.0010237726852314597 0.00033554076387773044
1109 4.559918 0.000664 0.0007093339543342407 0.0003201802841029416
1110 4.5605817 0.000663 0.0005146106016572184 0.00035752107125593905
1111 4.5612449999999995 0.000664 0.001586776639009201 0.00034009977033513586
1112 4.561909 0.000664 0.0010657992575076522 0.0003329433023045648
1113 4.562573 0.000664 0.0009324151912007333 0.00033173809990807426
1114 4.5632367 0.000663 0.001109968289722081 0.00038711814774758656
1115 4.5639 0.000664 0.0016292690416136522 0.0003503828820343144
1116 4.5645638 0.000664 0.00037427513660149794 0.00024564032760589905
1117 4.5652275 0.000664 0.0010387796226598587 0.0003422263128879964
1118 4.565891000000001 0.000663 0.0010013448919118182 0.0003246895859218852
1119 4.5665545 0.000664 0.0010054733533762209 0.00031593184294226615
1120 4.5672182999999995 0.000663 0.0011097005954068607 0.0003570963332191776
1121 4.5678816 0.000664 0.0014885184170035238 0.0003602150843951598
1122 4.5685453 0.000663 0.0013886922632565882 0.00032847357235190017
1123 4.5692086 0.000664 0.0007683998176924925 0.00032360011069958134
1124 4.5698724 0.000663 0.000993087975766591 0.00034077754989013853
1125 4.570535700000001 0.000664 0.0012076287944667692 0.0003254858917143029
1126 4.5711994 0.000663 0.0005932555774449763 0.00031537944974778574
1127 4.5718627 0.000664 0.000472732865345397 0.0002996251070980904
1128 4.5725265 0.000663 0.0011160311656529525 0.00031875954826789175
1129 4.5731897 0.000664 0.0012756615049524529 0.00033360420133996
1130 4.5738535 0.000599 0.0008765776366347532 0.00033179783183440983
1131 4.5744524 0.000664 0.0012531486548497798 0.00033923680993957534
1132 4.575116599999999 0.000663 0.0004828683080972114 0.0002853006133493539
1133 4.57578 0.000663 0.0010090797351561735 0.00033138902454507
1134 4.576443 0.000664 0.0009556011052302661 0.0003328820405475146
1135 4.577107 0.000663 0.0014413969822551882 0.00035714116550290267
1136 4.57777 0.000663 0.0007840116688153518 0.00033209234359412047
1137 4.5784335 0.000664 0.0007968059595775113 0.0003370974753443806
1138 4.5790973 0.000663 0.0006768171721927626 0.00032648721947302063
1139 4.5797606 0.000663 0.0008494295745089698 0.0003378233400225569
1140 4.580424 0.000663 0.0010453883192615926 0.00034917598538901953
1141 4.581087 0.000664 0.0011143259684669447 0.00035006197426523493
1142 4.581751000000001 0.000663 0.00021882127002400864 0.00018109015783220536
1143 4.582414 0.000663 0.001097152434964903 0.0003409635630427032
1144 4.5830774000000005 0.000663 0.00039324789119444674 0.00026801883113127147
1145 4.5837407 0.000663 0.0009645035019100241 0.00033443436287777377
1146 4.584404 0.000664 0.0007236069476047912 0.00033932415018817424
1147 4.585067700000001 0.000663 0.00032200646899825956 0.00028719066346606463
1148 4.585731 0.000663 0.0007075475758649524 0.0005056782131612874
1149 4.5863943 0.000663 0.0008796312523444773 0.0005451365954211463
1150 4.5870576 0.000663 0.0011630816504336347 0.00034164937786626727
1151 4.587721 0.000664 0.0008684964661503885 0.00032349164786247533
1152 4.5883845999999995 0.000663 0.0010639931642517076 0.0003470654933286815
1153 4.589048 0.000663 0.0006056915010769297 0.0003278937129858043
1154 4.589711 0.000663 0.0008445469032051928 0.00034535059392009504
1155 4.5903745 0.000663 0.0014112777338852521 0.0003441409686538707
1156 4.5910378 0.000663 0.0008224124253260531 0.000330048691611681
1157 4.5917010000000005 0.000663 0.0012964612952043228 0.0003336945893703333
1158 4.5923643 0.000663 0.0005627803822617118 0.0002848773925559668
1159 4.5930276 0.000663 0.0008824839052969647 0.0003231453013455311
1160 4.5936904 0.000663 0.0010218861548710477 0.0003253220811544231
1161 4.5943537 0.000663 0.0005596937083264848 0.00029842036134260924
1162 4.5950169999999995 0.000663 0.0007127224251859315 0.0002548727155483074
1163 4.595680000000001 0.000663 0.0013294025382884237 0.0003468768071051342
1164 4.5963435 0.000663 0.0010389462903459062 0.0003407646696907589
1165 4.597007 0.000663 0.00102968711980971 0.00034000348693325486
1166 4.5976696 0.000663 0.001009838352718675 0.0003474450879320646
1167 4.598333 0.000663 0.0005963026994174833 0.0002905409791817979
1168 4.598996 0.000663 0.001387807114188291 0.00033695860181709886
1169 4.5996594 0.000663 0.0011731330256747538 0.00032574903148138647
1170 4.6003222 0.000663 0.001326012385159893 0.00036196543688835173
1171 4.6009855 0.000663 0.0012121310376701467 0.0003414686625971429
1172 4.601649 0.000663 0.0012235315650740413 0.00034631694554454674
1173 4.602311599999999 0.000663 0.0012863170607360851 0.0003534669721141599
1174 4.602975 0.000663 0.0005251053018551344 0.00029147960630274177
1175 4.603638 0.000663 0.0006707942131184429 0.00032932938541456924
1176 4.604301 0.000663 0.0007865548242263639 0.0003404085762125937
1177 4.6049643 0.000663 0.0010452210964569315 0.0003367953218311699
1178 4.605626999999999 0.000663 0.001074354724053692 0.00034112366723641286
1179 4.6062902999999995 0.000663 0.0014659291498945785 0.0003352383933442389
1180 4.606953 0.000663 0.0014270606288764268 0.0003307985157771901
1181 4.6076164 0.000663 0.0007734851099673707 0.00032668180325613153
1182 4.6082790000000005 0.000663 0.0011182109546407325 0.00034351568524581584
1183 4.6089425 0.000663 0.001603834929890665 0.00034730389374522825
1184 4.6096053 0.000663 0.000705307290670132 0.0003177006559133724
1185 4.6102685999999995 0.000663 0.00111864574617139 0.0003631485145164025
1186 4.610931400000001 0.000663 0.0009530720516575094 0.00035264449261462796
1187 4.6115947 0.000663 0.0010553698941444614 0.00029293964843212926
1188 4.6122575 0.000663 0.0011091986560267852 0.00033157195101735147
1189 4.6129203 0.000663 0.0008488534197858863 0.0003256326744423371
1190 4.613583599999999 0.000663 0.0008622655367445368 0.0003404572830430624
1191 4.614246400000001 0.000663 0.0013790809939517065 0.0003384149613459539
1192 4.614909 0.000664 0.0007032984712714415 0.00033272395873946146
1193 4.615573 0.000663 0.0012275645722709088 0.00035527091712276915
1194 4.616235700000001 0.000663 0.0013623551897562606 0.00034219428206526723
1195 4.6168985000000005 0.000663 0.0007829725738215096 0.00032935059180697865
1196 4.617561299999999 0.000663 0.000380513131653697 0.0002766493083131913
1197 4.6182246 0.000663 0.0007741703732116186 0.0003255111852511647
1198 4.6188874 0.000663 0.0007455332511120796 0.0003353268836457587
1199 4.61955 0.000663 0.0006451877131443699 0.0002986707504241534
1200 4.620213 0.000663 0.0010926825812167633 0.00032812764359823563
1201 4.620876 0.000663 0.000481804100885468 0.00029848099621606884
1202 4.6215386 0.000663 0.0010637105018368829 0.00034926648336045674
1203 4.622202 0.000663 0.0012150102819840232 0.00032848978529831905
1204 4.6228647 0.000663 0.002069634934612721 0.00034918493073475435
1205 4.6235275 0.000663 0.001578320794211281 0.0003464358550257865
1206 4.6241902999999995 0.000663 0.0010145687272572344 0.00035027950095639637
1207 4.624853 0.000663 0.0010017473404910814 0.0003632588042622837
1208 4.625516 0.000663 0.0006485451682627721 0.0003256052853638837
1209 4.6261787000000005 0.000663 0.0008009582401157719 0.0003302000177911519
1210 4.6268415 0.000663 0.00036725821714271887 0.0002658248288866022
1211 4.6275043 0.000663 0.0015671798624427619 0.00034385441016651
1212 4.6281669999999995 0.000663 0.0017117664909770645 0.000353939322798676
1213 4.628830000000001 0.000663 0.000553435666826468 0.0002797487185333868
1214 4.6294928 0.000662 0.0007809172262985538 0.00033382504154380247
1215 4.630155 0.000663 0.0007929137521030315 0.0003181491370065141
1216 4.630818 0.000663 0.0011895238096287035 0.00036028061288700014
1217 4.6314807 0.000663 0.0006804348221274994 0.0003302069716288047
1218 4.6321435 0.000663 0.0009636654833901135 0.00034468590701495025
1219 4.6328062999999995 0.000663 0.0012425766185278964 0.00034527639507477334
1220 4.633469 0.000662 0.0011089656199891832 0.0003473925954290641
1221 4.6341314 0.000663 0.0008113545466415415 0.00032372952941668674
1222 4.634794 0.000663 0.000786130867334626 0.0002687143616959736
1223 4.635457 0.000663 0.0010938041370855598 0.0003528549630571181
1224 4.63612 0.000662 0.0006352450388962807 0.0003117059531105297
1225 4.636782 0.000663 0.0008610072800795211 0.00033950886679062596
1226 4.637445 0.000663 0.0005612549210414733 0.0003261908712648442
1227 4.638108 0.000662 0.0008963448578196674 0.000346013990084818
1228 4.63877 0.000663 0.0009228704127464088 0.00034155727748646586
1229 4.639433 0.000663 0.0017687132458792418 0.0003498522149378954
1230 4.6400957 0.000598 0.0015764380225841291 0.00034781970647427337
1231 4.640693700000001 0.000662 0.0009081105083629038 0.00034796062913247395
1232 4.641356 0.000663 0.0004664044103312981 0.0002747726113735456
1233 4.642019 0.000663 0.0012174940947028926 0.0003625193375244852
1234 4.6426815999999995 0.000662 0.0006707265397301198 0.0002893181661695474
1235 4.643344 0.000663 0.0012568794050588708 0.00034762165579220575
1236 4.6440067 0.000662 0.0011572785798956984 0.0003560849497411903
1237 4.644669 0.000662 0.0014674980479227138 0.0003346568423366688
1238 4.645331400000001 0.000663 0.0009453941894508091 0.0003455112345493436
1239 4.645994 0.000663 0.0012719915626484154 0.00035805429753092515
1240 4.646656500000001 0.000663 0.0009087541268299578 0.00035277894455201027
1241 4.6473192999999995 0.000662 0.0006137876556540789 0.00031242160547394627
1242 4.6479816 0.000662 0.0006665739448399002 0.00032795416378045484
1243 4.648644 0.000663 0.0005382010877437332 0.0003034157342407134
1244 4.649307 0.000662 0.0009929830418287924 0.00034999558187646506
1245 4.6499690000000005 0.000662 0.0014408258362460062 0.00035182686553162143
1246 4.650631400000001 0.000663 0.0005445898215662576 0.00028567528329507673
1247 4.651294 0.000663 0.0008115468832020625 0.0003388742790425576
1248 4.6519566 0.000662 0.0010522710814521176 0.0003541751199240365
1249 4.6526190000000005 0.000663 0.0015844391850129574 0.00035405770303389457
1250 4.6532817 0.000662 0.0015610578020735966 0.0003692301199687707
1251 4.653944 0.000662 0.0008079708081359224 0.00035067365213557896
1252 4.654606299999999 0.000662 0.0008044380494533127 0.00034063685909411893
1253 4.655268700000001 0.000662 0.0011042199548944513 0.00035586589077383726
1254 4.655931 0.000662 0.001706347891895538 0.0003472829508661531
1255 4.6565933 0.000663 0.0008148563090985808 0.000338709587139165
1256 4.657255999999999 0.000663 0.0005328725822753541 0.0002964914216816518
1257 4.6579185 0.000663 0.0019072476199558724 0.0003346722119629322
1258 4.6585813 0.000662 0.0011878622272551115 0.0003610167266530585
1259 4.659243599999999 0.000662 0.001437754207268576 0.0003344467065184055
1260 4.659905999999999 0.000662 0.0008116767369767653 0.000347861156199239
1261 4.660568 0.000663 0.0010486099624799614 0.00035967072263308524
1262 4.6612306 0.000662 0.0017287157960373728 0.00036351027799433225
1263 4.661893 0.000662 0.0008635708769352704 0.00035171858500147824
1264 4.662555 0.000662 0.00047669647578867666 0.0002998145076692573
1265 4.6632175 0.000663 0.0009980168354397161 0.00034432719175798374
1266 4.663880000000001 0.000662 0.0007169260867857835 0.00036957418338702693
1267 4.664542 0.000662 0.0014128764841167035 0.00036443831429482386
1268 4.6652045 0.000662 0.0006741748931472216 0.00033486978581412336
1269 4.6658664000000005 0.000662 0.0009296524693113387 0.0003363556804833018
1270 4.666528700000001 0.000662 0.000636218657908452 0.00027388267564666815
1271 4.667191000000001 0.000662 0.0012851496830258461 0.00036122592587153586
1272 4.6678534 0.000662 0.0004257937547639208 0.00028891004067153783
1273 4.6685156999999995 0.000662 0.0011768841517969455 0.0003588428780384456
1274 4.669178 0.000662 0.0012015411229695718 0.0003463208284034242
1275 4.66984 0.000662 0.0002747304922194755 0.00020152238757478828
1276 4.670502 0.000662 0.0005432379051609736 0.00029346281350086067
1277 4.6711645 0.000662 0.0009893542740532179 0.00033611203722827717
1278 4.6718269999999995 0.000662 0.0008573646468398217 0.00032437744445256
1279 4.672488700000001 0.000662 0.0007436042299687906 0.0003268045892402713
1280 4.673151 0.000662 0.0009383889034670889 0.0003615108618372597
1281 4.6738133 0.000662 0.0006151272749280867 0.00037538095716453104
1282 4.674475 0.000662 0.0009136981095361108 0.0003635464509462974
1283 4.6751375 0.000662 0.0009709174338010804 0.000356860647304453
1284 4.675799400000001 0.000662 0.0012730268282551025 0.00036858726275672385
1285 4.6764617 0.000662 0.0005572040848824851 0.0002630965672122639
1286 4.677124 0.000662 0.0014009389957539491 0.00034483418328102927
1287 4.677786 0.000662 0.0004847991178385308 0.00029651833029188055
1288 4.678448 0.000662 0.001171110792935789 0.00034494570599636416
1289 4.67911 0.000662 0.000948376789869948 0.0003433834066238943
1290 4.6797724 0.000662 0.001106052702451652 0.00035627234539138843
1291 4.680434 0.000662 0.0011871420285981397 0.00037473947992651467
1292 4.681096 0.000662 0.0010048501832036008 0.0003514490920467656
1293 4.6817584000000005 0.000662 0.0008466212580617138 0.0003552954894024312
1294 4.6824203 0.000662 0.0010380071685056798 0.00034824754876901275
1295 4.6830826 0.000662 0.0007573958347447491 0.0003419248535570612
1296 4.6837444 0.000662 0.0007919153572417187 0.0003498141467150517
1297 4.684406299999999 0.000662 0.0012968026843198231 0.0003530523812404905
1298 4.685068599999999 0.000662 0.001199017317666358 0.0003645009005062736
1299 4.6857305 0.000662 0.0007416575026901619 0.00035260954798055583
1300 4.6863923 0.000662 0.0013328490537236747 0.00036573403367096905
1301 4.6870546 0.000662 0.0006592631495592469 0.00032487736923025656
1302 4.6877165000000005 0.000662 0.0012930072225656104 0.0003462893210303856
1303 4.688378299999999 0.000662 0.0010276133171878267 0.0003554687936992403
1304 4.68904 0.000662 0.0012396300014769078 0.00034916346830927373
1305 4.6897025 0.000662 0.0011734507732457271 0.0003524067143984687
1306 4.6903644 0.000662 0.00045859409143134974 0.0002787680496372402
1307 4.691026 0.000662 0.0005588871487923171 0.00032227713283775473
1308 4.691688 0.000662 0.0010102389949539687 0.0003632204518511303
1309 4.69235 0.000662 0.0008911404330123685 0.0003639728065261128
1310 4.6930118 0.000662 0.0008833865306961795 0.0003516396882121507
1311 4.6936735999999994 0.000662 0.0008408667379770747 0.00035856475924298783
1312 4.6943355 0.000662 0.0003859956863721075 0.00023752971905011892
1313 4.694998 0.000662 0.00032453109345635965 0.00024464837889013837
1314 4.6956596 0.000662 0.0010443034818725294 0.00034247072915376785
1315 4.6963215 0.000662 0.0011432705179246071 0.00034809838492060556
1316 4.6969833 0.000662 0.0007935948345794494 0.00036410841290968873
1317 4.697645 0.000662 0.0009758384853570125 0.0003573863743567047
1318 4.6983065999999996 0.000662 0.0013823244614414524 0.0003730530469410203
1319 4.6989684 0.000662 0.0014076132304259989 0.0003732748434724387
1320 4.6996303 0.000662 0.0007657638360182066 0.00035253411592919273
1321 4.700292 0.000662 0.0005311427826854653 0.00032692706896820546
1322 4.700954 0.000597 0.0009077130164406642 0.00035759892807451246
1323 4.7015514000000005 0.000662 0.001009050743829463 0.0003589122976940907
1324 4.7022133 0.000662 0.0009125112927924004 0.00034781903939250616
1325 4.702875 0.000662 0.0015892687122624947 0.00035570794980403943
1326 4.703537 0.000661 0.0006074470418874502 0.0003074514852642254
1327 4.7041984 0.000662 0.0012050345441245996 0.0003708377773139077
1328 4.70486 0.000662 0.0009541058559299281 0.00035062458001843444
1329 4.705522 0.000662 0.0006309613406641153 0.0002626901414453523
1330 4.7061839999999995 0.000661 0.0011968192357365067 0.0003569041827482925
1331 4.7068453 0.000662 0.0004709642760043542 0.00029162526707204986
1332 4.707507 0.000662 0.0013628268740339645 0.0003874756691150873
1333 4.708169 0.000661 0.0009623363138509946 0.0003534043336990865
1334 4.7088304 0.000662 0.0006304570845297534 0.00027254670665039405
1335 4.709492 0.000662 0.0006996152668256173 0.0003488200548426322
1336 4.710154 0.000661 0.000982783996106155 0.00036430447649588065
1337 4.7108154 0.000662 0.0009643972579662914 0.0003484864536387841
1338 4.7114773 0.000661 0.0014764622511629238 0.0003778438831666043
1339 4.712138700000001 0.000662 0.0009870814470587695 0.00035648174093192244
1340 4.7128005 0.000661 0.0006437414678139104 0.0003286946948378476
1341 4.713462 0.000662 0.0008045517528215236 0.00035151261332106684
1342 4.7141237 0.000661 0.0007694319745738321 0.0003457880476626019
1343 4.714785 0.000662 0.0009777278923546351 0.00034731382848940905
1344 4.715447 0.000661 0.0004905203780067284 0.0003032975688545851
1345 4.7161083 0.000662 0.0011618750197135163 0.0003469940016490978
1346 4.7167699999999995 0.000662 0.001036500473853305 0.0003663380049184794
1347 4.7174315 0.000661 0.0007932258640509424 0.00034461754399189837
1348 4.718093 0.000662 0.0007152535144771849 0.00034595509154266207
1349 4.718755000000001 0.000661 0.001175941312617269 0.0003778537035351417
1350 4.719416000000001 0.000661 0.000633221490768702 0.00033268529855985483
1351 4.7200775 0.000662 0.0006433583910971864 0.0002967388695874675
1352 4.7207394 0.000661 0.0006236336997430403 0.00033378429041664543
1353 4.7214007 0.000661 0.00030551479944506196 0.00022081239233882538
1354 4.722062 0.000661 0.000623248495397024 0.00031091322831274865
1355 4.7227235 0.000662 0.0010251116290557558 0.0003323792909468689
1356 4.7233852999999995 0.000661 0.0006300105451901899 0.0002756687327513911
1357 4.724046700000001 0.000661 0.001609501683616669 0.0003525641449019528
1358 4.724708000000001 0.000661 0.0012714701564445494 0.0003669393954047756
1359 4.7253695 0.000661 0.0006971402160954605 0.0003350472625535618
1360 4.726031 0.000662 0.001439789059332288 0.00035933290404808034
1361 4.7266927 0.000661 0.0009701482780931226 0.00034164814015610304
1362 4.727354 0.000661 0.0007034135491779633 0.00034709744635807283
1363 4.7280154 0.000662 0.0006074480127086912 0.00033181917704030143
1364 4.728676999999999 0.000661 0.0014245231379096718 0.00038245088723079307
1365 4.729337999999999 0.000662 0.001146701636577124 0.00036141946959880833
1366 4.7299995 0.000662 0.0005993537300972784 0.0003249811071066741
1367 4.7306610000000004 0.000661 0.0006491218094529288 0.0003165721515531641
1368 4.7313222999999995 0.000661 0.0009502981800193543 0.000366883090995431
1369 4.7319837 0.000661 0.0009803578216933527 0.00035944056734695375
1370 4.732645 0.000661 0.0010831656435063754 0.00034542879767383784
1371 4.733306400000001 0.000662 0.0011938317143240314 0.0003693463770331274
1372 4.733968 0.000661 0.0009224782376264521 0.0003495681610984144
1373 4.734629 0.000661 0.0007494613601868623 0.0003560507318175953
1374 4.73529 0.000661 0.0009085807715014807 0.00034108634014054496
1375 4.7359514 0.000662 0.0013807997900775854 0.0003708382313556001
1376 4.736612999999999 0.000661 0.0005462755072548947 0.0003233185831214127
1377 4.737274 0.000662 0.0010114673283726082 0.00035848671917918136
1378 4.737935500000001 0.000661 0.0009728417426521783 0.00036865955602382076
1379 4.7385964000000005 0.000662 0.0013820879427015353 0.0003622801693872137
1380 4.739258 0.000661 0.0009831151562489765 0.0003527724667652241
1381 4.739919 0.000662 0.0016690097734199528 0.0003813530823681294
1382 4.7405805999999995 0.000661 0.00037054106110035427 0.0002705780925806699
1383 4.7412415 0.000661 0.0011377561738183746 0.00037361402314972024
1384 4.741903 0.000661 0.0017223101234134042 0.0003978352157306725
1385 4.742564 0.000661 0.0006553805505087749 0.0003214873940215005
1386 4.743225 0.000661 0.0012857695875165816 0.0003539739851565763
1387 4.7438864999999995 0.000662 0.0006299032924688744 0.00032161669717512844
1388 4.7445483 0.000661 0.0005924516201102826 0.0003148225284194301
1389 4.745209 0.000662 0.0005052573506276858 0.0003051277111663619
1390 4.7458706 0.000661 0.0007444438635120669 0.0003337509365324066
1391 4.746531500000001 0.000661 0.0009661449985090787 0.0003727822482458789
1392 4.747193 0.000661 0.0013138060811910442 0.00035757010965208633
1393 4.7478538 0.000661 0.0008578613160639075 0.0003433572965222047
1394 4.748515 0.000661 0.0014135736959659333 0.00037772664518703617
1395 4.749176 0.000661 0.0016947697567969847 0.00040303534886334505
1396 4.7498374000000005 0.000661 0.0012603564465156266 0.00037507342972603787
1397 4.7504983 0.000661 0.0004941737005123774 0.00030273494537983234
1398 4.7511589999999995 0.000662 0.0006836130271752094 0.00036399487188136666
1399 4.751820599999999 0.000661 0.0008774036261886573 0.00035790475086806736
1400 4.7524815 0.000661 0.0006359974015192287 0.00028459161028567193
1401 4.753143 0.000661 0.0009974311637824542 0.00036541037935969436
1402 4.753803700000001 0.000661 0.0008685450404066589 0.0003413611945637785
1403 4.7544645999999995 0.000661 0.00041968404058949176 0.000267071418989716
1404 4.7551255 0.000662 0.0009930365062848674 0.0003700342373398647
1405 4.755787000000001 0.000661 0.00035234937972792105 0.00021946605403404176
1406 4.756448000000001 0.000661 0.0009459406458191004 0.00036383926825583787
1407 4.7571087 0.000661 0.002029059779368642 0.00036968223024625433
1408 4.7577696 0.000596 0.0013438125385601227 0.00036480480916730124
1409 4.7583660000000005 0.000661 0.0007866225032053143 0.0003508194794248898
1410 4.759027 0.000661 0.0011895659859999087 0.0003610253111049978
1411 4.759688 0.000661 0.0017834217496858398 0.0004158949132842009
1412 4.760349 0.000661 0.0006730675299348976 0.00033716549639348085
1413 4.7610097 0.000661 0.0014842467200972644 0.00040270312863539414
1414 4.7616705999999995 0.000661 0.0012448126783414328 0.00037688323761169606
1415 4.7623315 0.000661 0.0005463178883494537 0.0003042104529034771
1416 4.762992400000001 0.000661 0.0009790897397784777 0.0003887528497579407
1417 4.7636533 0.000661 0.0009010483918213904 0.00035957286419150986
1418 4.764314 0.000661 0.0006138576938908987 0.0003112052768186799
1419 4.764975 0.000661 0.000824764097671762 0.00035491816595074427
1420 4.765636 0.000661 0.0007599864229485843 0.0003717447728657392
1421 4.766297 0.000661 0.0005553279233239125 0.0003228353680550884
1422 4.7669578 0.000661 0.0012008100735989293 0.0003858783917916279
1423 4.767618700000001 0.000661 0.0006753607413067485 0.00032975273811331265
1424 4.7682796 0.000661 0.0019157566168999372 0.00040896695549343207
1425 4.7689404 0.000661 0.0004124632563192754 0.00028521797791498927
1426 4.7696013 0.000661 0.0004982589795779333 0.0003093002997432311
1427 4.770262000000001 0.000661 0.0013665699182274678 0.00038607104529767624
1428 4.7709227 0.000661 0.0006996131250489863 0.00034812763851555477
1429 4.7715836 0.000661 0.000943201574032103 0.0003728767648741828
1430 4.7722445 0.000661 0.0012232923916861886 0.0003808189113432693
1431 4.7729053 0.000661 0.001517184619366749 0.00037503727675768187
1432 4.773566000000001 0.000661 0.0015967794512065003 0.00038570703102469773
1433 4.7742267 0.000661 0.000943607920882461 0.0003496219217928387
1434 4.7748876 0.00066 0.0014172944514871566 0.00036769863337902015
1435 4.775548000000001 0.000661 0.0009981962460972559 0.0003778748276421774
1436 4.776209 0.000661 0.0013850056866532366 0.00038608843602474884
1437 4.77687 0.00066 0.001238272329858485 0.00035998802957177113
1438 4.7775300000000005 0.000661 0.0003569184117049685 0.0002701726287905811
1439 4.7781910000000005 0.00066 0.0014030560581393928 0.000395075691781567
1440 4.7788515 0.000661 0.0007164465545927041 0.00033974039820937395
1441 4.779512400000001 0.000661 0.00039471591889364197 0.0002239681366688554
1442 4.7801733 0.00066 0.0007685743252527139 0.0003648682420061412
1443 4.7808337 0.000661 0.0014666910544388495 0.00044129695898057516
1444 4.781494599999999 0.00066 0.001446875503119531 0.0003970131386937611
1445 4.782155 0.00066 0.00043530932893592086 0.00028619361472557563
1446 4.7828155 0.000661 0.0010514524712967003 0.00037999645632093597
1447 4.7834764000000005 0.000661 0.001215467980863184 0.0003696151353156879
1448 4.784137 0.000661 0.00048356663069571955 0.00030604957494430763
1449 4.7847976999999995 0.00066 0.00040740385377905025 0.0002549879148767123
1450 4.785458 0.00066 0.0018303290431276199 0.00037298822240299504
1451 4.7861185 0.000661 0.0008552480844839242 0.00034739350015517003
1452 4.7867794 0.000661 0.0005966027431235027 0.0003445843288360022
1453 4.78744 0.000661 0.0008650505846362019 0.000383565843731944
1454 4.7881007 0.000661 0.0006551781380782023 0.00034379023724462007
1455 4.788761599999999 0.00066 0.0013916350972524502 0.00035075954663629593
1456 4.789422 0.00066 0.0010424146514713354 0.0003769323254257192
1457 4.7900825 0.000661 0.0010601158042903595 0.00035385002165551604
1458 4.790743 0.000661 0.0011401678277137524 0.00037364079891371584
1459 4.791404 0.00066 0.0008917286338093638 0.0003543354670939308
1460 4.792064 0.000661 0.0004149626425183194 0.00026948245754370787
1461 4.7927246 0.00066 0.0007516652655628878 0.000355909447865399
1462 4.793385 0.00066 0.00041567253528001407 0.00030024085537937786
1463 4.794045400000001 0.000661 0.0009569171651390647 0.00037912917390385076
1464 4.794706 0.00066 0.0003298060930787944 0.00024219146009774018
1465 4.7953663 0.00066 0.0019981440714895147 0.000437700717985005
1466 4.7960267 0.00066 0.000586500411948667 0.00031621774366792134
1467 4.796687 0.00066 0.0014695785254026242 0.0003874739112600707
1468 4.7973475 0.000661 0.0004648894248877471 0.00030920799995817966
1469 4.798008 0.00066 0.0010104012293285483 0.00033415817473149293
1470 4.7986684 0.000661 0.001029724267741102 0.00037525266627035537
1471 4.799329 0.00066 0.0004697494755005198 0.00028036086700650024
1472 4.799989 0.000661 0.0007455700245041009 0.000341437612451044
1473 4.8006496 0.00066 0.0005274357634310456 0.00033992948989135127
1474 4.80131 0.000661 0.0009863648761463267 0.00037670190501628095
1475 4.8019705 0.00066 0.0013013688857414153 0.00039605989996132143
1476 4.802631 0.00066 0.0009805158539029802 0.00038083730216451316
1477 4.8032913 0.00066 0.0006306237707045105 0.0003504999475367082
1478 4.8039513 0.00066 0.0006435949232692431 0.00033561041652406645
1479 4.8046117 0.00066 0.0011735135098304896 0.00037842990046400426
1480 4.805272 0.00066 0.0010765416868499865 0.0003811673419505843
1481 4.8059325 0.00066 0.0009915400817942966 0.0003802390046497118
1482 4.806592500000001 0.00066 0.00044483248446992776 0.00030078873760630955
1483 4.807253 0.00066 0.0005275797850804454 0.00032202472399568444
1484 4.8079133 0.00066 0.0009623287856161672 0.00036817836290218534
1485 4.8085732000000005 0.00066 0.00127143609665774 0.0004062303750433735
1486 4.8092337 0.00066 0.00040408661732243824 0.0002735422441522902
1487 4.809894 0.000595 0.0007131536159412126 0.00034638394575892324
1488 4.810489 0.000661 0.0010285643676094041 0.0003758657544563682
1489 4.8111496 0.00066 0.0005171170565901894 0.00030924154401026677
1490 4.8118095 0.00066 0.000988259517252294 0.0003851218538427178
1491 4.812469999999999 0.00066 0.0010164800863513748 0.00038030291049759687
1492 4.81313 0.00066 0.0017434866290519564 0.0004063731722554535
1493 4.8137903 0.00066 0.0011540704782156256 0.0003800616949992985
1494 4.8144503 0.00066 0.00023740473022866156 0.00019930199296070472
1495 4.8151107 0.00066 0.0013437848530013596 0.0004026713994475926
1496 4.8157706 0.00066 0.0015798730820978128 0.00042031918281946426
1497 4.8164305999999995 0.00066 0.00035630303159954105 0.0002666546088130307
1498 4.8170910000000005 0.00066 0.0013164775964216073 0.00039025600969101276
1499 4.817751 0.00066 0.0007277927127932537 0.0003396998729298419
1500 4.8184114000000005 0.00066 0.0013212760017857611 0.0003827373850382204
1501 4.819071299999999 0.00066 0.001270948514693735 0.00037886661951518096
1502 4.819731 0.000661 0.0010483060179420952 0.0003720913848820382
1503 4.8203917 0.00066 0.0009381796213707229 0.0003648613975617806
1504 4.8210516 0.00066 0.0009095326467229658 0.0003714230322573406
1505 4.8217115 0.00066 0.0012422194996250394 0.00039024768374381404
1506 4.8223715 0.00066 0.0005412666638393604 0.0003247676251404663
1507 4.8230319999999995 0.00066 0.0017837235365516502 0.0003767338097892201
1508 4.823691999999999 0.00066 0.00048695130724974524 0.0003083845986937659
1509 4.824351999999999 0.00066 0.0007473055111090453 0.0003793093720517465
1510 4.8250117 0.00066 0.0007517959711777689 0.000329713393562096
1511 4.8256717 0.00066 0.0008604640826038449 0.00038000911336860677
1512 4.8263316 0.00066 0.001849911247558678 0.0004158908833225765
1513 4.8269915999999995 0.00066 0.0006820460498078774 0.00034927698057929873
1514 4.827652 0.00066 0.0012238095290979024 0.0003658249795915703
1515 4.828312 0.00066 0.0014125437410622253 0.00042962991789143935
1516 4.828972 0.00066 0.0008390989447867931 0.00038587254686557463
1517 4.829632 0.00066 0.001455765759056323 0.0003961471882208217
1518 4.8302917 0.00066 0.001286833605621969 0.00037719263105239154
1519 4.830952 0.00066 0.0007055017202612341 0.00035781662653304783
1520 4.831612000000001 0.00066 0.0006881550313503956 0.0003599142646232993
1521 4.832272 0.00066 0.0013307441371762847 0.00041599473316529864
1522 4.8329315 0.00066 0.0007853669659028306 0.0003539929615410958
1523 4.8335915 0.00066 0.0009338997336719246 0.0003809690414834494
1524 4.8342514 0.00066 0.0007744472292030589 0.00033760333821919875
1525 4.8349113 0.00066 0.0005766951584946085 0.00033978462529012234
1526 4.8355713 0.00066 0.00033812769110068376 0.0002607179585089097
1527 4.836231 0.00066 0.0007206708284535424 0.00036413188815827914
1528 4.8368907 0.00066 0.0013025475405688371 0.00040282532001919354
1529 4.837550599999999 0.00066 0.000949236053463503 0.0003369141179569619
1530 4.8382106 0.00066 0.0014594192578203152 0.0004056807301117886
1531 4.8388705000000005 0.000659 0.0007513115204164709 0.0003793310177880632
1532 4.83953 0.00066 0.0011762201712311525 0.000396451942680411
1533 4.84019 0.00066 0.0012382232008255752 0.00037748432726618597
1534 4.84085 0.000659 0.0005447180753852977 0.0003581374626205435
1535 4.8415093 0.00066 0.0006303284886780794 0.000351721465372136
1536 4.8421693 0.00066 0.0009498269171409568 0.00038602383240052176
1537 4.842829 0.00066 0.0007485161240310818 0.0003647915866073365
1538 4.8434887 0.00066 0.0012528937881957298 0.0003906890149352471
1539 4.8441486 0.000659 0.0005404573685080384 0.00030684897271895353
1540 4.8448080000000004 0.00066 0.001689544120276767 0.00038664859525247363
1541 4.845468 0.00066 0.0006368356441584914 0.0003227602776338401
1542 4.846127500000001 0.00066 0.0008877163996045226 0.00035718577877199637
1543 4.8467875 0.00066 0.0007684790688596288 0.000348299964113965
1544 4.847447 0.00066 0.0014379303190405683 0.0003862740899957314
1545 4.848107 0.000659 0.0010260177645698041 0.00039471439578825867
1546 4.8487663 0.00066 0.0009550183043434329 0.0003835805904224537
1547 4.8494263 0.000659 0.0008627433768094914 0.0003884447990479259
1548 4.8500857 0.000659 0.0012543130022125847 0.00038978250327445144
1549 4.850745 0.00066 0.0005128205191097413 0.00030378312736806647
1550 4.851405000000001 0.00066 0.0005187233931265493 0.0003242406981669483
1551 4.852064599999999 0.000659 0.00037024944285978537 0.00024313447012465984
1552 4.852723999999999 0.00066 0.0007545355771338118 0.0003449210620474783
1553 4.853383999999999 0.00066 0.0008078124842045108 0.0003826510784169917
1554 4.8540434999999995 0.00066 0.001478047583777228 0.0003955595288916661
1555 4.854703 0.000659 0.001487975113102327 0.0004108277592615418
1556 4.855362400000001 0.00066 0.000655827117547789 0.0003650747221960014
1557 4.856022 0.00066 0.0009501159875127069 0.0005270271082213606
1558 4.856682 0.000659 0.0009846314457438434 0.0003787532596698535
1559 4.8573413 0.00066 0.0008737860340093882 0.0003800690230048414
1560 4.8580008 0.000659 0.0010457869543042553 0.000399988610478699
1561 4.8586599999999995 0.00066 0.000462866923135835 0.00032518129790707955
1562 4.8593197 0.000659 0.0009438834625702907 0.00037803038249441864
1563 4.859979 0.00066 0.0011334039008401864 0.000364746361895426
1564 4.8606386 0.000594 0.0013247904981491196 0.0003872832023120018
1565 4.8612328 0.000659 0.0005582999469840969 0.00033710703739845755
1566 4.861892 0.00066 0.0004754928140613519 0.00032573560960308075
1567 4.8625517 0.000659 0.000523669220729491 0.0003181798304488179
1568 4.863211 0.00066 0.001148238938451821 0.0003936539809645517
1569 4.863871 0.00066 0.0003652468583532032 0.00026389548495687733
1570 4.864530599999999 0.000659 0.0014443174916536215 0.00040984452552533324
1571 4.86519 0.00066 0.0011557098022446349 0.00040353118032045827
1572 4.8658495 0.000659 0.0006278862684516568 0.00034203323682803434
1573 4.866509 0.000659 0.0011731329407134237 0.00040108272921930455
1574 4.8671684 0.00066 0.0010630332053929528 0.0004005682437397872
1575 4.867828 0.000659 0.0009248057693266575 0.00038305259412150795
1576 4.868487 0.000659 0.0013479846795361077 0.00038262014939159205
1577 4.8691463 0.00066 0.0008456421052618111 0.0003581509896673318
1578 4.869806 0.000659 0.0009351867163053311 0.00038871660425819534
1579 4.8704653 0.000659 0.0004000267137760976 0.0002820599059220037
1580 4.871124299999999 0.000659 0.0007113292877722257 0.0003775399678288825
1581 4.8717837 0.000659 0.001578762885884847 0.0004050944515425316
1582 4.872443 0.000659 0.0014570124756147081 0.00040790244762704163
1583 4.873101999999999 0.00066 0.0014997302092262567 0.0004160364378805644
1584 4.8737617 0.000659 0.000902382750486332 0.00038391449009255043
1585 4.874421 0.000659 0.001684123371062248 0.00041450663590756416
1586 4.8750800000000005 0.00066 0.0010675496184498077 0.00041137717819624757
1587 4.875739599999999 0.000659 0.0014433725488235828 0.0004078893306583237
1588 4.8763986 0.000659 0.0008661514089474812 0.0004119099352069135
1589 4.877058 0.000659 0.000639225235799038 0.0003453165708306497
1590 4.877717 0.00066 0.00040070956164979456 0.00027276851558902997
1591 4.8783765 0.000659 0.0012792456901562273 0.00038965057955518163
1592 4.8790355000000005 0.000659 0.0008126089615354118 0.0003755452912205733
1593 4.879695 0.000659 0.0010299223542949716 0.0004021634552949141
1594 4.8803540000000005 0.000659 0.0013087235227320626 0.0004958212230733206
1595 4.881012999999999 0.000659 0.0012222789820276279 0.00039692912183990207
1596 4.8816724 0.000659 0.0010820013755109199 0.00038871124615575385
1597 4.882331400000001 0.000659 0.0008008877480950941 0.0003704043025807809
1598 4.882990400000001 0.00066 0.0015601146854640946 0.0003992031897915418
1599 4.88365 0.000659 0.0009454599310668305 0.00038644284688149746
1600 4.884309 0.000659 0.0015062071131768907 0.00042235291691168435
1601 4.884968 0.000659 0.0009436152707706863 0.00038584073760566863
1602 4.8856273 0.000659 0.000790027350323867 0.00038885242342589187
1603 4.8862863 0.000659 0.0004288957443984266 0.00030284064030554293
1604 4.8869452 0.000659 0.0004243530468499251 0.00029655411722980494
1605 4.8876040000000005 0.000659 0.001141623644387441 0.0003994591421941088
1606 4.888262999999999 0.00066 0.0009906888898222077 0.0004146692548772638
1607 4.8889227 0.000659 0.0012940587756426728 0.0004194922900433627
1608 4.8895817 0.000659 0.0007986421274917949 0.000367704279286135
1609 4.8902407 0.000659 0.0003297796076604064 0.0002511267138968803
1610 4.8908997 0.000659 0.0011686326108382961 0.0004019440553391636
1611 4.8915586 0.000659 0.0004058372335211396 0.00024177664542054218
1612 4.8922176 0.000659 0.0008214275568961801 0.0005985784886717465
1613 4.892876599999999 0.000659 0.0008495937482651067 0.0005819159472179955
1614 4.8935356 0.000659 0.0005736543095243785 0.00048270150587146455
1615 4.8941946 0.000659 0.0007620667293066527 0.0003840399996441087
1616 4.894853599999999 0.000659 0.0006557601535226303 0.00036632052376982683
1617 4.8955126 0.000659 0.0007928283708648844 0.00040466707091245776
1618 4.8961716 0.000659 0.0009812441126056035 0.00036831464819009303
1619 4.8968305999999995 0.000659 0.0009025331202598116 0.0003711549392462649
1620 4.8974895 0.000659 0.0015804917362050909 0.00044530239801841387
1621 4.8981485000000005 0.000659 0.0013187857432975542 0.0004110852179628688
1622 4.898807499999999 0.000659 0.0005973673688359366 0.00035433598212654475
1623 4.8994665 0.000659 0.0012779016005146015 0.000412092672449048
1624 4.9001255 0.000659 0.0013232170454209838 0.0004012443380847823
1625 4.900784 0.000659 0.0012135950534115476 0.0003958714002682199
1626 4.901443 0.000659 0.0009808035057064053 0.00036881480603239135
1627 4.902101999999999 0.000659 0.0005550487527615429 0.00032903919438742406
1628 4.902761 0.000659 0.0013415692791957526 0.0003813169335892591
1629 4.9034195 0.000659 0.0010688254826915118 0.00037481709908357094
1630 4.904078500000001 0.000659 0.0010060270935452953 0.00038453582794234124
1631 4.9047375 0.000658 0.000940749541158876 0.0003816024333636868
1632 4.905396 0.000659 0.00038568653049546537 0.000282879523205341
1633 4.906055 0.000659 0.0004910337686702923 0.0002887528038569872
1634 4.9067135 0.000659 0.0008198033410563608 0.0004046452608540391
1635 4.9073725 0.000658 0.0008427778242674922 0.0003589900185267575
1636 4.908030999999999 0.000594 0.0008508804444509189 0.00037726260403160377
1637 4.9086246 0.000658 0.0003643845534285034 0.0002746287086926854
1638 4.909283 0.000659 0.0006804847835889771 0.00036865367826681444
1639 4.909942 0.000659 0.0015550670304935138 0.00039789414329365963
1640 4.910600700000001 0.000659 0.0005333249385740388 0.00032011108553354914
1641 4.9112597000000004 0.000658 0.0007239387897471516 0.0003738817168189486
1642 4.911918 0.000659 0.0011721193882026578 0.00041218374493289406
1643 4.9125767 0.000659 0.0010641765077664554 0.00038202601512544467
1644 4.9132357 0.000658 0.0009222504146243715 0.0003468055612612089
1645 4.913894 0.000659 0.0011400211991274337 0.00036898784117106996
1646 4.9145527 0.000659 0.0010208492070407625 0.00039246360496307384
1647 4.9152116999999995 0.000658 0.0004834362211634372 0.0003236957513819063
1648 4.91587 0.000659 0.0010928462250017067 0.00041636618816199666
1649 4.916528700000001 0.000658 0.0016613211023984945 0.0004340649996794019
1650 4.917187 0.000659 0.0015787804877057208 0.0004222050282130984
1651 4.917846 0.000659 0.0015745376246991682 0.0004069325232153406
1652 4.9185047 0.000658 0.0012109628791910805 0.00041985335385762173
1653 4.919163 0.000659 0.0017771675672969196 0.0004133885161812808
1654 4.919821700000001 0.000659 0.0017677104591490133 0.00044667173006634987
1655 4.9204803 0.000659 0.0008450470413151742 0.0003710915906396068
1656 4.921139 0.000658 0.0004418111010270326 0.0003023774770298738
1657 4.9217973 0.000659 0.0016865321730928909 0.0004182690568229646
1658 4.9224559999999995 0.000658 0.0006294329182517315 0.0003580589430648155
1659 4.9231143 0.000659 0.0007040023878117605 0.0003583272205377325
1660 4.923773000000001 0.000658 0.0014178527029734816 0.00039721462460593437
1661 4.924431299999999 0.000659 0.000696792760276471 0.00036071036382299417
1662 4.92509 0.000658 0.0021174123287670773 0.0004098206963304372
1663 4.9257483 0.000659 0.0003297056302472655 0.00025279861676515006
1664 4.926407 0.000658 0.0008524906690459936 0.00038098539561651543
1665 4.9270654 0.000659 0.0011127825424028352 0.0004144219264638992
1666 4.9277239999999995 0.000658 0.0005371961198666784 0.00028521589384760337
1667 4.9283824 0.000659 0.0013826530986016138 0.0004274041018843515
1668 4.929041000000001 0.000658 0.0003616812448446005 0.00027587501151823393
1669 4.9296994000000005 0.000658 0.0016919594347387646 0.00042389682162354854
1670 4.9303574999999995 0.000659 0.0008386400597598016 0.0003523076765784906
1671 4.931016400000001 0.000659 0.001154488405812667 0.0004111588020845812
1672 4.931675 0.000658 0.0010955224413150663 0.0004021845621770976
1673 4.9323334999999995 0.000658 0.0006681206555008547 0.00034422166921935097
1674 4.9329915 0.000659 0.0009805806957618594 0.00039867154866516784
1675 4.93365 0.000659 0.000635961839923107 0.00034469250441436635
1676 4.9343085 0.000658 0.0005949563643726184 0.0003514235192506293
1677 4.9349666 0.000658 0.0014435053947390209 0.0004035221521419276
1678 4.935625 0.000659 0.0012678523750283548 0.0004104341093992647
1679 4.936283599999999 0.000658 0.0009230334939585981 0.0004145029600809803
1680 4.9369416 0.000658 0.0005985430309708459 0.00033089812168186585
1681 4.9376 0.000658 0.001338889436831769 0.0004261615598538156
1682 4.938258 0.000659 0.0005134576840668725 0.0003379161166890122
1683 4.9389167 0.000658 0.0006297183785993593 0.0003743788254154273
1684 4.9395747000000005 0.000658 0.0002917543510360178 0.000237376501072449
1685 4.940233 0.000658 0.000477903368494787 0.00031789116531376056
1686 4.9408913 0.000659 0.0005865822924285321 0.00026560460371434865
1687 4.94155 0.000658 0.0009237009989261053 0.00038490595605158724
1688 4.942208 0.000658 0.00046169963593150953 0.000286882997045607
1689 4.942866 0.000658 0.0007169030890895979 0.0003749093797515316
1690 4.9435244 0.000658 0.0012861871110065137 0.00040792914860609484
1691 4.9441824 0.000658 0.0012727390925759586 0.0004262446881414232
1692 4.9448404 0.000659 0.0010334496594765073 0.000395854433765569
1693 4.945499 0.000658 0.0004790293282304758 0.00032417931719047046
1694 4.946157 0.000658 0.0005335740238028749 0.0003304867975223384
1695 4.946815 0.000658 0.0005292788203420352 0.0003286693029514003
1696 4.9474730000000005 0.000659 0.0006931513690146986 0.00032356804983334686
1697 4.9481316 0.000658 0.0005197140074982983 0.00034064984632538396
1698 4.9487896 0.000658 0.0014409777023949575 0.0004324920608965744
1699 4.949447599999999 0.000658 0.0013039393901385307 0.0004209173014662572
1700 4.9501057 0.000658 0.00105485124423876 0.00042096055308890677
1701 4.9507637 0.000658 0.0006708108925888972 0.00035396726043639354
1702 4.9514217 0.000658 0.0016663354583868989 0.00040893579363454944
1703 4.9520800000000005 0.000658 0.000920027747102805 0.0003739837096299401
1704 4.952738 0.000658 0.0013565291913540715 0.0003954039819077888
1705 4.953396 0.000658 0.0005705186594143481 0.00033858010589191806
1706 4.954054 0.000593 0.0009612281919251974 0.0003346083334513793
1707 4.954646599999999 0.000658 0.0008164709853417769 0.0004023406205593324
1708 4.9553046 0.000658 0.0006510771453068429 0.00037695867468635127
1709 4.9559627 0.000658 0.0009157456880345342 0.00040977270533351596
1710 4.9566207 0.000658 0.0013632463424024996 0.00042097897414298445
1711 4.957278700000001 0.000658 0.000344481703501256 0.0002578005223207725
1712 4.957937 0.000657 0.0013672598890157365 0.0004111793074225002
1713 4.9585943 0.000658 0.0005587284795495515 0.00034089015866841006
1714 4.9592524000000004 0.000658 0.0005915820199095264 0.0003542304732664379
1715 4.959910400000001 0.000658 0.0006075595911149741 0.0003044643940977736
1716 4.9605684000000005 0.000658 0.0008962185661931764 0.0003998376462669171
1717 4.9612264999999995 0.000657 0.0011024411655736622 0.0004187362497822393
1718 4.9618839999999995 0.000658 0.0005290276458608387 0.00033179760156773144
1719 4.962542 0.000658 0.00043056620337714576 0.0003050983555396615
1720 4.9632 0.000658 0.000830816005752011 0.0003859455036042449
1721 4.963858 0.000658 0.0007945570201737756 0.00040856729236524555
1722 4.964516000000001 0.000658 0.0019083599323048935 0.00040277000459377604
1723 4.965174 0.000658 0.0007163948246401969 0.00033333084292060274
1724 4.9658318 0.000658 0.0008640134506502267 0.00037068223336983875
1725 4.96649 0.000658 0.0004338473532757995 0.0002815406505063495
1726 4.967148 0.000657 0.0006956432872135272 0.00038530437949238066
1727 4.9678054000000005 0.000658 0.0005357191887875502 0.00035079500059847276
1728 4.968463400000001 0.000658 0.0008058471640929719 0.0003943887067845303
1729 4.969121 0.000658 0.0006561280668460503 0.00039500268518251975
1730 4.969779 0.000658 0.0011002520052076467 0.00041437333332325875
1731 4.970436599999999 0.000658 0.000836519171002474 0.0004139976226062654
1732 4.9710946 0.000657 0.0009029072684835138 0.0004040668441971109
1733 4.9717519999999995 0.000658 0.0011201777685629266 0.00042553783935083935
1734 4.9724097 0.000658 0.0008354689061009595 0.0003657932341010448
1735 4.9730678 0.000657 0.0007137050191578045 0.0003730721363394749
1736 4.9737253 0.000658 0.0015826226179352402 0.000429592445312863
1737 4.974383 0.000658 0.0011740088843605898 0.0003943006074584365
1738 4.975041 0.000657 0.0008050425677521621 0.0003957295407776919
1739 4.9756985 0.000657 0.0012559739457327116 0.00040440000310270084
1740 4.976356 0.000658 0.000997262703112907 0.00041045476611852494
1741 4.9770136 0.000658 0.0009488269427198521 0.00040957861199770275
1742 4.977671599999999 0.000657 0.000490493684808203 0.0003335871784943409
1743 4.9783290000000004 0.000658 0.0008852925929201499 0.0002910918155099658
1744 4.9789867 0.000658 0.0004391386105769185 0.00032403646172752534
1745 4.9796443 0.000658 0.00037720109913865006 0.0002853826230089878
1746 4.980302 0.000657 0.001508145443954023 0.0004096024921689422
1747 4.980959400000001 0.000658 0.0007941943856914795 0.0003897186605868595
1748 4.981617 0.000658 0.0010012333585052203 0.00040164756583525787
1749 4.982275 0.000658 0.001092971497625816 0.0004348872844784982
1750 4.982932599999999 0.000657 0.0007129197500939072 0.0003501918665296458
1751 4.98359 0.000658 0.0006842064256941238 0.0003265144156676955
1752 4.9842477 0.000657 0.001193109075614554 0.00043057437826525677
1753 4.9849052 0.000657 0.0018616198507636938 0.0004250837638986148
1754 4.9855623 0.000658 0.00040235018993550937 0.0003029033753581192
1755 4.986219999999999 0.000657 0.0012028800876558376 0.00038824533124082487
1756 4.986877400000001 0.000658 0.0005110112649241737 0.000341819248224242
1757 4.987535 0.000658 0.0015134379235413565 0.0003914321426388048
1758 4.9881926 0.000657 0.0010395362899918107 0.000393852922371679
1759 4.98885 0.000658 0.0010811951527036102 0.0004154056942841618
1760 4.989507700000001 0.000657 0.00047327062805840956 0.0003032253306806051
1761 4.9901648000000005 0.000657 0.0006893140283435315 0.0003941087625230911
1762 4.9908223 0.000658 0.0007887171055925623 0.0003324237141017292
1763 4.99148 0.000657 0.0016256338661011162 0.00043924150710191687
1764 4.992137400000001 0.000657 0.0003957552286120446 0.0003025440360554832
1765 4.9927945 0.000657 0.001346539548341774 0.0004365142864422185
1766 4.993452 0.000658 0.0007515023356808722 0.00035658012250289905
1767 4.9941096 0.000657 0.0012415277919287414 0.0004322930057372462
1768 4.9947667000000004 0.000658 0.0007235098054666911 0.00036522093563780603
1769 4.9954243 0.000658 0.0005887840604339073 0.0003559549427844093
1770 4.996082 0.000657 0.0011136155662681401 0.00042400266468121993
1771 4.996739 0.000592 0.0014491151161340077 0.00043230576253833365
1772 4.9973307 0.000657 0.0008880474216871048 0.00041595676521851685
1773 4.997987999999999 0.000658 0.0009004261066908391 0.00042081881603940163
1774 4.998646 0.000657 0.0005656279143372478 0.0003366107793475706
1775 4.999303 0.000657 0.0009042176866802335 0.0004315101699468116
1776 4.999960400000001 0.000657 0.0012220156368264676 0.00043004659490927083
1777 5.000617500000001 0.000657 0.000776211046483019 0.00041119044776773817
1778 5.001275 0.000657 0.0014805195769370637 0.00047233976187935394
1779 5.001932 0.000657 0.0012387679183420157 0.0004732971271627067
1780 5.0025889999999995 0.000658 0.0009801278002138914 0.00044491677939355117
1781 5.003247 0.000657 0.0011964155883868366 0.0004477363941290083
1782 5.003904 0.000657 0.0008346789687544942 0.0004135221691966886
1783 5.004561 0.000657 0.001549634736497605 0.0004179169782124891
1784 5.0052185 0.000657 0.0005841790105132917 0.00036695124023529413
1785 5.0058755999999995 0.000657 0.0005150572240658285 0.0003510218121250104
1786 5.0065327 0.000657 0.0011475012867331609 0.0003826230150387456
1787 5.0071898 0.000657 0.0008719197084514503 0.00035593250591653994
1788 5.007847 0.000657 0.0008928870178131698 0.00038990368149719216
1789 5.0085044000000005 0.000657 0.0006624531875486419 0.00036081816134023
1790 5.009161499999999 0.000657 0.0010073262311789725 0.00042105286426076906
1791 5.009818599999999 0.000657 0.0011215302020430977 0.00042681956214353414
1792 5.0104755999999995 0.000657 0.0005612269478895795 0.0003125842745111357
1793 5.0111327 0.000657 0.0011141206685096653 0.00042115671434901744
1794 5.01179 0.000657 0.0015160204899721797 0.0004380579466185742
1795 5.012447 0.000657 0.0006522465088750636 0.00035528937376584516
1796 5.013104 0.000657 0.000988068399909111 0.00041951063296148227
1797 5.013761 0.000657 0.0005547511592092235 0.00035633278950434553
1798 5.014418 0.000657 0.00210512302726892 0.0004498110080668975
1799 5.015075 0.000657 0.0005839851635061343 0.00035820035988452803
1800 5.0157323 0.000657 0.0009795036512379317 0.0004113387677595137
1801 5.0163894 0.000657 0.0005781229246028708 0.000356638152003496
1802 5.017046499999999 0.000657 0.0010763821592028571 0.00043987955820022374
1803 5.017703 0.000657 0.0011662275705754048 0.0004106091410445085
1804 5.0183599999999995 0.000657 0.0011037086702231122 0.0004250769459092446
1805 5.019017 0.000657 0.0005340905332171772 0.0003668808737193223
1806 5.019674299999999 0.000657 0.000588969894214626 0.0003551725080249298
1807 5.020331400000001 0.000657 0.0005111817068915483 0.0003212909758150635
1808 5.020988 0.000657 0.0013084914005708343 0.00043673252930775773
1809 5.0216449999999995 0.000657 0.0010147720923597114 0.0004178949986258877
1810 5.022302 0.000657 0.000988697848583869 0.00042864648938931746
1811 5.0229588 0.000657 0.0009812638488527813 0.00042025427104463016
1812 5.0236160000000005 0.000657 0.0019771579057294114 0.00048569320427584785
1813 5.024273 0.000656 0.0005763014812363641 0.0003627813282568537
1814 5.0249295 0.000657 0.001450353807111585 0.0004598196892749629
1815 5.0255866 0.000656 0.0004695535465837113 0.0003204160996927023
1816 5.026243 0.000657 0.0005591431560511222 0.0003478828833044152
1817 5.026900299999999 0.000657 0.0005440210332624273 0.0003393441907330982
1818 5.027557 0.000657 0.0006054099127781146 0.0003823146044408009
1819 5.028214 0.000657 0.0013825863293610596 0.0004734968120830204
1820 5.028870599999999 0.000657 0.0004370756824566739 0.00026566939102712654
1821 5.0295277 0.000657 0.0017085632575543426 0.0004627642475759925
1822 5.0301843 0.000657 0.001500407742221685 0.00044870151620179997
1823 5.030841000000001 0.000657 0.0013819864825007303 0.0004553970449978297
1824 5.0314984 0.000657 0.0004617065263321721 0.00033805538872771546
1825 5.032155 0.000657 0.0010788220678516144 0.0004443760139389816
1826 5.0328116 0.000657 0.0020498188097013807 0.00044524996191931513
1827 5.0334687 0.000657 0.00044623313337445854 0.0003280131787439468
1828 5.0341252999999995 0.000657 0.001299165830037393 0.0004663745208967188
1829 5.034782 0.000657 0.0014596547510384804 0.0004197709922732436
1830 5.035439 0.000657 0.0006189334269996507 0.00034797423777254013
1831 5.0360955999999995 0.000656 0.0005998833320734362 0.0003509749091786027
1832 5.036752 0.000657 0.0004873209782051942 0.0003235919990408725
1833 5.037408999999999 0.000656 0.0007500019275339745 0.00036354865613217533
1834 5.0380654 0.000657 0.0010328695023258004 0.0004158766039315054
1835 5.038722 0.000591 0.0011197538906882615 0.00044393729369048907
1836 5.039313 0.000656 0.0006691690464173304 0.0003871199721074396
1837 5.0399694 0.000657 0.0009129265651175272 0.0004099321302133888
1838 5.0406260000000005 0.000657 0.0005113628301832059 0.00033724411704146864
1839 5.041282700000001 0.000657 0.0003369230433837352 0.0002696387298444876
1840 5.041939299999999 0.000657 0.0003912779671054222 0.0002974028328625534
1841 5.042596 0.000657 0.000549729372812074 0.00035873660809415914
1842 5.0432525 0.000656 0.0007219010900391537 0.0004062947478734736
1843 5.043908999999999 0.000657 0.0014352263700603428 0.00045384716396429397
1844 5.0445657 0.000657 0.0005843098304819253 0.0003406088690254715
1845 5.0452223 0.000657 0.0010476413110019247 0.00045487548123298135
1846 5.045879 0.000656 0.0019713921776434197 0.00044585905736254424
1847 5.0465355 0.000656 0.0005501930614695697 0.0003177378831626473
1848 5.047192 0.000656 0.0007407065678984773 0.0003989009191561479
1849 5.047848 0.000657 0.0018294389924989776 0.00044836966365445334
1850 5.0485050000000005 0.000656 0.00044782469440154575 0.0002967936517374619
1851 5.0491614 0.000656 0.0006036452355332459 0.00029087237542919307
1852 5.0498176 0.000656 0.0013017104508114099 0.0004377156228171123
1853 5.0504739999999995 0.000657 0.001370889047082202 0.000433538566999696
1854 5.051131 0.000656 0.0005744900475298615 0.00035367212619184145
1855 5.051787 0.000656 0.0008048641238925314 0.00038736068810804944
1856 5.0524435 0.000656 0.0010063250162836942 0.0003836677053596555
1857 5.0531 0.000656 0.001447457164517128 0.000440821668293373
1858 5.053756 0.000657 0.0008976706742688522 0.00042178584053441306
1859 5.054412999999999 0.000656 0.0008444798739458854 0.0003830497335790211
1860 5.0550690000000005 0.000657 0.0007288705941170068 0.0004003027544441612
1861 5.0557256 0.000656 0.0008060062878701829 0.00039084784198525614
1862 5.0563817 0.000657 0.0014949950336616445 0.00046089930857398865
1863 5.0570383 0.000656 0.001009333144439063 0.0004097114628519562
1864 5.0576944 0.000657 0.0007995342633797145 0.00040119604199340706
1865 5.058351 0.000656 0.00033481616239060437 0.000245289233995719
1866 5.059007 0.000656 0.001260670820602351 0.00044890146733285875
1867 5.0596633 0.000657 0.0009876477870535657 0.0004211761342844981
1868 5.06032 0.000656 0.0012971586516595285 0.0004285537050054202
1869 5.060976 0.000656 0.001127776625813745 0.0004308274657785483
1870 5.061632 0.000657 0.0007080831087347 0.00033744515268396803
1871 5.0622888 0.000656 0.0010210734209558415 0.00042402130647993834
1872 5.062945 0.000656 0.0007627922618584362 0.0004072881365087138
1873 5.063601 0.000656 0.0008980376970172899 0.0003991515027387428
1874 5.064257 0.000657 0.001253151317489677 0.0004164501902637803
1875 5.0649137 0.000657 0.00037651814115037215 0.0002818624940495014
1876 5.0655704 0.000656 0.0010816115080564104 0.00041738608425747297
1877 5.0662265 0.000656 0.000926306176005063 0.00042022675055922366
1878 5.0668826 0.000656 0.0008225204577625193 0.000410673737755543
1879 5.0675387 0.000656 0.001105661988254063 0.00045353125021367846
1880 5.068194999999999 0.000656 0.0007762639901138892 0.00036882332578583765
1881 5.068851 0.000656 0.0005680876521288928 0.00040579530173625753
1882 5.069507 0.000656 0.0018588081146689972 0.00041123510497801795
1883 5.0701632000000005 0.000656 0.00047138343665102244 0.000312990345185967
1884 5.0708194 0.000656 0.0007280158952122017 0.0003972332758705712
1885 5.0714755 0.000656 0.0007073184455653831 0.00036125157551961985
1886 5.0721316 0.000656 0.00043255421797278927 0.0003149396105263212
1887 5.072788 0.000656 0.00106484942980924 0.0004359561559542262
1888 5.073444 0.000656 0.0005217167906917124 0.00035312299316754163
1889 5.0741 0.000656 0.0009534521554228567 0.00043211324209076603
1890 5.0747557 0.000656 0.0013011595548266433 0.00042538614685470253
1891 5.075412 0.000656 0.0005627182659328255 0.0003419346997115601
1892 5.076068 0.000656 0.000451906535126096 0.00026983039649475417
1893 5.076724 0.000656 0.0017288769538503742 0.0004386643997323297
1894 5.0773797 0.000656 0.0007596364763434896 0.00039934549117443994
1895 5.078036 0.000656 0.0006780085949180141 0.0003950155249778426
1896 5.078692 0.000656 0.0005664001414493992 0.0003526565244822341
1897 5.079347599999999 0.00059 0.0005513575119140551 0.0003293138027193902
1898 5.079937999999999 0.000656 0.0005728186530099142 0.0003514563958288942
1899 5.080593599999999 0.000656 0.0008151599063502632 0.0004106754102945277
1900 5.0812497 0.000656 0.0007683669620398514 0.0003866799749736425
1901 5.081906 0.000655 0.0007806833440512624 0.0003741815856234682
1902 5.0825615 0.000656 0.0008048948533526571 0.0003868526384884121
1903 5.0832176 0.000656 0.0012946317365623758 0.0004562475027208306
1904 5.0838733 0.000656 0.00041333911758265865 0.0002665160781143638
1905 5.0845294 0.000656 0.0008349361699344981 0.00040571701604389206
1906 5.085185 0.000656 0.0006846552091378904 0.00037664282155447067
1907 5.0858407 0.000656 0.0008885649844425987 0.00040468559919843165
1908 5.0864970000000005 0.000655 0.0012467639269699133 0.0004259902156733189
1909 5.0871525 0.000656 0.0016271510543100446 0.00043070441766797905
1910 5.0878086 0.000656 0.000684361661816793 0.0003527069193497525
1911 5.0884643 0.000656 0.00155470437653075 0.00043843804956804675
1912 5.089119999999999 0.000656 0.0006453083479519518 0.00039201295716608377
1913 5.089775599999999 0.000656 0.001810669810005651 0.00046362173411268194
1914 5.0904317 0.000656 0.0008671701601964445 0.0004312586238279174
1915 5.0910873 0.000656 0.0006763085573322684 0.0003821566133560024
1916 5.091743 0.000656 0.001321167550610656 0.0004381100079585517
1917 5.0923986 0.000656 0.0003280456917809841 0.0002508395272155139
1918 5.0930542999999995 0.000656 0.0010304314685007183 0.00042355192037060496
1919 5.093710400000001 0.000656 0.0010606573662851042 0.00044441174363871747
1920 5.094366 0.000656 0.001284523918781067 0.00042940142383706065
1921 5.0950217 0.000656 0.0017852286954225555 0.0004550461575725588
1922 5.0956774000000005 0.000656 0.0007485833799250875 0.00042022100822819506
1923 5.0963330000000004 0.000656 0.0011161174846208745 0.0004503346203037772
1924 5.0969887 0.000656 0.0008130740032182761 0.00039056456510245207
1925 5.0976443 0.000656 0.0014144333201623676 0.00043859513394646423
1926 5.0983 0.000656 0.0011007403400200304 0.00043432900053952704
1927 5.0989556 0.000656 0.0008543678014987349 0.0004113662260761386
1928 5.099611299999999 0.000656 0.0010402311715052147 0.00041606254881289446
1929 5.100267 0.000656 0.001393442235975844 0.00042988102903635667
1930 5.1009226 0.000655 0.0010305952596836982 0.0004169539414337093
1931 5.1015778 0.000656 0.0008534454437490345 0.0003984619946880393
1932 5.1022334 0.000656 0.0005231085205850851 0.0003255083333122524
1933 5.102889 0.000656 0.0005316341072116313 0.0003094037578485304
1934 5.1035447 0.000656 0.0005280150666594929 0.00033075826947976555
1935 5.1042004 0.000655 0.0004598695283444417 0.00032128227158300434
1936 5.1048555 0.000655 0.0011897117715626436 0.0004262815132285217
1937 5.105511 0.000656 0.0007274271439134334 0.00039718860326577287
1938 5.106167 0.000655 0.0013309431912365678 0.0004648138453906797
1939 5.106822 0.000656 0.0012287362251294333 0.00047474080750247463
1940 5.1074777000000005 0.000656 0.0006175915915116887 0.0003831966648040814
1941 5.1081332999999995 0.000655 0.0007641550954703668 0.00042562050428851197
1942 5.1087885 0.000655 0.0003673039471540698 0.00028816617808155695
1943 5.109444 0.000655 0.001582156990922089 0.00047345539085181306
1944 5.1100993 0.000656 0.0011008812538848907 0.00048448361392826783
1945 5.110755 0.000655 0.0011652328331864803 0.0004443648196939455
1946 5.11141 0.000656 0.0007325625631929706 0.00038540924024206037
1947 5.112066 0.000655 0.000675076032807723 0.00038994527371970087
1948 5.112721 0.000656 0.0011996282925699274 0.00043972584565544624
1949 5.1133766 0.000655 0.0010046829065314836 0.0004292259382596362
1950 5.114032 0.000655 0.0007686041673275006 0.00038777688179129937
1951 5.114687 0.000656 0.0013455300584338207 0.0004458281960908745
1952 5.1153426 0.000655 0.001109817492304911 0.00042336457616424465
1953 5.115998 0.000589 0.0012730631454317344 0.0004509284539264278
1954 5.116587 0.000655 0.0014088030667058333 0.0004387691707815004
1955 5.117242299999999 0.000655 0.0005417656867915257 0.0002930595993568057
1956 5.1178975 0.000655 0.0003119094705015976 0.0002578957001085393
1957 5.1185529999999995 0.000655 0.0009134641464945252 0.00042976757617401557
1958 5.1192082999999995 0.000655 0.0005088630195850275 0.00032714273876198924
1959 5.1198635 0.000655 0.0011869158629774256 0.00044914262926383253
1960 5.120518700000001 0.000655 0.0010133864191609917 0.00042721188385289353
1961 5.121174 0.000655 0.0006408050834245137 0.0003956994161032763
1962 5.121829 0.000655 0.0010456908248741876 0.0004518394707264362
1963 5.122484 0.000655 0.0005998367723727179 0.00036335128277544264
1964 5.1231394 0.000655 0.001112472281276538 0.00042566896783524503
1965 5.123794599999999 0.000655 0.0006549065837730484 0.0003811408844215374
1966 5.1244497 0.000655 0.0007703480777644516 0.00039566580643248764
1967 5.1251050000000005 0.000655 0.0005962347355294134 0.0003486378053402928
1968 5.12576 0.000655 0.0019940732771223115 0.0004727851525683952
1969 5.1264153 0.000655 0.0002770562921925232 0.00022396374861487214
1970 5.127070400000001 0.000655 0.0007711522719279711 0.0004094921887790555
1971 5.1277256 0.000655 0.0013056326725148517 0.0004244085632750575
1972 5.128381 0.000655 0.0009935255826310392 0.0004185201417600148
1973 5.129036 0.000655 0.0005165957664065586 0.0003541220441850918
1974 5.129691 0.000655 0.001054690016778057 0.0005707981930789928
1975 5.130346 0.000655 0.0007298148900869835 0.0005376030070872628
1976 5.131001 0.000655 0.001483184568482284 0.0007033309705811708
1977 5.1316559999999996 0.000655 0.0007684329698151641 0.0004040326401351658
1978 5.1323113 0.000655 0.0005197076315013531 0.0003578475980238405
1979 5.132966000000001 0.000655 0.000651263963079046 0.0004050989441629525
1980 5.133621 0.000655 0.0004294467907665828 0.00032495864909031907
1981 5.1342764 0.000655 0.001033614645383734 0.00040018642180787196
1982 5.134931 0.000655 0.0010426033947228447 0.0004245428827723758
1983 5.1355863 0.000655 0.0008030858179402829 0.00041254451712986
1984 5.136241 0.000655 0.0009992240334967567 0.00039087702130974
1985 5.136896 0.000655 0.0007861702424493137 0.00041381120597776326
1986 5.1375513 0.000655 0.0003195038930075093 0.0002598536746063615
1987 5.138205999999999 0.000655 0.00042194512253522373 0.0003115315207775862
1988 5.1388607 0.000655 0.0004685138905084598 0.00032659078779101247
1989 5.139516 0.000655 0.0008033275188143293 0.00037738477477434595
1990 5.1401706 0.000655 0.001040052797404924 0.0004306361082947879
1991 5.140825700000001 0.000655 0.0004887890613891123 0.0003350085903798595
1992 5.141480400000001 0.000655 0.0018499431072302116 0.00043494541580294053
1993 5.142135 0.000655 0.0006161544186343741 0.0003811440993849606
1994 5.1427903 0.000655 0.0008061389866233666 0.0004035799157690151
1995 5.143445 0.000655 0.0005709453544078273 0.0003756264237412346
1996 5.1440997 0.000655 0.0009549537096261659 0.0004329993395729188
1997 5.144755 0.000655 0.0007070316506849085 0.000398217618408886
1998 5.1454096 0.000655 0.0013107322194259715 0.00045915358832575645
1999 5.1460643 0.000655 0.0011748720217583557 0.00048628257314325095
2000 5.146719 0.000655 0.0007131727630448073 0.0004137354854364878
2001 5.1473737 0.000655 0.0007333332700794839 0.00042364821629228535
2002 5.148029 0.000654 0.000770092615318333 0.0003801300526530209
2003 5.1486835 0.000655 0.0006687118979043216 0.00037416633012268407
2004 5.149338200000001 0.000655 0.0010103334191879309 0.0004408041818227671
2005 5.149993 0.000655 0.0015284214990901458 0.0004968063158607591
2006 5.150647599999999 0.000655 0.00028697808455670074 0.00023412550883646877
2007 5.1513023 0.000655 0.0012893408699326489 0.0004350207405313407
2008 5.151957 0.000655 0.001270747828913517 0.0004400608447154168
2009 5.1526117 0.000655 0.001014400183379707 0.0004427092234011966
2010 5.153266400000001 0.000589 0.0009527977814836923 0.00041246472258364404
2011 5.153855 0.000655 0.0009733991997122991 0.00043147740631955996
2012 5.1545095000000005 0.000655 0.0009085112821550292 0.000406832415265963
2013 5.1551642 0.000655 0.0007615809584432901 0.00041337461080561235
2014 5.155819 0.000655 0.00242691965260186 0.0013490713180991745
2015 5.1564736 0.000655 0.0010465669760038418 0.0008744496592165738
2016 5.157128299999999 0.000655 0.0016594734954191684 0.0013144236371012852
2017 5.157783 0.000654 0.0013909937640848116 0.000458227612265884
2018 5.1584373 0.000655 0.001389387739142303 0.00046648046205598415
2019 5.159092 0.000655 0.0011094680334814333 0.0004750031332591634
2020 5.159746599999999 0.000654 0.0014683179569204062 0.0004562570126177048
2021 5.160401 0.000655 0.002175568262202666 0.0005292915884069942
2022 5.1610556 0.000655 0.00029249019206510293 0.0002416791400255094
2023 5.161710299999999 0.000654 0.0008331198574113769 0.00041801541426100494
2024 5.1623645 0.000655 0.00037587141945330895 0.000282916242359895
2025 5.163019 0.000654 0.0004877342156552118 0.00034848332507847853
2026 5.1636734 0.000655 0.0008359259202593447 0.00043956301289267246
2027 5.164328 0.000654 0.0014099055878913954 0.0004851118660157044
2028 5.164982299999999 0.000655 0.001253908000210249 0.00047946847116542545
2029 5.165637 0.000654 0.0005694871715688459 0.0003856778843158764
2030 5.166291 0.000655 0.0005093596407572996 0.0003682547961364872
2031 5.166946 0.000654 0.0011980039421367647 0.0005322380320395776
2032 5.1676 0.000654 0.000973705228568923 0.00046240375840730295
2033 5.1682544 0.000655 0.0008075632459193842 0.0004831646911031958
2034 5.168908999999999 0.000654 0.0005069772406592691 0.0003471996581797736
2035 5.1695633 0.000654 0.0005421789373740279 0.0003874974624292159
2036 5.170217500000001 0.000654 0.0014470666159844521 0.0005722408398400259
2037 5.170872 0.000654 0.0006821701482329797 0.0004808181552239024
2038 5.1715264 0.000654 0.0003787110777615265 0.00031846546222297033
2039 5.1721807 0.000654 0.001278147587973366 0.0006968771829472669
2040 5.172835 0.000654 0.0007841500628995412 0.0005779852052508219
2041 5.173489 0.000655 0.0009634726138375816 0.0005923218257236858
2042 5.174144 0.000654 0.0018622244950719108 0.0009929868631831469
2043 5.174798 0.000654 0.00044667512155318554 0.00039220671713515576
2044 5.175452 0.000655 0.000412572906968434 5.782787021373828e-05
2045 5.1761065 0.000654 0.0004271436654661841 5.361487416507274e-05
2046 5.1767607 0.000654 0.00041040256131678145 5.5493115634281344e-05
