# %ECSV 1.0
# ---
# datatype:
# - {name: Column Number, datatype: int64}
# - {name: Wavelength (microns), datatype: float64}
# - {name: Wavelength Full Widths (microns), datatype: float64}
# - {name: Transit Depth (Rp/Rs)^2, datatype: float64}
# - {name: Transit Depth Uncertainty, datatype: float64}
# meta: !!omap
# - {Overview: This is a coadded transmission spectrum of LHS 475 b reduced by K. N. Ortiz Ceballos and J. Kirk using the Tiberius data
#     reduction pipeline.}
# - {Program: JWST GO 1981}
# - {Target: LHS 475 b}
# - {Observation(s): '41:1, 43:1'}
# - {Reference(s): Lustig-Yaeger & Fu et al. (2023)}
# - {ArXiV Link: 'https://doi.org/10.48550/arXiv.2301.04191'}
# schema: astropy-2.0
"Column Number" "Wavelength (microns)" "Wavelength Full Widths (microns)" "Transit Depth (Rp/Rs)^2" "Transit Depth Uncertainty"
665 2.787244 0.000676 0.001002 0.000299
666 2.78792 0.000675 0.000813 0.000283
667 2.788595 0.000676 0.000721 0.000271
668 2.789271 0.000676 0.001075 0.000286
669 2.789947 0.000675 0.001496 0.000284
670 2.790622 0.000676 0.001198 0.00028
671 2.791298 0.000675 0.000767 0.00026
672 2.791973 0.000676 0.000894 0.000257
673 2.792649 0.000675 0.000839 0.000249
674 2.793324 0.000676 0.001175 0.000251
675 2.794 0.000676 0.001419 0.00025
676 2.794676 0.000675 0.001185 0.000238
677 2.795351 0.000676 0.000782 0.000239
678 2.796027 0.000675 0.001256 0.000238
679 2.796702 0.000676 0.00114 0.000235
680 2.797378 0.000675 0.001099 0.000234
681 2.798053 0.000676 0.00126 0.000235
682 2.798729 0.000675 0.000748 0.000232
683 2.799404 0.000676 0.001208 0.000239
684 2.80008 0.000676 0.001351 0.000223
685 2.800756 0.000675 0.000948 0.000225
686 2.801431 0.000676 0.00089 0.000222
687 2.802107 0.000675 0.000949 0.000228
688 2.802782 0.000676 0.00107 0.000228
689 2.803458 0.000675 0.001352 0.000237
690 2.804133 0.000676 0.001227 0.000229
691 2.804809 0.000676 0.000709 0.000229
692 2.805485 0.000675 0.000924 0.000234
693 2.80616 0.000676 0.001004 0.000227
694 2.806836 0.000675 0.001168 0.000232
695 2.807511 0.000676 0.001 0.000226
696 2.808187 0.000675 0.00104 0.000227
697 2.808862 0.000676 0.000859 0.000212
698 2.809538 0.000676 0.000672 0.000206
699 2.810214 0.000675 0.001278 0.000218
700 2.810889 0.000676 0.001353 0.000209
701 2.811565 0.000675 0.001272 0.000213
702 2.81224 0.000676 0.00121 0.000208
703 2.812916 0.000675 0.000965 0.00021
704 2.813591 0.000676 0.001105 0.000207
705 2.814267 0.000676 0.000903 0.000203
706 2.814943 0.000675 0.00098 0.00022
707 2.815618 0.000676 0.00098 0.000212
708 2.816294 0.000675 0.0009 0.000212
709 2.816969 0.000676 0.000938 0.000202
710 2.817645 0.000675 0.000775 0.000205
711 2.81832 0.000676 0.000571 0.000203
712 2.818996 0.000676 0.001114 0.000205
713 2.819672 0.000675 0.001049 0.000212
714 2.820347 0.000676 0.000913 0.000203
715 2.821023 0.000675 0.000983 0.000202
716 2.821698 0.000676 0.00093 0.000206
717 2.822374 0.000675 0.001104 0.000214
718 2.823049 0.000676 0.001176 0.000202
719 2.823725 0.000676 0.000929 0.000201
720 2.824401 0.000675 0.001404 0.000196
721 2.825076 0.000676 0.00124 0.000195
722 2.825752 0.000675 0.001403 0.000196
723 2.826427 0.000676 0.000973 0.000193
724 2.827103 0.000675 0.00126 0.000192
725 2.827778 0.000676 0.001214 0.000199
726 2.828454 0.000675 0.001011 0.00019
727 2.829129 0.000676 0.000966 0.000201
728 2.829805 0.000676 0.001021 0.000192
729 2.830481 0.000675 0.001332 0.000186
730 2.831156 0.000676 0.000952 0.00019
731 2.831832 0.000675 0.000984 0.000184
732 2.832507 0.000676 0.001171 0.000191
733 2.833183 0.000675 0.000838 0.000185
734 2.833858 0.000676 0.000793 0.00019
735 2.834534 0.000676 0.001065 0.000183
736 2.83521 0.000675 0.001462 0.000188
737 2.835885 0.000676 0.00109 0.000184
738 2.836561 0.000675 0.000902 0.000189
739 2.837236 0.000676 0.00091 0.000194
740 2.837912 0.000675 0.000871 0.000189
741 2.838587 0.000676 0.00111 0.000182
742 2.839263 0.000676 0.001175 0.000186
743 2.839939 0.000675 0.001115 0.000184
744 2.840614 0.000676 0.00127 0.000184
745 2.84129 0.000675 0.001056 0.000177
746 2.841965 0.000676 0.001185 0.000179
747 2.842641 0.000675 0.001258 0.000184
748 2.843316 0.000676 0.001107 0.000178
749 2.843992 0.000676 0.0009 0.00018
750 2.844668 0.000675 0.001052 0.000182
751 2.845343 0.000676 0.001391 0.000176
752 2.846019 0.000675 0.00107 0.000176
753 2.846694 0.000676 0.000821 0.000187
754 2.84737 0.000675 0.000656 0.000176
755 2.848045 0.000676 0.001256 0.00019
756 2.848721 0.000676 0.000842 0.000182
757 2.849397 0.000675 0.001001 0.000175
758 2.850072 0.000676 0.001291 0.000187
759 2.850748 0.000675 0.001299 0.000185
760 2.851423 0.000676 0.000938 0.000177
761 2.852099 0.000675 0.001094 0.00018
762 2.852774 0.000676 0.001109 0.000179
763 2.85345 0.000675 0.001159 0.000179
764 2.854125 0.000676 0.00117 0.000185
765 2.854801 0.000676 0.000982 0.000179
766 2.855477 0.000675 0.001144 0.000178
767 2.856152 0.000676 0.001351 0.000178
768 2.856828 0.000675 0.001028 0.000178
769 2.857503 0.000676 0.001424 0.00018
770 2.858179 0.000675 0.001402 0.000185
771 2.858854 0.000676 0.001107 0.000174
772 2.85953 0.000676 0.001101 0.000177
773 2.860206 0.000675 0.001258 0.000166
774 2.860881 0.000676 0.001246 0.000169
775 2.861557 0.000675 0.001211 0.000169
776 2.862232 0.000676 0.0012 0.00017
777 2.862908 0.000675 0.001377 0.000174
778 2.863583 0.000676 0.000898 0.000163
779 2.864259 0.000676 0.000942 0.000167
780 2.864935 0.000675 0.000945 0.000171
781 2.86561 0.000676 0.000851 0.000168
782 2.866286 0.000675 0.001149 0.000173
783 2.866961 0.000676 0.001024 0.000171
784 2.867637 0.000675 0.000818 0.000169
785 2.868312 0.000676 0.001073 0.000161
786 2.868988 0.000676 0.000968 0.000166
787 2.869664 0.000675 0.000826 0.000173
788 2.870339 0.000676 0.001069 0.00017
789 2.871015 0.000675 0.000796 0.000177
790 2.87169 0.000676 0.001113 0.000176
791 2.872366 0.000675 0.000725 0.000169
792 2.873041 0.000676 0.0011 0.000177
793 2.873717 0.000676 0.001244 0.000168
794 2.874393 0.000675 0.001065 0.000173
795 2.875068 0.000676 0.001023 0.000171
796 2.875744 0.000675 0.000998 0.000167
797 2.876419 0.000676 0.001229 0.000163
798 2.877095 0.000675 0.001129 0.000167
799 2.87777 0.000676 0.001073 0.000164
800 2.878446 0.000675 0.001155 0.00016
801 2.879121 0.000676 0.001187 0.000171
802 2.879797 0.000676 0.000997 0.000179
803 2.880473 0.000675 0.001054 0.000169
804 2.881148 0.000676 0.001018 0.000162
805 2.881824 0.000675 0.000755 0.000165
806 2.882499 0.000676 0.000856 0.00017
807 2.883175 0.000675 0.000949 0.000173
808 2.88385 0.000676 0.000593 0.000169
809 2.884526 0.000676 0.00102 0.00017
810 2.885202 0.000675 0.000798 0.00017
811 2.885877 0.000676 0.001034 0.000167
812 2.886553 0.000675 0.000811 0.000168
813 2.887228 0.000676 0.001011 0.00017
814 2.887904 0.000675 0.001079 0.000175
815 2.888579 0.000676 0.0012 0.000173
816 2.889255 0.000676 0.00086 0.000172
817 2.889931 0.000675 0.001052 0.000192
818 2.890606 0.000676 0.001044 0.000173
819 2.891282 0.000675 0.001024 0.000175
820 2.891957 0.000676 0.001079 0.000176
821 2.892633 0.000675 0.000998 0.000176
822 2.893308 0.000676 0.00094 0.000175
823 2.893984 0.000676 0.001115 0.000172
824 2.89466 0.000675 0.001035 0.000172
825 2.895335 0.000676 0.000917 0.000181
826 2.896011 0.000675 0.00092 0.000166
827 2.896686 0.000676 0.000953 0.000172
828 2.897362 0.000675 0.000783 0.000171
829 2.898037 0.000676 0.001085 0.000173
830 2.898713 0.000676 0.001166 0.000162
831 2.899389 0.000675 0.001092 0.000165
832 2.900064 0.000676 0.001229 0.000169
833 2.90074 0.000675 0.000899 0.000168
834 2.901415 0.000676 0.001175 0.000167
835 2.902091 0.000675 0.00099 0.000173
836 2.902766 0.000676 0.000902 0.000168
837 2.903442 0.000675 0.000621 0.000185
838 2.904117 0.000676 0.000823 0.000151
839 2.904793 0.000676 0.001081 0.000179
840 2.905469 0.000675 0.000827 0.000167
841 2.906144 0.000676 0.000899 0.00017
842 2.90682 0.000675 0.001214 0.000171
843 2.907495 0.000676 0.001024 0.000164
844 2.908171 0.000675 0.001077 0.000169
845 2.908846 0.000676 0.000695 0.000171
846 2.909522 0.000676 0.000751 0.000171
847 2.910198 0.000675 0.000989 0.000181
848 2.910873 0.000676 0.001113 0.000175
849 2.911549 0.000675 0.00102 0.00017
850 2.912224 0.000676 0.000879 0.000171
851 2.9129 0.000675 0.00103 0.000172
852 2.913575 0.000676 0.001028 0.000163
853 2.914251 0.000676 0.000958 0.000166
854 2.914927 0.000675 0.001135 0.000167
855 2.915602 0.000676 0.001223 0.00016
856 2.916278 0.000675 0.001093 0.00016
857 2.916953 0.000676 0.000966 0.000156
858 2.917629 0.000675 0.001136 0.000168
859 2.918304 0.000676 0.001406 0.000201
860 2.91898 0.000676 0.000796 0.000164
861 2.919656 0.000675 0.000993 0.000161
862 2.920331 0.000676 0.000794 0.000161
863 2.921007 0.000675 0.001305 0.000162
864 2.921682 0.000676 0.001046 0.00016
865 2.922358 0.000675 0.000779 0.000165
866 2.923033 0.000676 0.000942 0.000168
867 2.923709 0.000676 0.001062 0.000166
868 2.924385 0.000675 0.001298 0.00017
869 2.92506 0.000676 0.001099 0.000162
870 2.925736 0.000675 0.001046 0.000163
871 2.926411 0.000676 0.001015 0.000165
872 2.927087 0.000675 0.000651 0.00016
873 2.927762 0.000676 0.000632 0.000168
874 2.928438 0.000675 0.000639 0.000146
875 2.929113 0.000676 0.000723 0.000174
876 2.929789 0.000676 0.000951 0.000166
877 2.930465 0.000675 0.000908 0.000171
878 2.93114 0.000676 0.000836 0.000162
879 2.931816 0.000675 0.001086 0.000161
880 2.932491 0.000676 0.000834 0.000156
881 2.933167 0.000675 0.000816 0.000155
882 2.933842 0.000676 0.001117 0.000158
883 2.934518 0.000676 0.001191 0.000151
884 2.935194 0.000675 0.000992 0.00016
885 2.935869 0.000676 0.000878 0.000152
886 2.936545 0.000675 0.001192 0.000153
887 2.93722 0.000676 0.000904 0.000155
888 2.937896 0.000675 0.001185 0.000154
889 2.938571 0.000676 0.001196 0.000157
890 2.939247 0.000676 0.00111 0.000153
891 2.939923 0.000675 0.000962 0.000168
892 2.940598 0.000676 0.000867 0.000157
893 2.941274 0.000675 0.001143 0.000155
894 2.941949 0.000676 0.001064 0.000162
895 2.942625 0.000675 0.001065 0.000161
896 2.9433 0.000676 0.000858 0.000154
897 2.943976 0.000676 0.001 0.000159
898 2.944652 0.000675 0.000809 0.000154
899 2.945327 0.000676 0.001009 0.000163
900 2.946003 0.000675 0.000848 0.000159
901 2.946678 0.000676 0.001002 0.000157
902 2.947354 0.000675 0.001283 0.000163
903 2.948029 0.000676 0.000932 0.000163
904 2.948705 0.000676 0.001028 0.000162
905 2.949381 0.000675 0.001119 0.000158
906 2.950056 0.000676 0.001204 0.000156
907 2.950732 0.000675 0.001128 0.000157
908 2.951407 0.000676 0.001193 0.000149
909 2.952083 0.000675 0.001237 0.000154
910 2.952758 0.000676 0.000918 0.000153
911 2.953434 0.000675 0.000826 0.000151
912 2.954109 0.000676 0.001096 0.000151
913 2.954785 0.000676 0.001116 0.000154
914 2.955461 0.000675 0.001133 0.000149
915 2.956136 0.000676 0.001115 0.000152
916 2.956812 0.000675 0.001201 0.00016
917 2.957487 0.000676 0.000995 0.000157
918 2.958163 0.000675 0.000762 0.000151
919 2.958838 0.000676 0.000919 0.000149
920 2.959514 0.000676 0.001103 0.000149
921 2.96019 0.000675 0.001029 0.00015
922 2.960865 0.000676 0.001078 0.000149
923 2.961541 0.000675 0.000833 0.000152
924 2.962216 0.000676 0.000881 0.00015
925 2.962892 0.000675 0.000929 0.000148
926 2.963567 0.000676 0.000986 0.000164
927 2.964243 0.000676 0.001077 0.000149
928 2.964919 0.000675 0.001455 0.000159
929 2.965594 0.000676 0.001267 0.000136
930 2.96627 0.000675 0.001 0.000156
931 2.966945 0.000676 0.000968 0.000156
932 2.967621 0.000675 0.000945 0.000139
933 2.968296 0.000676 0.000954 0.000144
934 2.968972 0.000676 0.000996 0.000167
935 2.969648 0.000675 0.000991 0.00015
936 2.970323 0.000676 0.001099 0.000158
937 2.970999 0.000675 0.000996 0.000154
938 2.971674 0.000676 0.00095 0.000154
939 2.97235 0.000675 0.000967 0.000151
940 2.973025 0.000676 0.001055 0.00015
941 2.973701 0.000676 0.000849 0.00015
942 2.974377 0.000675 0.000842 0.00015
943 2.975052 0.000676 0.001038 0.000146
944 2.975728 0.000675 0.000857 0.000152
945 2.976403 0.000676 0.000806 0.000145
946 2.977079 0.000675 0.00104 0.000147
947 2.977754 0.000676 0.001167 0.000144
948 2.97843 0.000675 0.001068 0.000142
949 2.979105 0.000676 0.000853 0.000145
950 2.979781 0.000676 0.000934 0.000149
951 2.980457 0.000675 0.001085 0.000146
952 2.981132 0.000676 0.001046 0.000155
953 2.981808 0.000675 0.000959 0.000129
954 2.982483 0.000676 0.000958 0.000155
955 2.983159 0.000675 0.001056 0.000146
956 2.983834 0.000676 0.000704 0.000148
957 2.98451 0.000676 0.001056 0.000147
958 2.985186 0.000675 0.000972 0.000145
959 2.985861 0.000676 0.000951 0.000141
960 2.986537 0.000675 0.001029 0.000143
961 2.987212 0.000676 0.001089 0.000148
962 2.987888 0.000675 0.00112 0.00015
963 2.988563 0.000676 0.001002 0.000157
964 2.989239 0.000676 0.000942 0.000159
965 2.989915 0.000675 0.001179 0.000161
966 2.99059 0.000676 0.000951 0.000154
967 2.991266 0.000675 0.001161 0.000153
968 2.991941 0.000676 0.001095 0.000146
969 2.992617 0.000675 0.001118 0.000146
970 2.993292 0.000676 0.001186 0.000148
971 2.993968 0.000676 0.001057 0.000145
972 2.994644 0.000675 0.000899 0.000146
973 2.995319 0.000676 0.000853 0.000145
974 2.995995 0.000675 0.001253 0.000146
975 2.99667 0.000676 0.00112 0.000146
976 2.997346 0.000675 0.000904 0.000147
977 2.998021 0.000676 0.000941 0.000156
978 2.998697 0.000676 0.000909 0.000152
979 2.999373 0.000675 0.00066 0.000155
980 3.000048 0.000676 0.001085 0.000148
981 3.000724 0.000675 0.00099 0.000147
982 3.001399 0.000676 0.001294 0.000149
983 3.002075 0.000675 0.001132 0.000147
984 3.00275 0.000676 0.000976 0.000143
985 3.003426 0.000675 0.001332 0.000145
986 3.004101 0.000676 0.001114 0.000146
987 3.004777 0.000676 0.000929 0.000145
988 3.005453 0.000675 0.000883 0.000149
989 3.006128 0.000676 0.000878 0.00015
990 3.006804 0.000675 0.000978 0.000148
991 3.007479 0.000676 0.000822 0.000149
992 3.008155 0.000675 0.000891 0.000153
993 3.00883 0.000676 0.001028 0.000161
994 3.009506 0.000676 0.000841 0.000155
995 3.010182 0.000675 0.000828 0.000153
996 3.010857 0.000676 0.000879 0.00015
997 3.011533 0.000675 0.001085 0.000149
998 3.012208 0.000676 0.001131 0.000144
999 3.012884 0.000675 0.001027 0.000146
1000 3.013559 0.000676 0.001026 0.000145
1001 3.014235 0.000676 0.001226 0.000144
1002 3.014911 0.000675 0.001356 0.000141
1003 3.015586 0.000676 0.001208 0.000139
1004 3.016262 0.000675 0.000902 0.000158
1005 3.016937 0.000676 0.000913 0.000157
1006 3.017613 0.000675 0.000991 0.000139
1007 3.018288 0.000676 0.001046 0.00013
1008 3.018964 0.000676 0.001108 0.00013
1009 3.01964 0.000675 0.001147 0.000141
1010 3.020315 0.000676 0.001189 0.000158
1011 3.020991 0.000675 0.001159 0.000158
1012 3.021666 0.000676 0.000856 0.00014
1013 3.022342 0.000675 0.001061 0.000144
1014 3.023017 0.000676 0.001039 0.000147
1015 3.023693 0.000676 0.001085 0.000151
1016 3.024369 0.000675 0.001224 0.000145
1017 3.025044 0.000676 0.000919 0.00015
1018 3.02572 0.000675 0.000962 0.000146
1019 3.026395 0.000676 0.001172 0.000146
1020 3.027071 0.000675 0.00127 0.000149
1021 3.027746 0.000676 0.001182 0.000152
1022 3.028422 0.000675 0.000932 0.000147
1023 3.029097 0.000676 0.000948 0.000149
1024 3.029773 0.000676 0.001182 0.000149
1025 3.030449 0.000675 0.000959 0.000147
1026 3.031124 0.000676 0.001027 0.000145
1027 3.0318 0.000675 0.001046 0.000149
1028 3.032475 0.000676 0.001112 0.000146
1029 3.033151 0.000675 0.001054 0.000142
1030 3.033826 0.000676 0.000921 0.000142
1031 3.034502 0.000676 0.001042 0.000141
1032 3.035178 0.000675 0.001039 0.00014
1033 3.035853 0.000676 0.001203 0.000146
1034 3.036529 0.000675 0.001039 0.000148
1035 3.037204 0.000676 0.001127 0.000147
1036 3.03788 0.000675 0.000903 0.000143
1037 3.038555 0.000676 0.000866 0.000142
1038 3.039231 0.000676 0.001148 0.000143
1039 3.039907 0.000675 0.000982 0.000142
1040 3.040582 0.000676 0.000987 0.000144
1041 3.041258 0.000675 0.000921 0.000143
1042 3.041933 0.000676 0.000885 0.00014
1043 3.042609 0.000675 0.000929 0.000142
1044 3.043284 0.000676 0.001114 0.000143
1045 3.04396 0.000676 0.000941 0.000146
1046 3.044636 0.000675 0.00111 0.000147
1047 3.045311 0.000676 0.001064 0.000144
1048 3.045987 0.000675 0.000954 0.000145
1049 3.046662 0.000676 0.001161 0.000146
1050 3.047338 0.000675 0.001025 0.000146
1051 3.048013 0.000676 0.001029 0.000151
1052 3.048689 0.000676 0.001099 0.000148
1053 3.049365 0.000675 0.001193 0.000148
1054 3.05004 0.000676 0.001005 0.00015
1055 3.050716 0.000675 0.000878 0.000148
1056 3.051391 0.000676 0.000972 0.000145
1057 3.052067 0.000675 0.001272 0.000143
1058 3.052742 0.000676 0.001216 0.000148
1059 3.053418 0.000675 0.001001 0.000146
1060 3.054093 0.000676 0.000862 0.000145
1061 3.054769 0.000676 0.000787 0.000146
1062 3.055445 0.000675 0.001013 0.000143
1063 3.05612 0.000676 0.000973 0.000141
1064 3.056796 0.000675 0.000959 0.000137
1065 3.057471 0.000676 0.000964 0.000144
1066 3.058147 0.000675 0.001281 0.000146
1067 3.058822 0.000676 0.001181 0.000145
1068 3.059498 0.000676 0.001207 0.000144
1069 3.060174 0.000675 0.00122 0.000142
1070 3.060849 0.000676 0.000697 0.000139
1071 3.061525 0.000675 0.000917 0.000146
1072 3.0622 0.000676 0.000963 0.000143
1073 3.062876 0.000675 0.001036 0.00014
1074 3.063551 0.000676 0.001055 0.000139
1075 3.064227 0.000676 0.000933 0.000138
1076 3.064903 0.000675 0.001103 0.000144
1077 3.065578 0.000676 0.00108 0.000146
1078 3.066254 0.000675 0.000945 0.000147
1079 3.066929 0.000676 0.00098 0.000146
1080 3.067605 0.000675 0.000923 0.000142
1081 3.06828 0.000676 0.000807 0.00014
1082 3.068956 0.000676 0.000981 0.000141
1083 3.069632 0.000675 0.001016 0.000142
1084 3.070307 0.000676 0.000902 0.000144
1085 3.070983 0.000675 0.000635 0.000141
1086 3.071658 0.000676 0.000766 0.000148
1087 3.072334 0.000675 0.001086 0.000147
1088 3.073009 0.000676 0.001333 0.000143
1089 3.073685 0.000676 0.000915 0.000145
1090 3.074361 0.000675 0.000999 0.000151
1091 3.075036 0.000676 0.001132 0.000147
1092 3.075712 0.000675 0.001167 0.000142
1093 3.076387 0.000676 0.001124 0.000149
1094 3.077063 0.000675 0.000947 0.000144
1095 3.077738 0.000676 0.001071 0.000141
1096 3.078414 0.000675 0.00112 0.000135
1097 3.079089 0.000676 0.000934 0.000141
1098 3.079765 0.000676 0.00097 0.000137
1099 3.080441 0.000675 0.00103 0.000135
1100 3.081116 0.000676 0.001139 0.000136
1101 3.081792 0.000675 0.000988 0.000142
1102 3.082467 0.000676 0.001005 0.000143
1103 3.083143 0.000675 0.001061 0.000141
1104 3.083818 0.000676 0.000975 0.000147
1105 3.084494 0.000676 0.000726 0.000155
1106 3.08517 0.000675 0.000965 0.000141
1107 3.085845 0.000676 0.001079 0.000149
1108 3.086521 0.000675 0.001004 0.000146
1109 3.087196 0.000676 0.000894 0.000142
1110 3.087872 0.000675 0.001046 0.000142
1111 3.088547 0.000676 0.00099 0.000144
1112 3.089223 0.000676 0.000868 0.000144
1113 3.089899 0.000675 0.000859 0.000142
1114 3.090574 0.000676 0.001188 0.000145
1115 3.09125 0.000675 0.00112 0.000141
1116 3.091925 0.000676 0.001118 0.000143
1117 3.092601 0.000675 0.001191 0.000145
1118 3.093276 0.000676 0.001104 0.000144
1119 3.093952 0.000676 0.001102 0.000141
1120 3.094628 0.000675 0.000773 0.000147
1121 3.095303 0.000676 0.001222 0.000142
1122 3.095979 0.000675 0.001184 0.000151
1123 3.096654 0.000676 0.001154 0.000149
1124 3.09733 0.000675 0.001033 0.000139
1125 3.098005 0.000676 0.001228 0.000147
1126 3.098681 0.000676 0.001187 0.000141
1127 3.099357 0.000675 0.001086 0.000144
1128 3.100032 0.000676 0.001106 0.000142
1129 3.100708 0.000675 0.001085 0.000147
1130 3.101383 0.000676 0.001341 0.000137
1131 3.102059 0.000675 0.001181 0.000142
1132 3.102734 0.000676 0.000944 0.000141
1133 3.10341 0.000675 0.000726 0.000141
1134 3.104085 0.000676 0.001015 0.000138
1135 3.104761 0.000676 0.001036 0.00014
1136 3.105437 0.000675 0.001265 0.000142
1137 3.106112 0.000676 0.000976 0.000139
1138 3.106788 0.000675 0.001086 0.000139
1139 3.107463 0.000676 0.000937 0.000135
1140 3.108139 0.000675 0.000856 0.000142
1141 3.108814 0.000676 0.000846 0.000142
1142 3.10949 0.000676 0.000999 0.000144
1143 3.110166 0.000675 0.000827 0.000137
1144 3.110841 0.000676 0.00119 0.000142
1145 3.111517 0.000675 0.001143 0.000144
1146 3.112192 0.000676 0.000997 0.000145
1147 3.112868 0.000675 0.001116 0.000157
1148 3.113543 0.000676 0.000664 0.000147
1149 3.114219 0.000676 0.00076 0.000144
1150 3.114895 0.000675 0.000902 0.000138
1151 3.11557 0.000676 0.001186 0.000144
1152 3.116246 0.000675 0.001232 0.000144
1153 3.116921 0.000676 0.001009 0.000156
1154 3.117597 0.000675 0.0009 0.000134
1155 3.118272 0.000676 0.00087 0.000155
1156 3.118948 0.000676 0.001026 0.000146
1157 3.119624 0.000675 0.000897 0.000146
1158 3.120299 0.000676 0.000801 0.000145
1159 3.120975 0.000675 0.000759 0.000143
1160 3.12165 0.000676 0.001067 0.000144
1161 3.122326 0.000675 0.001003 0.000138
1162 3.123001 0.000676 0.000991 0.000138
1163 3.123677 0.000676 0.001109 0.000138
1164 3.124353 0.000675 0.001318 0.00014
1165 3.125028 0.000676 0.000966 0.00014
1166 3.125704 0.000675 0.000848 0.00014
1167 3.126379 0.000676 0.001021 0.00014
1168 3.127055 0.000675 0.001255 0.000136
1169 3.12773 0.000676 0.001106 0.000142
1170 3.128406 0.000676 0.000897 0.000141
1171 3.129082 0.000675 0.001023 0.000143
1172 3.129757 0.000676 0.000929 0.000146
1173 3.130433 0.000675 0.001015 0.000153
1174 3.131108 0.000676 0.001111 0.000141
1175 3.131784 0.000675 0.001127 0.000147
1176 3.132459 0.000676 0.000931 0.000152
1177 3.133135 0.000675 0.000916 0.000146
1178 3.13381 0.000676 0.001051 0.000147
1179 3.134486 0.000676 0.000877 0.000142
1180 3.135162 0.000675 0.000968 0.000141
1181 3.135837 0.000676 0.000841 0.000143
1182 3.136513 0.000675 0.000982 0.00014
1183 3.137188 0.000676 0.001036 0.000139
1184 3.137864 0.000675 0.001049 0.000143
1185 3.138539 0.000676 0.000983 0.00014
1186 3.139215 0.000676 0.001137 0.000143
1187 3.139891 0.000675 0.001131 0.000139
1188 3.140566 0.000676 0.001133 0.000137
1189 3.141242 0.000675 0.001065 0.000144
1190 3.141917 0.000676 0.000949 0.00014
1191 3.142593 0.000675 0.001215 0.000142
1192 3.143268 0.000676 0.000998 0.000143
1193 3.143944 0.000676 0.000753 0.000148
1194 3.14462 0.000675 0.0007 0.000141
1195 3.145295 0.000676 0.000905 0.000137
1196 3.145971 0.000675 0.001055 0.000139
1197 3.146646 0.000676 0.001092 0.000139
1198 3.147322 0.000675 0.001177 0.000145
1199 3.147997 0.000676 0.001201 0.00014
1200 3.148673 0.000676 0.001163 0.000145
1201 3.149349 0.000675 0.001068 0.000144
1202 3.150024 0.000676 0.000765 0.000143
1203 3.1507 0.000675 0.001009 0.000139
1204 3.151375 0.000676 0.001043 0.000142
1205 3.152051 0.000675 0.001189 0.000136
1206 3.152726 0.000676 0.000952 0.00014
1207 3.153402 0.000676 0.000884 0.000145
1208 3.154078 0.000675 0.001226 0.000146
1209 3.154753 0.000676 0.000968 0.000142
1210 3.155429 0.000675 0.001085 0.000137
1211 3.156104 0.000676 0.00125 0.000146
1212 3.15678 0.000675 0.00097 0.000142
1213 3.157455 0.000676 0.001262 0.000146
1214 3.158131 0.000675 0.000799 0.00014
1215 3.158806 0.000676 0.000646 0.000138
1216 3.159482 0.000676 0.001027 0.000141
1217 3.160158 0.000675 0.000995 0.000139
1218 3.160833 0.000676 0.00096 0.000135
1219 3.161509 0.000675 0.001138 0.000141
1220 3.162184 0.000676 0.001237 0.000145
1221 3.16286 0.000675 0.00105 0.000145
1222 3.163535 0.000676 0.001061 0.000138
1223 3.164211 0.000676 0.001135 0.000137
1224 3.164887 0.000675 0.001208 0.000139
1225 3.165562 0.000676 0.001194 0.000139
1226 3.166238 0.000675 0.001023 0.000141
1227 3.166913 0.000676 0.000969 0.000138
1228 3.167589 0.000675 0.00104 0.000135
1229 3.168264 0.000676 0.000988 0.000143
1230 3.16894 0.000676 0.001272 0.00014
1231 3.169616 0.000675 0.00099 0.000139
1232 3.170291 0.000676 0.000997 0.000138
1233 3.170967 0.000675 0.000881 0.00014
1234 3.171642 0.000676 0.000899 0.000142
1235 3.172318 0.000675 0.000908 0.000142
1236 3.172993 0.000676 0.001031 0.000141
1237 3.173669 0.000676 0.001126 0.000142
1238 3.174345 0.000675 0.000925 0.000141
1239 3.17502 0.000676 0.00112 0.00014
1240 3.175696 0.000675 0.001067 0.00014
1241 3.176371 0.000676 0.00128 0.000144
1242 3.177047 0.000675 0.001268 0.000135
1243 3.177722 0.000676 0.001327 0.000141
1244 3.178398 0.000676 0.00125 0.00014
1245 3.179074 0.000675 0.00111 0.000144
1246 3.179749 0.000676 0.00102 0.000153
1247 3.180425 0.000675 0.00108 0.000147
1248 3.1811 0.000676 0.000897 0.000145
1249 3.181776 0.000675 0.000909 0.000142
1250 3.182451 0.000676 0.000939 0.000143
1251 3.183127 0.000675 0.000876 0.000141
1252 3.183802 0.000676 0.000955 0.000134
1253 3.184478 0.000676 0.001047 0.000136
1254 3.185154 0.000675 0.001002 0.000137
1255 3.185829 0.000676 0.00117 0.000137
1256 3.186505 0.000675 0.001348 0.000133
1257 3.18718 0.000676 0.001072 0.000136
1258 3.187856 0.000675 0.001035 0.000138
1259 3.188531 0.000676 0.001096 0.000142
1260 3.189207 0.000676 0.000921 0.000135
1261 3.189883 0.000675 0.000861 0.000142
1262 3.190558 0.000676 0.000788 0.000141
1263 3.191234 0.000675 0.000884 0.000141
1264 3.191909 0.000676 0.001028 0.000137
1265 3.192585 0.000675 0.000966 0.000139
1266 3.19326 0.000676 0.000887 0.000141
1267 3.193936 0.000676 0.000902 0.000138
1268 3.194612 0.000675 0.000878 0.000142
1269 3.195287 0.000676 0.001131 0.000141
1270 3.195963 0.000675 0.001111 0.000144
1271 3.196638 0.000676 0.00106 0.000136
1272 3.197314 0.000675 0.001094 0.000139
1273 3.197989 0.000676 0.001061 0.000138
1274 3.198665 0.000676 0.001116 0.000142
1275 3.199341 0.000675 0.00113 0.000142
1276 3.200016 0.000676 0.001275 0.000146
1277 3.200692 0.000675 0.00114 0.000143
1278 3.201367 0.000676 0.001122 0.000142
1279 3.202043 0.000675 0.000946 0.000141
1280 3.202718 0.000676 0.001302 0.000144
1281 3.203394 0.000676 0.001096 0.000145
1282 3.20407 0.000675 0.001103 0.000142
1283 3.204745 0.000676 0.001316 0.000143
1284 3.205421 0.000675 0.001152 0.000138
1285 3.206096 0.000676 0.000813 0.000137
1286 3.206772 0.000675 0.000634 0.000156
1287 3.207447 0.000676 0.000988 0.00014
1288 3.208123 0.000675 0.001046 0.000137
1289 3.208798 0.000676 0.001107 0.000136
1290 3.209474 0.000676 0.001107 0.000141
1291 3.21015 0.000675 0.000849 0.00014
1292 3.210825 0.000676 0.000844 0.000141
1293 3.211501 0.000675 0.001216 0.000145
1294 3.212176 0.000676 0.00119 0.000143
1295 3.212852 0.000675 0.001236 0.000138
1296 3.213527 0.000676 0.001066 0.000135
1297 3.214203 0.000676 0.00119 0.000142
1298 3.214879 0.000675 0.001199 0.000143
1299 3.215554 0.000676 0.000827 0.000143
1300 3.21623 0.000675 0.000793 0.000141
1301 3.216905 0.000676 0.000823 0.000145
1302 3.217581 0.000675 0.000902 0.000144
1303 3.218256 0.000676 0.001254 0.000144
1304 3.218932 0.000676 0.00135 0.000144
1305 3.219608 0.000675 0.001037 0.000141
1306 3.220283 0.000676 0.000983 0.000147
1307 3.220959 0.000675 0.001001 0.000147
1308 3.221634 0.000676 0.000989 0.000149
1309 3.22231 0.000675 0.001158 0.000145
1310 3.222985 0.000676 0.001499 0.000145
1311 3.223661 0.000676 0.001086 0.000147
1312 3.224337 0.000675 0.000961 0.000143
1313 3.225012 0.000676 0.000955 0.000141
1314 3.225688 0.000675 0.000839 0.000146
1315 3.226363 0.000676 0.000834 0.000154
1316 3.227039 0.000675 0.001033 0.000147
1317 3.227714 0.000676 0.001048 0.000148
1318 3.22839 0.000676 0.001267 0.000143
1319 3.229066 0.000675 0.000994 0.000146
1320 3.229741 0.000676 0.001069 0.000145
1321 3.230417 0.000675 0.00108 0.000143
1322 3.231092 0.000676 0.001077 0.000146
1323 3.231768 0.000675 0.001029 0.000141
1324 3.232443 0.000676 0.001023 0.000144
1325 3.233119 0.000675 0.00086 0.000142
1326 3.233794 0.000676 0.000797 0.000148
1327 3.23447 0.000676 0.00088 0.000144
1328 3.235146 0.000675 0.000972 0.00014
1329 3.235821 0.000676 0.001097 0.000137
1330 3.236497 0.000675 0.00083 0.000141
1331 3.237172 0.000676 0.001276 0.00014
1332 3.237848 0.000675 0.001228 0.000145
1333 3.238523 0.000676 0.001256 0.000142
1334 3.239199 0.000676 0.001206 0.000146
1335 3.239875 0.000675 0.001154 0.000146
1336 3.24055 0.000676 0.000925 0.000153
1337 3.241226 0.000675 0.0012 0.00015
1338 3.241901 0.000676 0.001033 0.000147
1339 3.242577 0.000675 0.000781 0.000146
1340 3.243252 0.000676 0.000827 0.000144
1341 3.243928 0.000676 0.000944 0.000147
1342 3.244604 0.000675 0.000883 0.000139
1343 3.245279 0.000676 0.000979 0.000142
1344 3.245955 0.000675 0.001005 0.000147
1345 3.24663 0.000676 0.001004 0.000141
1346 3.247306 0.000675 0.000955 0.000142
1347 3.247981 0.000676 0.000967 0.000138
1348 3.248657 0.000676 0.000818 0.000139
1349 3.249333 0.000675 0.000731 0.000143
1350 3.250008 0.000676 0.000759 0.000139
1351 3.250684 0.000675 0.000856 0.000138
1352 3.251359 0.000676 0.000991 0.00014
1353 3.252035 0.000675 0.001111 0.000137
1354 3.25271 0.000676 0.001052 0.000139
1355 3.253386 0.000676 0.000987 0.000134
1356 3.254062 0.000675 0.001185 0.000141
1357 3.254737 0.000676 0.000885 0.000141
1358 3.255413 0.000675 0.000682 0.000142
1359 3.256088 0.000676 0.000727 0.000141
1360 3.256764 0.000675 0.00083 0.000137
1361 3.257439 0.000676 0.000902 0.000139
1362 3.258115 0.000675 0.000953 0.000136
1363 3.25879 0.000676 0.001015 0.000133
1364 3.259466 0.000676 0.001144 0.000138
1365 3.260142 0.000675 0.001157 0.000137
1366 3.260817 0.000676 0.001044 0.00014
1367 3.261493 0.000675 0.000994 0.000138
1368 3.262168 0.000676 0.000941 0.00014
1369 3.262844 0.000675 0.000963 0.000134
1370 3.263519 0.000676 0.000823 0.000139
1371 3.264195 0.000676 0.000951 0.000143
1372 3.264871 0.000675 0.001123 0.000146
1373 3.265546 0.000676 0.001106 0.000142
1374 3.266222 0.000675 0.001017 0.00014
1375 3.266897 0.000676 0.00093 0.000142
1376 3.267573 0.000675 0.001106 0.000138
1377 3.268248 0.000676 0.000994 0.000136
1378 3.268924 0.000676 0.001036 0.000141
1379 3.2696 0.000675 0.000991 0.000143
1380 3.270275 0.000676 0.001013 0.00014
1381 3.270951 0.000675 0.000906 0.000141
1382 3.271626 0.000676 0.000702 0.000137
1383 3.272302 0.000675 0.000994 0.000137
1384 3.272977 0.000676 0.001065 0.000138
1385 3.273653 0.000676 0.000997 0.000139
1386 3.274329 0.000675 0.001165 0.00015
1387 3.275004 0.000676 0.001005 0.000148
1388 3.27568 0.000675 0.001013 0.000138
1389 3.276355 0.000676 0.001069 0.000139
1390 3.277031 0.000675 0.00114 0.000138
1391 3.277706 0.000676 0.001478 0.000139
1392 3.278382 0.000676 0.00093 0.000136
1393 3.279058 0.000675 0.000912 0.000141
1394 3.279733 0.000676 0.001059 0.000142
1395 3.280409 0.000675 0.001022 0.000135
1396 3.281084 0.000676 0.001081 0.000139
1397 3.28176 0.000675 0.001229 0.00014
1398 3.282435 0.000676 0.001221 0.000139
1399 3.283111 0.000675 0.001071 0.000137
1400 3.283786 0.000676 0.001095 0.000139
1401 3.284462 0.000676 0.000969 0.000137
1402 3.285138 0.000675 0.001079 0.000142
1403 3.285813 0.000676 0.000878 0.000137
1404 3.286489 0.000675 0.000967 0.000137
1405 3.287164 0.000676 0.001074 0.000139
1406 3.28784 0.000675 0.001091 0.000142
1407 3.288515 0.000676 0.001048 0.000141
1408 3.289191 0.000676 0.000953 0.000138
1409 3.289867 0.000675 0.000781 0.000137
1410 3.290542 0.000676 0.001121 0.000136
1411 3.291218 0.000675 0.001054 0.000135
1412 3.291893 0.000676 0.000813 0.000141
1413 3.292569 0.000675 0.001053 0.000138
1414 3.293244 0.000676 0.001001 0.00014
1415 3.29392 0.000676 0.000993 0.000141
1416 3.294596 0.000675 0.000834 0.00014
1417 3.295271 0.000676 0.001131 0.000145
1418 3.295947 0.000675 0.001204 0.000134
1419 3.296622 0.000676 0.001055 0.00014
1420 3.297298 0.000675 0.000891 0.00014
1421 3.297973 0.000676 0.000744 0.000142
1422 3.298649 0.000676 0.001008 0.000142
1423 3.299325 0.000675 0.000977 0.000136
1424 3.3 0.000676 0.001124 0.000139
1425 3.300676 0.000675 0.001039 0.000135
1426 3.301351 0.000676 0.000857 0.000136
1427 3.302027 0.000675 0.000694 0.00014
1428 3.302702 0.000676 0.001045 0.000141
1429 3.303378 0.000676 0.001117 0.000136
1430 3.304054 0.000675 0.001115 0.000134
1431 3.304729 0.000676 0.001293 0.000138
1432 3.305405 0.000675 0.001066 0.000134
1433 3.30608 0.000676 0.000891 0.000141
1434 3.306756 0.000675 0.001096 0.000136
1435 3.307431 0.000676 0.001197 0.000137
1436 3.308107 0.000675 0.000957 0.000137
1437 3.308782 0.000676 0.000798 0.00014
1438 3.309458 0.000676 0.001107 0.00014
1439 3.310134 0.000675 0.001005 0.000139
1440 3.310809 0.000676 0.001041 0.000139
1441 3.311485 0.000675 0.001155 0.000145
1442 3.31216 0.000676 0.001046 0.000139
1443 3.312836 0.000675 0.000666 0.000141
1444 3.313511 0.000676 0.001005 0.00014
1445 3.314187 0.000676 0.000739 0.000138
1446 3.314863 0.000675 0.000653 0.000137
1447 3.315538 0.000676 0.000738 0.000138
1448 3.316214 0.000675 0.000772 0.000141
1449 3.316889 0.000676 0.000689 0.000137
1450 3.317565 0.000675 0.000846 0.000139
1451 3.31824 0.000676 0.000878 0.000136
1452 3.318916 0.000676 0.001004 0.000143
1453 3.319592 0.000675 0.000834 0.000148
1454 3.320267 0.000676 0.00097 0.000138
1455 3.320943 0.000675 0.000883 0.000136
1456 3.321618 0.000676 0.000918 0.000139
1457 3.322294 0.000675 0.000881 0.00014
1458 3.322969 0.000676 0.001011 0.000142
1459 3.323645 0.000676 0.000807 0.000136
1460 3.324321 0.000675 0.001021 0.00014
1461 3.324996 0.000676 0.001066 0.00014
1462 3.325672 0.000675 0.001004 0.000141
1463 3.326347 0.000676 0.000917 0.000139
1464 3.327023 0.000675 0.001176 0.000135
1465 3.327698 0.000676 0.001018 0.000138
1466 3.328374 0.000676 0.000758 0.000134
1467 3.32905 0.000675 0.00104 0.000132
1468 3.329725 0.000676 0.001119 0.000136
1469 3.330401 0.000675 0.001151 0.000142
1470 3.331076 0.000676 0.000948 0.000136
1471 3.331752 0.000675 0.001124 0.000136
1472 3.332427 0.000676 0.001143 0.000136
1473 3.333103 0.000675 0.001371 0.000137
1474 3.333778 0.000676 0.000936 0.000139
1475 3.334454 0.000676 0.00079 0.000135
1476 3.33513 0.000675 0.00085 0.000138
1477 3.335805 0.000676 0.000949 0.000139
1478 3.336481 0.000675 0.000955 0.000146
1479 3.337156 0.000676 0.000925 0.000144
1480 3.337832 0.000675 0.001021 0.000142
1481 3.338507 0.000676 0.000842 0.000144
1482 3.339183 0.000676 0.000817 0.000144
1483 3.339859 0.000675 0.000929 0.000145
1484 3.340534 0.000676 0.000938 0.000142
1485 3.34121 0.000675 0.000904 0.000143
1486 3.341885 0.000676 0.00088 0.000142
1487 3.342561 0.000675 0.001033 0.000143
1488 3.343236 0.000676 0.000963 0.000145
1489 3.343912 0.000676 0.000869 0.00014
1490 3.344588 0.000675 0.000936 0.000148
1491 3.345263 0.000676 0.001173 0.000139
1492 3.345939 0.000675 0.001042 0.00014
1493 3.346614 0.000676 0.000795 0.000139
1494 3.34729 0.000675 0.001147 0.000141
1495 3.347965 0.000676 0.001131 0.000135
1496 3.348641 0.000676 0.000992 0.000133
1497 3.349317 0.000675 0.00077 0.000138
1498 3.349992 0.000676 0.000932 0.000139
1499 3.350668 0.000675 0.001092 0.000142
1500 3.351343 0.000676 0.000843 0.000138
1501 3.352019 0.000675 0.00089 0.00014
1502 3.352694 0.000676 0.001071 0.000134
1503 3.35337 0.000676 0.001087 0.000137
1504 3.354046 0.000675 0.001221 0.000141
1505 3.354721 0.000676 0.001145 0.000137
1506 3.355397 0.000675 0.000988 0.000142
1507 3.356072 0.000676 0.000953 0.000148
1508 3.356748 0.000675 0.000885 0.00014
1509 3.357423 0.000676 0.000917 0.000142
1510 3.358099 0.000675 0.000929 0.000139
1511 3.358774 0.000676 0.000829 0.000144
1512 3.35945 0.000676 0.000999 0.00014
1513 3.360126 0.000675 0.000875 0.000147
1514 3.360801 0.000676 0.000821 0.000141
1515 3.361477 0.000675 0.001125 0.000146
1516 3.362152 0.000676 0.00125 0.000138
1517 3.362828 0.000675 0.001155 0.00014
1518 3.363503 0.000676 0.000834 0.000138
1519 3.364179 0.000676 0.000912 0.000135
1520 3.364855 0.000675 0.001138 0.000139
1521 3.36553 0.000676 0.001007 0.000138
1522 3.366206 0.000675 0.001101 0.000137
1523 3.366881 0.000676 0.00085 0.000134
1524 3.367557 0.000675 0.001018 0.00014
1525 3.368232 0.000676 0.001117 0.00014
1526 3.368908 0.000676 0.001118 0.000142
1527 3.369584 0.000675 0.001073 0.00014
1528 3.370259 0.000676 0.001114 0.000137
1529 3.370935 0.000675 0.001001 0.000136
1530 3.37161 0.000676 0.001114 0.000137
1531 3.372286 0.000675 0.00098 0.00014
1532 3.372961 0.000676 0.00102 0.000137
1533 3.373637 0.000676 0.001071 0.000141
1534 3.374313 0.000675 0.001175 0.00014
1535 3.374988 0.000676 0.00123 0.000137
1536 3.375664 0.000675 0.000999 0.000136
1537 3.376339 0.000676 0.000893 0.000141
1538 3.377015 0.000675 0.000926 0.000141
1539 3.37769 0.000676 0.000854 0.000141
1540 3.378366 0.000676 0.000899 0.000147
1541 3.379042 0.000675 0.000917 0.000141
1542 3.379717 0.000676 0.000982 0.000144
1543 3.380393 0.000675 0.000832 0.000147
1544 3.381068 0.000676 0.001063 0.000143
1545 3.381744 0.000675 0.001049 0.000141
1546 3.382419 0.000676 0.00106 0.000142
1547 3.383095 0.000675 0.001023 0.00014
1548 3.38377 0.000676 0.000942 0.000137
1549 3.384446 0.000676 0.001171 0.000139
1550 3.385122 0.000675 0.001059 0.000136
1551 3.385797 0.000676 0.001066 0.000139
1552 3.386473 0.000675 0.001232 0.00014
1553 3.387148 0.000676 0.001095 0.00014
1554 3.387824 0.000675 0.000745 0.000142
1555 3.388499 0.000676 0.000793 0.000141
1556 3.389175 0.000676 0.000843 0.000137
1557 3.389851 0.000675 0.000791 0.000148
1558 3.390526 0.000676 0.000993 0.000136
1559 3.391202 0.000675 0.001029 0.000134
1560 3.391877 0.000676 0.001049 0.000138
1561 3.392553 0.000675 0.0011 0.000139
1562 3.393228 0.000676 0.001342 0.000144
1563 3.393904 0.000676 0.001087 0.000143
1564 3.39458 0.000675 0.000555 0.000146
1565 3.395255 0.000676 0.00076 0.000141
1566 3.395931 0.000675 0.000894 0.000137
1567 3.396606 0.000676 0.000852 0.000138
1568 3.397282 0.000675 0.000593 0.000146
1569 3.397957 0.000676 0.000971 0.000145
1570 3.398633 0.000676 0.001124 0.000139
1571 3.399309 0.000675 0.000974 0.00014
1572 3.399984 0.000676 0.001033 0.000133
1573 3.40066 0.000675 0.001053 0.000136
1574 3.401335 0.000676 0.000959 0.00014
1575 3.402011 0.000675 0.000927 0.000145
1576 3.402686 0.000676 0.001023 0.000141
1577 3.403362 0.000676 0.000993 0.000139
1578 3.404038 0.000675 0.000865 0.000143
1579 3.404713 0.000676 0.000704 0.000145
1580 3.405389 0.000675 0.001072 0.000137
1581 3.406064 0.000676 0.001154 0.000142
1582 3.40674 0.000675 0.00119 0.00014
1583 3.407415 0.000676 0.001076 0.000142
1584 3.408091 0.000675 0.000982 0.000144
1585 3.408766 0.000676 0.000895 0.000144
1586 3.409442 0.000676 0.000799 0.000142
1587 3.410118 0.000675 0.000805 0.000143
1588 3.410793 0.000676 0.001066 0.000138
1589 3.411469 0.000675 0.000861 0.00014
1590 3.412144 0.000676 0.000852 0.000148
1591 3.41282 0.000675 0.000838 0.000144
1592 3.413495 0.000676 0.000749 0.00014
1593 3.414171 0.000676 0.000891 0.000149
1594 3.414847 0.000675 0.000919 0.000142
1595 3.415522 0.000676 0.001136 0.000143
1596 3.416198 0.000675 0.000986 0.000142
1597 3.416873 0.000676 0.00071 0.000136
1598 3.417549 0.000675 0.000849 0.000139
1599 3.418224 0.000676 0.000969 0.000136
1600 3.4189 0.000676 0.001122 0.000136
1601 3.419576 0.000675 0.001068 0.00014
1602 3.420251 0.000676 0.000988 0.000141
1603 3.420927 0.000675 0.001094 0.000136
1604 3.421602 0.000676 0.000969 0.000138
1605 3.422278 0.000675 0.001081 0.000145
1606 3.422953 0.000676 0.001127 0.000136
1607 3.423629 0.000676 0.001081 0.000138
1608 3.424305 0.000675 0.000738 0.000136
1609 3.42498 0.000676 0.000989 0.000141
1610 3.425656 0.000675 0.00097 0.000141
1611 3.426331 0.000676 0.00122 0.000142
1612 3.427007 0.000675 0.000785 0.000138
1613 3.427682 0.000676 0.000953 0.00014
1614 3.428358 0.000676 0.001133 0.000144
1615 3.429034 0.000675 0.001229 0.000141
1616 3.429709 0.000676 0.000852 0.000141
1617 3.430385 0.000675 0.000928 0.000137
1618 3.43106 0.000676 0.000956 0.000137
1619 3.431736 0.000675 0.000859 0.00014
1620 3.432411 0.000676 0.001088 0.000142
1621 3.433087 0.000676 0.001001 0.000139
1622 3.433763 0.000675 0.000934 0.000136
1623 3.434438 0.000676 0.001145 0.000142
1624 3.435114 0.000675 0.000967 0.000137
1625 3.435789 0.000676 0.001097 0.000144
1626 3.436465 0.000675 0.001163 0.00014
1627 3.43714 0.000676 0.001027 0.000146
1628 3.437816 0.000675 0.000995 0.000139
1629 3.438491 0.000676 0.000907 0.000137
1630 3.439167 0.000676 0.000782 0.00014
1631 3.439843 0.000675 0.000948 0.000139
1632 3.440518 0.000676 0.000752 0.000144
1633 3.441194 0.000675 0.001058 0.000142
1634 3.441869 0.000676 0.001125 0.00014
1635 3.442545 0.000675 0.00104 0.000136
1636 3.44322 0.000676 0.000906 0.000141
1637 3.443896 0.000676 0.000903 0.000142
1638 3.444572 0.000675 0.000971 0.000138
1639 3.445247 0.000676 0.000943 0.000138
1640 3.445923 0.000675 0.001167 0.000137
1641 3.446598 0.000676 0.001218 0.000141
1642 3.447274 0.000675 0.00099 0.000141
1643 3.447949 0.000676 0.000714 0.000136
1644 3.448625 0.000676 0.00099 0.000139
1645 3.449301 0.000675 0.000977 0.000146
1646 3.449976 0.000676 0.000743 0.000141
1647 3.450652 0.000675 0.000893 0.000137
1648 3.451327 0.000676 0.001251 0.000135
1649 3.452003 0.000675 0.001044 0.000141
1650 3.452678 0.000676 0.000944 0.000142
1651 3.453354 0.000676 0.000978 0.000134
1652 3.45403 0.000675 0.000779 0.000135
1653 3.454705 0.000676 0.001097 0.000132
1654 3.455381 0.000675 0.001108 0.000138
1655 3.456056 0.000676 0.001368 0.000146
1656 3.456732 0.000675 0.001132 0.000144
1657 3.457407 0.000676 0.001003 0.000173
1658 3.458083 0.000676 0.001247 0.000146
1659 3.458759 0.000675 0.001062 0.000142
1660 3.459434 0.000676 0.000968 0.000141
1661 3.46011 0.000675 0.001109 0.000142
1662 3.460785 0.000676 0.001202 0.000138
1663 3.461461 0.000675 0.000757 0.00014
1664 3.462136 0.000676 0.000879 0.000138
1665 3.462812 0.000675 0.001131 0.000133
1666 3.463487 0.000676 0.001076 0.000137
1667 3.464163 0.000676 0.001151 0.000134
1668 3.464839 0.000675 0.000972 0.000138
1669 3.465514 0.000676 0.001002 0.000138
1670 3.46619 0.000675 0.000997 0.000138
1671 3.466865 0.000676 0.000868 0.00014
1672 3.467541 0.000675 0.00104 0.000139
1673 3.468216 0.000676 0.001137 0.000139
1674 3.468892 0.000676 0.001116 0.000139
1675 3.469568 0.000675 0.000905 0.00014
1676 3.470243 0.000676 0.000995 0.000136
1677 3.470919 0.000675 0.000998 0.000136
1678 3.471594 0.000676 0.001067 0.000137
1679 3.47227 0.000675 0.001267 0.000139
1680 3.472945 0.000676 0.001044 0.000141
1681 3.473621 0.000676 0.001017 0.000141
1682 3.474297 0.000675 0.001045 0.000138
1683 3.474972 0.000676 0.000905 0.000143
1684 3.475648 0.000675 0.000878 0.000139
1685 3.476323 0.000676 0.001248 0.000139
1686 3.476999 0.000675 0.001297 0.000142
1687 3.477674 0.000676 0.001137 0.000136
1688 3.47835 0.000676 0.000953 0.000138
1689 3.479026 0.000675 0.001128 0.000137
1690 3.479701 0.000676 0.000875 0.00014
1691 3.480377 0.000675 0.000946 0.000141
1692 3.481052 0.000676 0.001007 0.000139
1693 3.481728 0.000675 0.000937 0.00014
1694 3.482403 0.000676 0.000687 0.000138
1695 3.483079 0.000676 0.000794 0.000139
1696 3.483755 0.000675 0.000726 0.000138
1697 3.48443 0.000676 0.001109 0.000142
1698 3.485106 0.000675 0.000683 0.000138
1699 3.485781 0.000676 0.000967 0.00014
1700 3.486457 0.000675 0.000926 0.000142
1701 3.487132 0.000676 0.000841 0.000137
1702 3.487808 0.000675 0.001079 0.000142
1703 3.488483 0.000676 0.001143 0.000142
1704 3.489159 0.000676 0.00108 0.00014
1705 3.489835 0.000675 0.00085 0.000139
1706 3.49051 0.000676 0.001056 0.00014
1707 3.491186 0.000675 0.00084 0.000144
1708 3.491861 0.000676 0.001245 0.000143
1709 3.492537 0.000675 0.001042 0.000141
1710 3.493212 0.000676 0.001178 0.000143
1711 3.493888 0.000676 0.001121 0.000144
1712 3.494564 0.000675 0.000836 0.000141
1713 3.495239 0.000676 0.001033 0.000147
1714 3.495915 0.000675 0.000939 0.000142
1715 3.49659 0.000676 0.001017 0.000137
1716 3.497266 0.000675 0.001294 0.000135
1717 3.497941 0.000676 0.001177 0.000144
1718 3.498617 0.000676 0.001014 0.000137
1719 3.499293 0.000675 0.001007 0.000141
1720 3.499968 0.000676 0.001117 0.00014
1721 3.500644 0.000675 0.000877 0.00014
1722 3.501319 0.000676 0.000828 0.000138
1723 3.501995 0.000675 0.001022 0.000138
1724 3.50267 0.000676 0.001013 0.000138
1725 3.503346 0.000676 0.000944 0.000136
1726 3.504022 0.000675 0.001279 0.00014
1727 3.504697 0.000676 0.001229 0.000138
1728 3.505373 0.000675 0.001195 0.000139
1729 3.506048 0.000676 0.001115 0.00014
1730 3.506724 0.000675 0.000628 0.000142
1731 3.507399 0.000676 0.000922 0.000137
1732 3.508075 0.000676 0.001164 0.00014
1733 3.508751 0.000675 0.000781 0.000138
1734 3.509426 0.000676 0.001142 0.000142
1735 3.510102 0.000675 0.001014 0.000139
1736 3.510777 0.000676 0.00112 0.000143
1737 3.511453 0.000675 0.00119 0.000146
1738 3.512128 0.000676 0.001107 0.000146
1739 3.512804 0.000675 0.000998 0.000143
1740 3.513479 0.000676 0.001072 0.000149
1741 3.514155 0.000676 0.001269 0.000145
1742 3.514831 0.000675 0.001155 0.00014
1743 3.515506 0.000676 0.000861 0.000142
1744 3.516182 0.000675 0.000957 0.000137
1745 3.516857 0.000676 0.001034 0.000141
1746 3.517533 0.000675 0.000745 0.000139
1747 3.518208 0.000676 0.001152 0.00014
1748 3.518884 0.000676 0.000944 0.000144
1749 3.51956 0.000675 0.000813 0.00014
1750 3.520235 0.000676 0.000986 0.000144
1751 3.520911 0.000675 0.001006 0.000149
1752 3.521586 0.000676 0.001015 0.00015
1753 3.522262 0.000675 0.001165 0.000146
1754 3.522937 0.000676 0.001184 0.000142
1755 3.523613 0.000676 0.001236 0.000142
1756 3.524289 0.000675 0.000871 0.000138
1757 3.524964 0.000676 0.001008 0.000139
1758 3.52564 0.000675 0.000885 0.000143
1759 3.526315 0.000676 0.000835 0.000139
1760 3.526991 0.000675 0.001191 0.000136
1761 3.527666 0.000676 0.001215 0.000138
1762 3.528342 0.000676 0.001008 0.000143
1763 3.529018 0.000675 0.001012 0.000139
1764 3.529693 0.000676 0.000852 0.000138
1765 3.530369 0.000675 0.000942 0.000137
1766 3.531044 0.000676 0.001014 0.000137
1767 3.53172 0.000675 0.000917 0.000138
1768 3.532395 0.000676 0.000927 0.000143
1769 3.533071 0.000676 0.001047 0.000144
1770 3.533747 0.000675 0.001152 0.000153
1771 3.534422 0.000676 0.000906 0.000165
1772 3.535098 0.000675 0.000558 0.000164
1773 3.535773 0.000676 0.000815 0.00014
1774 3.536449 0.000675 0.00104 0.000141
1775 3.537124 0.000676 0.001147 0.00014
1776 3.5378 0.000675 0.001079 0.000143
1777 3.538475 0.000676 0.00114 0.00014
1778 3.539151 0.000676 0.001124 0.000145
1779 3.539827 0.000675 0.001031 0.000146
1780 3.540502 0.000676 0.001082 0.000139
1781 3.541178 0.000675 0.001068 0.000137
1782 3.541853 0.000676 0.001056 0.000137
1783 3.542529 0.000675 0.000887 0.000137
1784 3.543204 0.000676 0.000961 0.000139
1785 3.54388 0.000676 0.000788 0.00014
1786 3.544556 0.000675 0.000955 0.000142
1787 3.545231 0.000676 0.001006 0.000141
1788 3.545907 0.000675 0.000934 0.000139
1789 3.546582 0.000676 0.000886 0.000137
1790 3.547258 0.000675 0.000944 0.000142
1791 3.547933 0.000676 0.000919 0.000142
1792 3.548609 0.000676 0.001012 0.000142
1793 3.549285 0.000675 0.00084 0.000143
1794 3.54996 0.000676 0.000878 0.000141
1795 3.550636 0.000675 0.000961 0.000139
1796 3.551311 0.000676 0.001105 0.000155
1797 3.551987 0.000675 0.000845 0.000146
1798 3.552662 0.000676 0.001207 0.000142
1799 3.553338 0.000676 0.001237 0.000145
1800 3.554014 0.000675 0.000994 0.000143
1801 3.554689 0.000676 0.000917 0.000141
1802 3.555365 0.000675 0.0009 0.00014
1803 3.55604 0.000676 0.001064 0.000142
1804 3.556716 0.000675 0.00121 0.000141
1805 3.557391 0.000676 0.001058 0.000143
1806 3.558067 0.000676 0.001027 0.000148
1807 3.558743 0.000675 0.00108 0.000136
1808 3.559418 0.000676 0.000922 0.000142
1809 3.560094 0.000675 0.000942 0.000138
1810 3.560769 0.000676 0.000976 0.000139
1811 3.561445 0.000675 0.000927 0.000141
1812 3.56212 0.000676 0.000941 0.000141
1813 3.562796 0.000675 0.001121 0.000142
1814 3.563471 0.000676 0.001007 0.00014
1815 3.564147 0.000676 0.001072 0.000136
1816 3.564823 0.000675 0.001159 0.000138
1817 3.565498 0.000676 0.000929 0.000143
1818 3.566174 0.000675 0.001026 0.000142
1819 3.566849 0.000676 0.000924 0.000149
1820 3.567525 0.000675 0.000938 0.000142
1821 3.5682 0.000676 0.000872 0.000144
1822 3.568876 0.000676 0.00091 0.000143
1823 3.569552 0.000675 0.000983 0.000139
1824 3.570227 0.000676 0.001036 0.000148
1825 3.570903 0.000675 0.001054 0.000144
1826 3.571578 0.000676 0.001285 0.000143
1827 3.572254 0.000675 0.001061 0.000145
1828 3.572929 0.000676 0.000836 0.000137
1829 3.573605 0.000676 0.001156 0.00014
1830 3.574281 0.000675 0.001249 0.000141
1831 3.574956 0.000676 0.000986 0.000139
1832 3.575632 0.000675 0.001166 0.00015
1833 3.576307 0.000676 0.000952 0.000147
1834 3.576983 0.000675 0.000988 0.000144
1835 3.577658 0.000676 0.001053 0.000143
1836 3.578334 0.000676 0.001105 0.000141
1837 3.57901 0.000675 0.001121 0.000144
1838 3.579685 0.000676 0.001038 0.000145
1839 3.580361 0.000675 0.001067 0.000139
1840 3.581036 0.000676 0.000972 0.000143
1841 3.581712 0.000675 0.00101 0.000142
1842 3.582387 0.000676 0.000962 0.000142
1843 3.583063 0.000676 0.001112 0.000142
1844 3.583739 0.000675 0.001006 0.000144
1845 3.584414 0.000676 0.001085 0.000141
1846 3.58509 0.000675 0.001366 0.000143
1847 3.585765 0.000676 0.001311 0.000141
1848 3.586441 0.000675 0.001143 0.000142
1849 3.587116 0.000676 0.001015 0.000142
1850 3.587792 0.000675 0.000914 0.000146
1851 3.588467 0.000676 0.001073 0.000147
1852 3.589143 0.000676 0.000902 0.000151
1853 3.589819 0.000675 0.000995 0.000146
1854 3.590494 0.000676 0.000818 0.000142
1855 3.59117 0.000675 0.000858 0.000142
1856 3.591845 0.000676 0.001059 0.000145
1857 3.592521 0.000675 0.001138 0.000143
1858 3.593196 0.000676 0.001217 0.000141
1859 3.593872 0.000676 0.001068 0.000144
1860 3.594548 0.000675 0.000965 0.000138
1861 3.595223 0.000676 0.001018 0.000138
1862 3.595899 0.000675 0.001062 0.000143
1863 3.596574 0.000676 0.001038 0.000157
1864 3.59725 0.000675 0.000987 0.000145
1865 3.597925 0.000676 0.00091 0.000143
1866 3.598601 0.000676 0.000932 0.000146
1867 3.599277 0.000675 0.000827 0.00014
1868 3.599952 0.000676 0.001 0.000143
1869 3.600628 0.000675 0.000775 0.000151
1870 3.601303 0.000676 0.001156 0.000144
1871 3.601979 0.000675 0.000843 0.000148
1872 3.602654 0.000676 0.000836 0.000144
1873 3.60333 0.000676 0.001064 0.000144
1874 3.604006 0.000675 0.00091 0.000148
1875 3.604681 0.000676 0.00089 0.000144
1876 3.605357 0.000675 0.001041 0.000143
1877 3.606032 0.000676 0.001021 0.000144
1878 3.606708 0.000675 0.001044 0.000141
1879 3.607383 0.000676 0.000895 0.00014
1880 3.608059 0.000676 0.000612 0.000141
1881 3.608735 0.000675 0.000914 0.000141
1882 3.60941 0.000676 0.001063 0.000143
1883 3.610086 0.000675 0.001131 0.00014
1884 3.610761 0.000676 0.001134 0.000141
1885 3.611437 0.000675 0.001232 0.000146
1886 3.612112 0.000676 0.000933 0.000143
1887 3.612788 0.000675 0.001042 0.000148
1888 3.613463 0.000676 0.000734 0.000146
1889 3.614139 0.000676 0.000985 0.000148
1890 3.614815 0.000675 0.00117 0.000147
1891 3.61549 0.000676 0.001123 0.00014
1892 3.616166 0.000675 0.000948 0.000143
1893 3.616841 0.000676 0.001001 0.000142
1894 3.617517 0.000675 0.00109 0.000142
1895 3.618192 0.000676 0.000883 0.00014
1896 3.618868 0.000676 0.000993 0.000143
1897 3.619544 0.000675 0.000868 0.00014
1898 3.620219 0.000676 0.000738 0.000141
1899 3.620895 0.000675 0.000852 0.000144
1900 3.62157 0.000676 0.000949 0.000141
1901 3.622246 0.000675 0.000892 0.000141
1902 3.622921 0.000676 0.001063 0.000138
1903 3.623597 0.000676 0.000876 0.000146
1904 3.624273 0.000675 0.000852 0.000145
1905 3.624948 0.000676 0.00116 0.000144
1906 3.625624 0.000675 0.001244 0.000139
1907 3.626299 0.000676 0.001107 0.000141
1908 3.626975 0.000675 0.001296 0.000144
1909 3.62765 0.000676 0.001173 0.000142
1910 3.628326 0.000676 0.000981 0.000141
1911 3.629002 0.000675 0.000986 0.000142
1912 3.629677 0.000676 0.000789 0.000144
1913 3.630353 0.000675 0.000909 0.000146
1914 3.631028 0.000676 0.001364 0.000147
1915 3.631704 0.000675 0.001102 0.000155
1916 3.632379 0.000676 0.001248 0.000134
1917 3.633055 0.000676 0.001335 0.000154
1918 3.633731 0.000675 0.001024 0.000142
1919 3.634406 0.000676 0.000944 0.000143
1920 3.635082 0.000675 0.001105 0.000147
1921 3.635757 0.000676 0.000926 0.000143
1922 3.636433 0.000675 0.000705 0.000144
1923 3.637108 0.000676 0.000792 0.000148
1924 3.637784 0.000675 0.000914 0.000148
1925 3.638459 0.000676 0.001129 0.00015
1926 3.639135 0.000676 0.000977 0.000143
1927 3.639811 0.000675 0.000779 0.000145
1928 3.640486 0.000676 0.001095 0.000141
1929 3.641162 0.000675 0.001112 0.000143
1930 3.641837 0.000676 0.001198 0.000146
1931 3.642513 0.000675 0.001238 0.000147
1932 3.643188 0.000676 0.00101 0.000149
1933 3.643864 0.000676 0.00102 0.000148
1934 3.64454 0.000675 0.001044 0.000143
1935 3.645215 0.000676 0.000984 0.000148
1936 3.645891 0.000675 0.001048 0.000146
1937 3.646566 0.000676 0.001274 0.000146
1938 3.647242 0.000675 0.000678 0.000145
1939 3.647917 0.000676 0.00101 0.000148
1940 3.648593 0.000676 0.001032 0.000146
1941 3.649269 0.000675 0.00117 0.000145
1942 3.649944 0.000676 0.001083 0.000142
1943 3.65062 0.000675 0.000945 0.000151
1944 3.651295 0.000676 0.00115 0.000148
1945 3.651971 0.000675 0.001141 0.000146
1946 3.652646 0.000676 0.001082 0.000146
1947 3.653322 0.000676 0.001064 0.000146
1948 3.653998 0.000675 0.00087 0.000152
1949 3.654673 0.000676 0.001069 0.00015
1950 3.655349 0.000675 0.001053 0.000149
1951 3.656024 0.000676 0.0011 0.000146
1952 3.6567 0.000675 0.001196 0.000148
1953 3.657375 0.000676 0.000891 0.000145
1954 3.658051 0.000676 0.000825 0.000148
1955 3.658727 0.000675 0.000995 0.000145
1956 3.659402 0.000676 0.001008 0.000147
1957 3.660078 0.000675 0.000968 0.000149
1958 3.660753 0.000676 0.000974 0.000151
1959 3.661429 0.000675 0.001182 0.000147
1960 3.662104 0.000676 0.001132 0.000152
1961 3.66278 0.000675 0.000869 0.000146
1962 3.663455 0.000676 0.001264 0.000147
1963 3.664131 0.000676 0.001016 0.000146
1964 3.664807 0.000675 0.00105 0.000144
1965 3.665482 0.000676 0.001026 0.000154
1966 3.666158 0.000675 0.001105 0.000155
1967 3.666833 0.000676 0.001069 0.000147
1968 3.667509 0.000675 0.000941 0.000145
1969 3.668184 0.000676 0.001179 0.000147
1970 3.66886 0.000676 0.001275 0.000142
1971 3.669536 0.000675 0.00118 0.000143
1972 3.670211 0.000676 0.001097 0.000144
1973 3.670887 0.000675 0.001217 0.000141
1974 3.671562 0.000676 0.001087 0.000142
1975 3.672238 0.000675 0.001049 0.000142
1976 3.672913 0.000676 0.001144 0.000142
1977 3.673589 0.000676 0.000953 0.000148
1978 3.674265 0.000675 0.000646 0.000152
1979 3.67494 0.000676 0.000491 0.000143
1980 3.675616 0.000675 0.000889 0.000143
1981 3.676291 0.000676 0.000844 0.000146
1982 3.676967 0.000675 0.000979 0.000145
1983 3.677642 0.000676 0.001007 0.000146
1984 3.678318 0.000676 0.000888 0.000144
1985 3.678994 0.000675 0.000888 0.000144
1986 3.679669 0.000676 0.000876 0.000143
1987 3.680345 0.000675 0.000864 0.000147
1988 3.68102 0.000676 0.000971 0.000147
1989 3.681696 0.000675 0.000896 0.000143
1990 3.682371 0.000676 0.001198 0.000144
1991 3.683047 0.000676 0.001255 0.000144
1992 3.683723 0.000675 0.001249 0.000147
1993 3.684398 0.000676 0.000963 0.000146
1994 3.685074 0.000675 0.001167 0.000148
1995 3.685749 0.000676 0.001015 0.00015
1996 3.686425 0.000675 0.001139 0.000155
1997 3.6871 0.000676 0.000928 0.000143
1998 3.687776 0.000675 0.00108 0.000143
1999 3.688451 0.000676 0.000964 0.000142
2000 3.689127 0.000676 0.000984 0.000143
2001 3.689803 0.000675 0.001049 0.00014
2002 3.690478 0.000676 0.00114 0.000148
2003 3.691154 0.000675 0.001071 0.000144
2004 3.691829 0.000676 0.001118 0.000147
2005 3.692505 0.000675 0.000996 0.000143
2006 3.69318 0.000676 0.000798 0.000141
2007 3.693856 0.000676 0.000963 0.000144
2008 3.694532 0.000675 0.001043 0.00015
2009 3.695207 0.000676 0.001133 0.000149
2010 3.695883 0.000675 0.001173 0.000146
2011 3.696558 0.000676 0.000995 0.000145
2012 3.697234 0.000675 0.001074 0.000147
2013 3.697909 0.000676 0.001014 0.00015
2014 3.698585 0.000676 0.000946 0.000151
2015 3.699261 0.000675 0.001034 0.000147
2016 3.699936 0.000676 0.001217 0.000152
2017 3.700612 0.000675 0.001275 0.00015
2018 3.701287 0.000676 0.001071 0.000147
2019 3.701963 0.000675 0.000964 0.000146
2020 3.702638 0.000676 0.001058 0.000143
2021 3.703314 0.000676 0.001058 0.000144
2022 3.70399 0.000675 0.001133 0.000132
2023 3.704665 0.000676 0.001096 0.000145
2024 3.705341 0.000675 0.001128 0.000146
2025 3.706016 0.000676 0.000942 0.000147
2026 3.706692 0.000675 0.000906 0.000144
2027 3.707367 0.000676 0.001101 0.00015
2028 3.708043 0.000676 0.001004 0.000155
2029 3.708719 0.000675 0.001038 0.000147
2030 3.709394 0.000676 0.001104 0.00015
2031 3.71007 0.000675 0.001015 0.00015
2032 3.710745 0.000676 0.001243 0.00015
2033 3.711421 0.000675 0.001234 0.00015
2034 3.712096 0.000676 0.001107 0.000145
2035 3.712772 0.000676 0.001079 0.000144
2036 3.713448 0.000675 0.00117 0.000144
2037 3.714123 0.000676 0.001185 0.000147
2038 3.714799 0.000675 0.001226 0.000148
2039 3.715474 0.000676 0.00109 0.00015
2040 3.71615 0.000675 0.000981 0.000143
2041 3.716825 0.000676 0.001073 0.000147
2042 3.717501 0.000676 0.001164 0.00016
2043 3.829632 0.000663 0.001048 0.000156
10 3.830295 0.000663 0.001076 0.000147
11 3.830958 0.000663 0.000991 0.000149
12 3.831621 0.000663 0.000836 0.000149
13 3.832284 0.000663 0.00114 0.000153
14 3.832947 0.000663 0.000938 0.000147
15 3.83361 0.000663 0.000975 0.000147
16 3.834273 0.000663 0.000852 0.000152
17 3.834936 0.000663 0.001233 0.000151
18 3.835599 0.000663 0.001036 0.00015
19 3.836262 0.000663 0.000991 0.000151
20 3.836925 0.000663 0.000984 0.000148
21 3.837588 0.000663 0.000921 0.000117
22 3.838251 0.000663 0.000826 0.000149
23 3.838914 0.000664 0.000869 0.000151
24 3.839578 0.000663 0.001087 0.00015
25 3.840241 0.000663 0.000987 0.000153
26 3.840904 0.000663 0.000996 0.000154
27 3.841567 0.000663 0.000986 0.000155
28 3.84223 0.000663 0.000922 0.000151
29 3.842893 0.000663 0.000838 0.000153
30 3.843556 0.000663 0.001066 0.000148
31 3.844219 0.000663 0.001076 0.000151
32 3.844882 0.000663 0.000977 0.000155
33 3.845545 0.000663 0.000842 0.000153
34 3.846208 0.000663 0.001028 0.000155
35 3.846871 0.000663 0.00101 0.000156
36 3.847534 0.000663 0.000944 0.00015
37 3.848197 0.000663 0.000992 0.00015
38 3.84886 0.000663 0.001086 0.00015
39 3.849523 0.000663 0.001342 0.000151
40 3.850186 0.000663 0.001079 0.000152
41 3.850849 0.000663 0.001173 0.000145
42 3.851512 0.000663 0.00119 0.000148
43 3.852175 0.000663 0.001263 0.000153
44 3.852838 0.000663 0.001183 0.000151
45 3.853501 0.000663 0.001184 0.000154
46 3.854164 0.000663 0.000854 0.000148
47 3.854827 0.000663 0.000666 0.000153
48 3.85549 0.000663 0.000517 0.00015
49 3.856153 0.000663 0.000922 0.00015
50 3.856816 0.000663 0.001003 0.000153
51 3.857479 0.000663 0.001011 0.000159
52 3.858142 0.000663 0.001002 0.000152
53 3.858805 0.000663 0.000985 0.000167
54 3.859468 0.000663 0.000683 0.000153
55 3.860131 0.000663 0.000752 0.00015
56 3.860794 0.000663 0.001181 0.000151
57 3.861457 0.000663 0.001252 0.000154
58 3.86212 0.000663 0.001268 0.000155
59 3.862783 0.000663 0.000985 0.000152
60 3.863446 0.000663 0.001128 0.000148
61 3.864109 0.000663 0.000877 0.000161
62 3.864772 0.000663 0.000956 0.000148
63 3.865435 0.000663 0.000965 0.000156
64 3.866098 0.000663 0.000978 0.000155
65 3.866761 0.000663 0.00116 0.000149
66 3.867424 0.000663 0.001051 0.000151
67 3.868087 0.000663 0.001044 0.000151
68 3.86875 0.000663 0.001116 0.000155
69 3.869413 0.000664 0.00128 0.000153
70 3.870077 0.000663 0.000925 0.000156
71 3.87074 0.000663 0.000832 0.00015
72 3.871403 0.000663 0.001014 0.000154
73 3.872066 0.000663 0.001067 0.000158
74 3.872729 0.000663 0.001185 0.000154
75 3.873392 0.000663 0.00123 0.000152
76 3.874055 0.000663 0.000965 0.000163
77 3.874718 0.000663 0.001163 0.000155
78 3.875381 0.000663 0.000963 0.000156
79 3.876044 0.000663 0.001054 0.000152
80 3.876707 0.000663 0.001056 0.000157
81 3.87737 0.000663 0.00122 0.000158
82 3.878033 0.000663 0.001232 0.000156
83 3.878696 0.000663 0.001146 0.000156
84 3.879359 0.000663 0.000762 0.00015
85 3.880022 0.000663 0.000956 0.000153
86 3.880685 0.000663 0.00096 0.000156
87 3.881348 0.000663 0.000998 0.000152
88 3.882011 0.000663 0.001039 0.000157
89 3.882674 0.000663 0.001105 0.000153
90 3.883337 0.000663 0.001204 0.000154
91 3.884 0.000663 0.00092 0.000151
92 3.884663 0.000663 0.000885 0.000159
93 3.885326 0.000663 0.001022 0.000177
94 3.885989 0.000663 0.001084 0.00016
95 3.886652 0.000663 0.001351 0.000152
96 3.887315 0.000663 0.001254 0.000157
97 3.887978 0.000663 0.00099 0.000151
98 3.888641 0.000663 0.001081 0.000155
99 3.889304 0.000663 0.000989 0.000156
100 3.889967 0.000663 0.001164 0.000166
101 3.89063 0.000663 0.001117 0.000156
102 3.891293 0.000663 0.001109 0.000156
103 3.891956 0.000663 0.001089 0.000153
104 3.892619 0.000663 0.000888 0.000156
105 3.893282 0.000663 0.000928 0.000155
106 3.893945 0.000663 0.000828 0.000153
107 3.894608 0.000663 0.000912 0.000154
108 3.895271 0.000663 0.001208 0.000151
109 3.895934 0.000663 0.001153 0.000158
110 3.896597 0.000663 0.001064 0.000156
111 3.89726 0.000663 0.000699 0.000155
112 3.897923 0.000663 0.000851 0.00016
113 3.898586 0.000663 0.001122 0.000158
114 3.899249 0.000663 0.000838 0.000158
115 3.899912 0.000664 0.000613 0.000155
116 3.900576 0.000663 0.00083 0.000153
117 3.901239 0.000663 0.001003 0.000154
118 3.901902 0.000663 0.001184 0.000154
119 3.902565 0.000663 0.001095 0.000154
120 3.903228 0.000663 0.00106 0.00016
121 3.903891 0.000663 0.000884 0.000154
122 3.904554 0.000663 0.001053 0.000156
123 3.905217 0.000663 0.001125 0.000154
124 3.90588 0.000663 0.001157 0.000152
125 3.906543 0.000663 0.000937 0.000158
126 3.907206 0.000663 0.00107 0.000154
127 3.907869 0.000663 0.000976 0.000152
128 3.908532 0.000663 0.000833 0.000155
129 3.909195 0.000663 0.001203 0.000158
130 3.909858 0.000663 0.001199 0.000154
131 3.910521 0.000663 0.001042 0.000162
132 3.911184 0.000663 0.000989 0.000159
133 3.911847 0.000663 0.000975 0.000159
134 3.91251 0.000663 0.001067 0.000159
135 3.913173 0.000663 0.000883 0.000163
136 3.913836 0.000663 0.000763 0.000164
137 3.914499 0.000663 0.000817 0.000157
138 3.915162 0.000663 0.000964 0.000156
139 3.915825 0.000663 0.000797 0.000162
140 3.916488 0.000663 0.000808 0.00016
141 3.917151 0.000663 0.001015 0.000161
142 3.917814 0.000663 0.000669 0.000163
143 3.918477 0.000663 0.000685 0.000159
144 3.91914 0.000663 0.000874 0.000156
145 3.919803 0.000663 0.000688 0.00016
146 3.920466 0.000663 0.000858 0.000158
147 3.921129 0.000663 0.000971 0.000154
148 3.921792 0.000663 0.000954 0.000155
149 3.922455 0.000663 0.000936 0.000154
150 3.923118 0.000663 0.000851 0.000157
151 3.923781 0.000663 0.000818 0.000158
152 3.924444 0.000663 0.000919 0.000156
153 3.925107 0.000663 0.001245 0.000157
154 3.92577 0.000663 0.001212 0.000157
155 3.926433 0.000663 0.001008 0.000155
156 3.927096 0.000663 0.001135 0.000163
157 3.927759 0.000663 0.001124 0.000159
158 3.928422 0.000663 0.00095 0.000157
159 3.929085 0.000663 0.001147 0.000156
160 3.929748 0.000663 0.000661 0.000151
161 3.930411 0.000663 0.000708 0.000159
162 3.931074 0.000664 0.000768 0.000156
163 3.931738 0.000663 0.000793 0.00016
164 3.932401 0.000663 0.000996 0.000159
165 3.933064 0.000663 0.001218 0.000153
166 3.933727 0.000663 0.001265 0.00016
167 3.93439 0.000663 0.001096 0.00016
168 3.935053 0.000663 0.000962 0.000164
169 3.935716 0.000663 0.00145 0.000161
170 3.936379 0.000663 0.001039 0.000154
171 3.937042 0.000663 0.000858 0.000162
172 3.937705 0.000663 0.00093 0.000155
173 3.938368 0.000663 0.000899 0.000161
174 3.939031 0.000663 0.001036 0.00016
175 3.939694 0.000663 0.001014 0.000158
176 3.940357 0.000663 0.00105 0.000177
177 3.94102 0.000663 0.001288 0.000159
178 3.941683 0.000663 0.001214 0.000162
179 3.942346 0.000663 0.000969 0.00016
180 3.943009 0.000663 0.001009 0.000156
181 3.943672 0.000663 0.001148 0.000161
182 3.944335 0.000663 0.000757 0.000163
183 3.944998 0.000663 0.00115 0.000159
184 3.945661 0.000663 0.001096 0.000155
185 3.946324 0.000663 0.000801 0.000157
186 3.946987 0.000663 0.001361 0.00016
187 3.94765 0.000663 0.000997 0.000161
188 3.948313 0.000663 0.000882 0.000162
189 3.948976 0.000663 0.00108 0.000157
190 3.949639 0.000663 0.000992 0.000158
191 3.950302 0.000663 0.000908 0.000159
192 3.950965 0.000663 0.000952 0.000158
193 3.951628 0.000663 0.001093 0.000156
194 3.952291 0.000663 0.001185 0.000156
195 3.952954 0.000663 0.001147 0.00016
196 3.953617 0.000663 0.000933 0.000158
197 3.95428 0.000663 0.000838 0.000159
198 3.954943 0.000663 0.00077 0.000161
199 3.955606 0.000663 0.001033 0.00016
200 3.956269 0.000663 0.001053 0.000161
201 3.956932 0.000663 0.000798 0.000162
202 3.957595 0.000663 0.000673 0.000163
203 3.958258 0.000663 0.001275 0.000161
204 3.958921 0.000663 0.001288 0.000158
205 3.959584 0.000663 0.001153 0.000162
206 3.960247 0.000663 0.00099 0.000161
207 3.96091 0.000663 0.001118 0.00016
208 3.961573 0.000664 0.001148 0.000159
209 3.962237 0.000663 0.001034 0.000159
210 3.9629 0.000663 0.001027 0.000161
211 3.963563 0.000663 0.001053 0.000161
212 3.964226 0.000663 0.001081 0.000164
213 3.964889 0.000663 0.001129 0.000162
214 3.965552 0.000663 0.000976 0.000157
215 3.966215 0.000663 0.001019 0.000158
216 3.966878 0.000663 0.001191 0.000157
217 3.967541 0.000663 0.00132 0.00016
218 3.968204 0.000663 0.001153 0.000159
219 3.968867 0.000663 0.001079 0.000159
220 3.96953 0.000663 0.00113 0.000158
221 3.970193 0.000663 0.000962 0.000163
222 3.970856 0.000663 0.001071 0.000163
223 3.971519 0.000663 0.001329 0.000163
224 3.972182 0.000663 0.001343 0.000169
225 3.972845 0.000663 0.001068 0.000168
226 3.973508 0.000663 0.001003 0.00017
227 3.974171 0.000663 0.001047 0.000161
228 3.974834 0.000663 0.001014 0.00016
229 3.975497 0.000663 0.001109 0.00016
230 3.97616 0.000663 0.000996 0.000159
231 3.976823 0.000663 0.001104 0.000159
232 3.977486 0.000663 0.000869 0.000163
233 3.978149 0.000663 0.001137 0.000159
234 3.978812 0.000663 0.001036 0.000159
235 3.979475 0.000663 0.001146 0.000166
236 3.980138 0.000663 0.000913 0.000159
237 3.980801 0.000663 0.001147 0.000164
238 3.981464 0.000663 0.001002 0.00016
239 3.982127 0.000663 0.001083 0.000166
240 3.98279 0.000663 0.000906 0.000167
241 3.983453 0.000663 0.000559 0.00017
242 3.984116 0.000663 0.000883 0.000172
243 3.984779 0.000663 0.001191 0.000163
244 3.985442 0.000663 0.001167 0.000167
245 3.986105 0.000663 0.001191 0.00017
246 3.986768 0.000663 0.000997 0.000162
247 3.987431 0.000663 0.000899 0.000164
248 3.988094 0.000663 0.001164 0.000162
249 3.988757 0.000663 0.00127 0.000173
250 3.98942 0.000663 0.001072 0.000166
251 3.990083 0.000663 0.000949 0.000173
252 3.990746 0.000663 0.000936 0.000162
253 3.991409 0.000663 0.001087 0.000167
254 3.992072 0.000664 0.001148 0.000168
255 3.992736 0.000663 0.001033 0.000165
256 3.993399 0.000663 0.001108 0.00017
257 3.994062 0.000663 0.001077 0.000173
258 3.994725 0.000663 0.001388 0.000161
259 3.995388 0.000663 0.001397 0.000164
260 3.996051 0.000663 0.001273 0.000164
261 3.996714 0.000663 0.001034 0.000164
262 3.997377 0.000663 0.001232 0.000164
263 3.99804 0.000663 0.001133 0.000172
264 3.998703 0.000663 0.001163 0.000169
265 3.999366 0.000663 0.001076 0.000169
266 4.000029 0.000663 0.001033 0.000165
267 4.000692 0.000663 0.001058 0.000165
268 4.001355 0.000663 0.000991 0.000164
269 4.002018 0.000663 0.000797 0.000163
270 4.002681 0.000663 0.000817 0.000173
271 4.003344 0.000663 0.0011 0.000163
272 4.004007 0.000663 0.001036 0.00016
273 4.00467 0.000663 0.001126 0.000162
274 4.005333 0.000663 0.001044 0.000164
275 4.005996 0.000663 0.001192 0.000165
276 4.006659 0.000663 0.001143 0.000161
277 4.007322 0.000663 0.001188 0.000164
278 4.007985 0.000663 0.001101 0.000161
279 4.008648 0.000663 0.000802 0.000167
280 4.009311 0.000663 0.001008 0.000167
281 4.009974 0.000663 0.001227 0.00017
282 4.010637 0.000663 0.001289 0.000162
283 4.0113 0.000663 0.00093 0.000171
284 4.011963 0.000663 0.001005 0.000165
285 4.012626 0.000663 0.001094 0.000166
286 4.013289 0.000663 0.001337 0.000162
287 4.013952 0.000663 0.001179 0.000163
288 4.014615 0.000663 0.001023 0.000168
289 4.015278 0.000663 0.000797 0.000167
290 4.015941 0.000663 0.000856 0.000171
291 4.016604 0.000663 0.001189 0.000172
292 4.017267 0.000663 0.001053 0.000165
293 4.01793 0.000663 0.001313 0.000165
294 4.018593 0.000663 0.000955 0.000167
295 4.019256 0.000663 0.001038 0.000167
296 4.019919 0.000663 0.000963 0.000162
297 4.020582 0.000663 0.001074 0.000167
298 4.021245 0.000663 0.000982 0.000168
299 4.021908 0.000663 0.001041 0.000175
300 4.022571 0.000664 0.000751 0.000165
301 4.023235 0.000663 0.000748 0.000168
302 4.023898 0.000663 0.000804 0.000173
303 4.024561 0.000663 0.001098 0.000169
304 4.025224 0.000663 0.000906 0.000163
305 4.025887 0.000663 0.000754 0.00017
306 4.02655 0.000663 0.000838 0.000172
307 4.027213 0.000663 0.000972 0.000168
308 4.027876 0.000663 0.001039 0.000166
309 4.028539 0.000663 0.000999 0.000169
310 4.029202 0.000663 0.001209 0.000171
311 4.029865 0.000663 0.001029 0.000168
312 4.030528 0.000663 0.00104 0.000167
313 4.031191 0.000663 0.001053 0.000164
314 4.031854 0.000663 0.001148 0.000166
315 4.032517 0.000663 0.001078 0.000165
316 4.03318 0.000663 0.001006 0.000167
317 4.033843 0.000663 0.000616 0.000167
318 4.034506 0.000663 0.001019 0.000166
319 4.035169 0.000663 0.001067 0.000167
320 4.035832 0.000663 0.000928 0.000166
321 4.036495 0.000663 0.000838 0.000166
322 4.037158 0.000663 0.000777 0.000169
323 4.037821 0.000663 0.000894 0.000168
324 4.038484 0.000663 0.001105 0.000172
325 4.039147 0.000663 0.001111 0.000169
326 4.03981 0.000663 0.001122 0.000166
327 4.040473 0.000663 0.000861 0.000167
328 4.041136 0.000663 0.001148 0.000167
329 4.041799 0.000663 0.001152 0.000166
330 4.042462 0.000663 0.001137 0.000167
331 4.043125 0.000663 0.000637 0.000167
332 4.043788 0.000663 0.000794 0.000173
333 4.044451 0.000663 0.001087 0.000161
334 4.045114 0.000663 0.001261 0.000168
335 4.045777 0.000663 0.001147 0.000166
336 4.04644 0.000663 0.000978 0.000172
337 4.047103 0.000663 0.00075 0.000196
338 4.047766 0.000663 0.00086 0.000173
339 4.048429 0.000663 0.000984 0.00017
340 4.049092 0.000663 0.001051 0.000171
341 4.049755 0.000663 0.000853 0.00017
342 4.050418 0.000663 0.000827 0.00017
343 4.051081 0.000663 0.000779 0.00017
344 4.051744 0.000663 0.001036 0.00017
345 4.052407 0.000663 0.001098 0.000169
346 4.05307 0.000664 0.001123 0.000185
347 4.053734 0.000663 0.001023 0.000186
348 4.054397 0.000663 0.001306 0.00018
349 4.05506 0.000663 0.001128 0.000171
350 4.055723 0.000663 0.001231 0.000167
351 4.056386 0.000663 0.00134 0.000176
352 4.057049 0.000663 0.001143 0.00017
353 4.057712 0.000663 0.000905 0.000164
354 4.058375 0.000663 0.000757 0.000168
355 4.059038 0.000663 0.000595 0.000175
356 4.059701 0.000663 0.000916 0.000166
357 4.060364 0.000663 0.000878 0.000169
358 4.061027 0.000663 0.000833 0.000174
359 4.06169 0.000663 0.00091 0.000167
360 4.062353 0.000663 0.00115 0.000172
361 4.063016 0.000663 0.001188 0.000172
362 4.063679 0.000663 0.001202 0.000166
363 4.064342 0.000663 0.000867 0.000181
364 4.065005 0.000663 0.000735 0.000174
365 4.065668 0.000663 0.001191 0.000183
366 4.066331 0.000663 0.001308 0.000174
367 4.066994 0.000663 0.001356 0.000171
368 4.067657 0.000663 0.000969 0.000167
369 4.06832 0.000663 0.0008 0.000167
370 4.068983 0.000663 0.000981 0.000185
371 4.069646 0.000663 0.001011 0.000155
372 4.070309 0.000663 0.001022 0.000186
373 4.070972 0.000663 0.000902 0.000167
374 4.071635 0.000663 0.000787 0.000176
375 4.072298 0.000663 0.001044 0.000174
376 4.072961 0.000663 0.001238 0.000186
377 4.073624 0.000663 0.001195 0.000174
378 4.074287 0.000663 0.000865 0.00017
379 4.07495 0.000663 0.000715 0.000171
380 4.075613 0.000663 0.0009 0.000171
381 4.076276 0.000663 0.000921 0.000178
382 4.076939 0.000663 0.000831 0.000176
383 4.077602 0.000663 0.00111 0.000179
384 4.078265 0.000663 0.000844 0.000172
385 4.078928 0.000663 0.000854 0.000176
386 4.079591 0.000663 0.000952 0.000177
387 4.080254 0.000663 0.001265 0.00018
388 4.080917 0.000663 0.001118 0.000177
389 4.08158 0.000663 0.001201 0.000178
390 4.082243 0.000663 0.001404 0.00017
391 4.082906 0.000663 0.00111 0.000174
392 4.083569 0.000664 0.001431 0.000173
393 4.084233 0.000663 0.001399 0.000178
394 4.084896 0.000663 0.000891 0.000181
395 4.085559 0.000663 0.001131 0.000173
396 4.086222 0.000663 0.001046 0.000174
397 4.086885 0.000663 0.001069 0.000173
398 4.087548 0.000663 0.000983 0.000181
399 4.088211 0.000663 0.000928 0.000185
400 4.088874 0.000663 0.000727 0.000183
401 4.089537 0.000663 0.000993 0.000185
402 4.0902 0.000663 0.000928 0.000175
403 4.090863 0.000663 0.000776 0.000172
404 4.091526 0.000663 0.001093 0.000176
405 4.092189 0.000663 0.001154 0.00018
406 4.092852 0.000663 0.001393 0.000179
407 4.093515 0.000663 0.001168 0.000177
408 4.094178 0.000663 0.00084 0.000186
409 4.094841 0.000663 0.000932 0.000178
410 4.095504 0.000663 0.000993 0.000177
411 4.096167 0.000663 0.000937 0.000182
412 4.09683 0.000663 0.000851 0.000178
413 4.097493 0.000663 0.000755 0.000171
414 4.098156 0.000663 0.000879 0.000175
415 4.098819 0.000663 0.001091 0.000201
416 4.099482 0.000663 0.001047 0.00018
417 4.100145 0.000663 0.000898 0.000182
418 4.100808 0.000663 0.000822 0.000177
419 4.101471 0.000663 0.000954 0.000174
420 4.102134 0.000663 0.001102 0.000174
421 4.102797 0.000663 0.000766 0.000172
422 4.10346 0.000663 0.001048 0.000183
423 4.104123 0.000663 0.001158 0.000184
424 4.104786 0.000663 0.00085 0.000185
425 4.105449 0.000663 0.000835 0.000181
426 4.106112 0.000663 0.000822 0.000184
427 4.106775 0.000663 0.001234 0.000177
428 4.107438 0.000663 0.001119 0.000181
429 4.108101 0.000663 0.000652 0.000175
430 4.108764 0.000663 0.000941 0.000179
431 4.109427 0.000663 0.0009 0.000175
432 4.11009 0.000663 0.000637 0.000176
433 4.110753 0.000663 0.000787 0.000183
434 4.111416 0.000663 0.000863 0.000179
435 4.112079 0.000663 0.001084 0.000185
436 4.112742 0.000663 0.000961 0.000182
437 4.113405 0.000663 0.001133 0.000177
438 4.114068 0.000663 0.000933 0.000178
439 4.114731 0.000664 0.001182 0.000173
440 4.115395 0.000663 0.001057 0.000188
441 4.116058 0.000663 0.000878 0.000175
442 4.116721 0.000663 0.000882 0.000183
443 4.117384 0.000663 0.001013 0.000188
444 4.118047 0.000663 0.001151 0.00019
445 4.11871 0.000663 0.000861 0.000178
446 4.119373 0.000663 0.00089 0.000179
447 4.120036 0.000663 0.001135 0.00018
448 4.120699 0.000663 0.000836 0.000184
449 4.121362 0.000663 0.00106 0.000173
450 4.122025 0.000663 0.000899 0.000197
451 4.122688 0.000663 0.00072 0.000183
452 4.123351 0.000663 0.000991 0.000181
453 4.124014 0.000663 0.000781 0.000176
454 4.124677 0.000663 0.001106 0.000175
455 4.12534 0.000663 0.001126 0.000177
456 4.126003 0.000663 0.001236 0.000185
457 4.126666 0.000663 0.001175 0.000204
458 4.127329 0.000663 0.001031 0.000175
459 4.127992 0.000663 0.001573 0.000183
460 4.128655 0.000663 0.001529 0.000186
461 4.129318 0.000663 0.001388 0.00018
462 4.129981 0.000663 0.000998 0.000182
463 4.130644 0.000663 0.000981 0.000182
464 4.131307 0.000663 0.000899 0.000195
465 4.13197 0.000663 0.001117 0.000186
466 4.132633 0.000663 0.001282 0.000185
467 4.133296 0.000663 0.001167 0.000181
468 4.133959 0.000663 0.001016 0.000182
469 4.134622 0.000663 0.000625 0.000191
470 4.135285 0.000663 0.000785 0.000181
471 4.135948 0.000663 0.001098 0.00018
472 4.136611 0.000663 0.000984 0.000177
473 4.137274 0.000663 0.001131 0.000179
474 4.137937 0.000663 0.001157 0.00018
475 4.1386 0.000663 0.000865 0.000181
476 4.139263 0.000663 0.000817 0.00018
477 4.139926 0.000663 0.00085 0.000182
478 4.140589 0.000663 0.000843 0.000178
479 4.141252 0.000663 0.001074 0.000181
480 4.141915 0.000663 0.001216 0.000179
481 4.142578 0.000663 0.000598 0.000182
482 4.143241 0.000663 0.000755 0.00018
483 4.143904 0.000663 0.000976 0.000175
484 4.144567 0.000663 0.00129 0.00018
485 4.14523 0.000664 0.001108 0.00018
486 4.145894 0.000663 0.001264 0.000182
487 4.146557 0.000663 0.00116 0.000176
488 4.14722 0.000663 0.001067 0.000177
489 4.147883 0.000663 0.000981 0.000188
490 4.148546 0.000663 0.001029 0.00016
491 4.149209 0.000663 0.001156 0.000189
492 4.149872 0.000663 0.001054 0.000187
493 4.150535 0.000663 0.001279 0.000185
494 4.151198 0.000663 0.000908 0.000188
495 4.151861 0.000663 0.000653 0.000178
496 4.152524 0.000663 0.001062 0.00018
497 4.153187 0.000663 0.000804 0.000185
498 4.15385 0.000663 0.000817 0.000188
499 4.154513 0.000663 0.000922 0.000176
500 4.155176 0.000663 0.001129 0.000174
501 4.155839 0.000663 0.001003 0.000176
502 4.156502 0.000663 0.001195 0.000174
503 4.157165 0.000663 0.001202 0.00018
504 4.157828 0.000663 0.001022 0.000181
505 4.158491 0.000663 0.000917 0.000181
506 4.159154 0.000663 0.001171 0.000187
507 4.159817 0.000663 0.001171 0.000194
508 4.16048 0.000663 0.001099 0.000198
509 4.161143 0.000663 0.000781 0.000184
510 4.161806 0.000663 0.001221 0.000181
511 4.162469 0.000663 0.001248 0.000181
512 4.163132 0.000663 0.000913 0.000187
513 4.163795 0.000663 0.000864 0.000201
514 4.164458 0.000663 0.00071 0.000186
515 4.165121 0.000663 0.000883 0.000179
516 4.165784 0.000663 0.001297 0.000197
517 4.166447 0.000663 0.001631 0.000192
518 4.16711 0.000663 0.001174 0.000188
519 4.167773 0.000663 0.001053 0.000185
520 4.168436 0.000663 0.000839 0.000176
521 4.169099 0.000663 0.000693 0.000185
522 4.169762 0.000663 0.000985 0.000185
523 4.170425 0.000663 0.000885 0.000188
524 4.171088 0.000663 0.000926 0.000197
525 4.171751 0.000663 0.001053 0.000196
526 4.172414 0.000663 0.000962 0.000196
527 4.173077 0.000663 0.000935 0.000182
528 4.17374 0.000663 0.000996 0.000183
529 4.174403 0.000663 0.000926 0.000187
530 4.175066 0.000663 0.001072 0.000185
531 4.175729 0.000664 0.001031 0.000185
532 4.176393 0.000663 0.000782 0.000187
533 4.177056 0.000663 0.000619 0.000188
534 4.177719 0.000663 0.001098 0.000185
535 4.178382 0.000663 0.001124 0.000184
536 4.179045 0.000663 0.00124 0.00019
537 4.179708 0.000663 0.001033 0.000186
538 4.180371 0.000663 0.001403 0.000185
539 4.181034 0.000663 0.001045 0.000185
540 4.181697 0.000663 0.001039 0.000183
541 4.18236 0.000663 0.001194 0.000184
542 4.183023 0.000663 0.001267 0.000194
543 4.183686 0.000663 0.001157 0.000192
544 4.184349 0.000663 0.001353 0.000183
545 4.185012 0.000663 0.00129 0.000182
546 4.185675 0.000663 0.000593 0.000182
547 4.186338 0.000663 0.000748 0.000184
548 4.187001 0.000663 0.001033 0.000195
549 4.187664 0.000663 0.001163 0.000191
550 4.188327 0.000663 0.000947 0.00019
551 4.18899 0.000663 0.000915 0.000194
552 4.189653 0.000663 0.000766 0.000184
553 4.190316 0.000663 0.001149 0.000195
554 4.190979 0.000663 0.001157 0.000186
555 4.191642 0.000663 0.000833 0.000186
556 4.192305 0.000663 0.000958 0.000179
557 4.192968 0.000663 0.000637 0.000191
558 4.193631 0.000663 0.000848 0.000189
559 4.194294 0.000663 0.001057 0.000188
560 4.194957 0.000663 0.000998 0.000182
561 4.19562 0.000663 0.001091 0.000192
562 4.196283 0.000663 0.001138 0.000182
563 4.196946 0.000663 0.001054 0.000183
564 4.197609 0.000663 0.000958 0.000184
565 4.198272 0.000663 0.001163 0.000186
566 4.198935 0.000663 0.000889 0.000209
567 4.199598 0.000663 0.001155 0.000188
568 4.200261 0.000663 0.000801 0.000188
569 4.200924 0.000663 0.000935 0.000183
570 4.201587 0.000663 0.00085 0.000184
571 4.20225 0.000663 0.001014 0.000187
572 4.202913 0.000663 0.001252 0.000186
573 4.203576 0.000663 0.001178 0.000202
574 4.204239 0.000663 0.000965 0.000183
575 4.204902 0.000663 0.000653 0.000194
576 4.205565 0.000663 0.001214 0.000186
577 4.206228 0.000664 0.001289 0.000202
578 4.206892 0.000663 0.000778 0.000188
579 4.207555 0.000663 0.000913 0.00018
580 4.208218 0.000663 0.001278 0.000193
581 4.208881 0.000663 0.001075 0.000181
582 4.209544 0.000663 0.000984 0.000205
583 4.210207 0.000663 0.001086 0.000202
584 4.21087 0.000663 0.000914 0.000186
585 4.211533 0.000663 0.001195 0.000196
586 4.212196 0.000663 0.000749 0.000184
587 4.212859 0.000663 0.000838 0.000187
588 4.213522 0.000663 0.00122 0.000191
589 4.214185 0.000663 0.001348 0.00019
590 4.214848 0.000663 0.001083 0.000185
591 4.215511 0.000663 0.001337 0.000195
592 4.216174 0.000663 0.001142 0.000193
593 4.216837 0.000663 0.000854 0.000185
594 4.2175 0.000663 0.000977 0.000191
595 4.218163 0.000663 0.000933 0.000192
596 4.218826 0.000663 0.001058 0.000205
597 4.219489 0.000663 0.000897 0.000177
598 4.220152 0.000663 0.000804 0.000204
599 4.220815 0.000663 0.001027 0.000192
600 4.221478 0.000663 0.001063 0.000187
601 4.222141 0.000663 0.001292 0.0002
602 4.222804 0.000663 0.00127 0.000189
603 4.223467 0.000663 0.001111 0.00019
604 4.22413 0.000663 0.001254 0.000184
605 4.224793 0.000663 0.000933 0.000196
606 4.225456 0.000663 0.000952 0.000187
607 4.226119 0.000663 0.000976 0.000184
608 4.226782 0.000663 0.000847 0.000191
609 4.227445 0.000663 0.000803 0.00021
610 4.228108 0.000663 0.00082 0.000201
611 4.228771 0.000663 0.001062 0.000188
612 4.229434 0.000663 0.000931 0.000188
613 4.230097 0.000663 0.000727 0.000191
614 4.23076 0.000663 0.000697 0.00018
615 4.231423 0.000663 0.00086 0.000197
616 4.232086 0.000663 0.000872 0.000192
617 4.232749 0.000663 0.001139 0.000185
618 4.233412 0.000663 0.000724 0.000187
619 4.234075 0.000663 0.001014 0.000187
620 4.234738 0.000663 0.00126 0.000192
621 4.235401 0.000663 0.001202 0.000195
622 4.236064 0.000663 0.00111 0.000186
623 4.236727 0.000664 0.001418 0.000194
624 4.237391 0.000663 0.00123 0.000185
625 4.238054 0.000663 0.00094 0.00019
626 4.238717 0.000663 0.000886 0.000196
627 4.23938 0.000663 0.000843 0.000194
628 4.240043 0.000663 0.001276 0.000204
629 4.240706 0.000663 0.001186 0.000195
630 4.241369 0.000663 0.001038 0.000189
631 4.242032 0.000663 0.000725 0.000198
632 4.242695 0.000663 0.001227 0.000202
633 4.243358 0.000663 0.001383 0.000192
634 4.244021 0.000663 0.001071 0.000193
635 4.244684 0.000663 0.001017 0.000203
636 4.245347 0.000663 0.00121 0.000191
637 4.24601 0.000663 0.001049 0.000191
638 4.246673 0.000663 0.001098 0.000196
639 4.247336 0.000663 0.001044 0.000192
640 4.247999 0.000663 0.001203 0.000188
641 4.248662 0.000663 0.001306 0.000194
642 4.249325 0.000663 0.001052 0.000193
643 4.249988 0.000663 0.000919 0.000192
644 4.250651 0.000663 0.00081 0.000191
645 4.251314 0.000663 0.000979 0.000195
646 4.251977 0.000663 0.000787 0.000199
647 4.25264 0.000663 0.000665 0.000203
648 4.253303 0.000663 0.001177 0.000202
649 4.253966 0.000663 0.001225 0.000191
650 4.254629 0.000663 0.000975 0.000191
651 4.255292 0.000663 0.001149 0.000196
652 4.255955 0.000663 0.001156 0.000192
653 4.256618 0.000663 0.001147 0.000192
654 4.257281 0.000663 0.001055 0.000202
655 4.257944 0.000663 0.000823 0.000199
656 4.258607 0.000663 0.001076 0.000191
657 4.25927 0.000663 0.001107 0.000194
658 4.259933 0.000663 0.00131 0.0002
659 4.260596 0.000663 0.001042 0.000205
660 4.261259 0.000663 0.000767 0.000191
661 4.261922 0.000663 0.001168 0.000194
662 4.262585 0.000663 0.001012 0.000198
663 4.263248 0.000663 0.000785 0.000191
664 4.263911 0.000663 0.001198 0.000194
665 4.264574 0.000663 0.000789 0.000199
666 4.265237 0.000663 0.000663 0.000205
667 4.2659 0.000663 0.001204 0.000201
668 4.266563 0.000663 0.001462 0.000196
669 4.267226 0.000663 0.001299 0.000195
670 4.267889 0.000664 0.000968 0.000192
671 4.268553 0.000663 0.00129 0.000194
672 4.269216 0.000663 0.001166 0.000199
673 4.269879 0.000663 0.000599 0.000199
674 4.270542 0.000663 0.000811 0.000195
675 4.271205 0.000663 0.000871 0.000199
676 4.271868 0.000663 0.000838 0.000194
677 4.272531 0.000663 0.00133 0.000205
678 4.273194 0.000663 0.001245 0.000189
679 4.273857 0.000663 0.001128 0.000198
680 4.27452 0.000663 0.001565 0.000199
681 4.275183 0.000663 0.00111 0.0002
682 4.275846 0.000663 0.001094 0.000198
683 4.276509 0.000663 0.001366 0.0002
684 4.277172 0.000663 0.000818 0.000195
685 4.277835 0.000663 0.000867 0.00021
686 4.278498 0.000663 0.001094 0.000194
687 4.279161 0.000663 0.001195 0.000194
688 4.279824 0.000663 0.001001 0.000199
689 4.280487 0.000663 0.001282 0.000206
690 4.28115 0.000663 0.000821 0.000197
691 4.281813 0.000663 0.001 0.000197
692 4.282476 0.000663 0.0007 0.000198
693 4.283139 0.000663 0.000913 0.000203
694 4.283802 0.000663 0.001222 0.0002
695 4.284465 0.000663 0.001101 0.000202
696 4.285128 0.000663 0.001073 0.000194
697 4.285791 0.000663 0.001279 0.000195
698 4.286454 0.000663 0.001137 0.000194
699 4.287117 0.000663 0.000973 0.000192
700 4.28778 0.000663 0.000896 0.000206
701 4.288443 0.000663 0.000578 0.000205
702 4.289106 0.000663 0.000764 0.000199
703 4.289769 0.000663 0.001138 0.000205
704 4.290432 0.000663 0.001415 0.000197
705 4.291095 0.000663 0.001256 0.000198
706 4.291758 0.000663 0.001098 0.000191
707 4.292421 0.000663 0.000941 0.000198
708 4.293084 0.000663 0.000772 0.0002
709 4.293747 0.000663 0.001293 0.000202
710 4.29441 0.000663 0.001193 0.0002
711 4.295073 0.000663 0.001229 0.000259
712 4.295736 0.000663 0.001202 0.000243
713 4.296399 0.000663 0.001137 0.000207
714 4.297062 0.000663 0.001016 0.000226
715 4.297725 0.000663 0.000952 0.000239
716 4.298388 0.000664 0.001136 0.000203
717 4.299052 0.000663 0.001141 0.000221
718 4.299715 0.000663 0.001112 0.000185
719 4.300378 0.000663 0.001093 0.000222
720 4.301041 0.000663 0.000991 0.000203
721 4.301704 0.000663 0.001264 0.000201
722 4.302367 0.000663 0.001509 0.000213
723 4.30303 0.000663 0.000667 0.000211
724 4.303693 0.000663 0.001047 0.000205
725 4.304356 0.000663 0.000836 0.000206
726 4.305019 0.000663 0.001172 0.000229
727 4.305682 0.000663 0.00094 0.000232
728 4.306345 0.000663 0.00072 0.000215
729 4.307008 0.000663 0.000841 0.000209
730 4.307671 0.000663 0.000917 0.000208
731 4.308334 0.000663 0.000966 0.000201
732 4.308997 0.000663 0.001187 0.000206
733 4.30966 0.000663 0.000902 0.000204
734 4.310323 0.000663 0.001001 0.000202
735 4.310986 0.000663 0.001202 0.000202
736 4.311649 0.000663 0.001088 0.000212
737 4.312312 0.000663 0.001219 0.000211
738 4.312975 0.000663 0.001205 0.000199
739 4.313638 0.000663 0.001476 0.000202
740 4.314301 0.000663 0.001384 0.000205
741 4.314964 0.000663 0.001012 0.000207
742 4.315627 0.000663 0.000896 0.0002
743 4.31629 0.000663 0.001072 0.000205
744 4.316953 0.000663 0.00081 0.000204
745 4.317616 0.000663 0.000776 0.000209
746 4.318279 0.000663 0.001115 0.000223
747 4.318942 0.000663 0.001281 0.000207
748 4.319605 0.000663 0.001087 0.00021
749 4.320268 0.000663 0.000954 0.000214
750 4.320931 0.000663 0.000783 0.000217
751 4.321594 0.000663 0.000807 0.00021
752 4.322257 0.000663 0.000715 0.000209
753 4.32292 0.000663 0.001125 0.000213
754 4.323583 0.000663 0.001122 0.000208
755 4.324246 0.000663 0.000698 0.000207
756 4.324909 0.000663 0.001128 0.000217
757 4.325572 0.000663 0.000766 0.00021
758 4.326235 0.000663 0.000761 0.00022
759 4.326898 0.000663 0.000979 0.000213
760 4.327561 0.000663 0.001139 0.000204
761 4.328224 0.000663 0.001076 0.000205
762 4.328887 0.000664 0.001167 0.000208
763 4.329551 0.000663 0.001496 0.000218
764 4.330214 0.000663 0.000975 0.000214
765 4.330877 0.000663 0.000964 0.000208
766 4.33154 0.000663 0.000955 0.000204
767 4.332203 0.000663 0.001109 0.000207
768 4.332866 0.000663 0.001038 0.000223
769 4.333529 0.000663 0.000731 0.000204
770 4.334192 0.000663 0.000923 0.000208
771 4.334855 0.000663 0.000986 0.000225
772 4.335518 0.000663 0.000969 0.000204
773 4.336181 0.000663 0.001172 0.000205
774 4.336844 0.000663 0.000984 0.000207
775 4.337507 0.000663 0.000998 0.000213
776 4.33817 0.000663 0.001146 0.000215
777 4.338833 0.000663 0.001175 0.000212
778 4.339496 0.000663 0.00108 0.000218
779 4.340159 0.000663 0.000991 0.000208
780 4.340822 0.000663 0.001256 0.000209
781 4.341485 0.000663 0.001226 0.000207
782 4.342148 0.000663 0.001076 0.000209
783 4.342811 0.000663 0.000962 0.000208
784 4.343474 0.000663 0.00121 0.000206
785 4.344137 0.000663 0.000794 0.000218
786 4.3448 0.000663 0.001319 0.000216
787 4.345463 0.000663 0.001245 0.000212
788 4.346126 0.000663 0.001307 0.000215
789 4.346789 0.000663 0.000923 0.000219
790 4.347452 0.000663 0.000929 0.000235
791 4.348115 0.000663 0.000869 0.000217
792 4.348778 0.000663 0.000527 0.000214
793 4.349441 0.000663 0.000866 0.00022
794 4.350104 0.000663 0.000634 0.000219
795 4.350767 0.000663 0.001176 0.000217
796 4.35143 0.000663 0.001169 0.000223
797 4.352093 0.000663 0.000928 0.000219
798 4.352756 0.000663 0.001143 0.000222
799 4.353419 0.000663 0.001045 0.000236
800 4.354082 0.000663 0.001105 0.000226
801 4.354745 0.000663 0.000935 0.000216
802 4.355408 0.000663 0.000929 0.000213
803 4.356071 0.000663 0.000814 0.000217
804 4.356734 0.000663 0.00095 0.000216
805 4.357397 0.000663 0.001039 0.000214
806 4.35806 0.000663 0.001344 0.000219
807 4.358723 0.000663 0.000948 0.000216
808 4.359386 0.000664 0.001015 0.000212
809 4.36005 0.000663 0.000637 0.000212
810 4.360713 0.000663 0.00115 0.000213
811 4.361376 0.000663 0.001054 0.000218
812 4.362039 0.000663 0.000758 0.000212
813 4.362702 0.000663 0.001389 0.000215
814 4.363365 0.000663 0.000934 0.000212
815 4.364028 0.000663 0.000871 0.000223
816 4.364691 0.000663 0.001023 0.000218
817 4.365354 0.000663 0.001378 0.000216
818 4.366017 0.000663 0.00101 0.000204
819 4.36668 0.000663 0.001166 0.000214
820 4.367343 0.000663 0.000952 0.000232
821 4.368006 0.000663 0.000629 0.000227
822 4.368669 0.000663 0.001004 0.000219
823 4.369332 0.000663 0.001113 0.00022
824 4.369995 0.000663 0.00103 0.000217
825 4.370658 0.000663 0.001149 0.000222
826 4.371321 0.000663 0.001042 0.000219
827 4.371984 0.000663 0.000809 0.000224
828 4.372647 0.000663 0.001014 0.000221
829 4.37331 0.000663 0.000858 0.000221
830 4.373973 0.000663 0.00113 0.000223
831 4.374636 0.000663 0.001334 0.000222
832 4.375299 0.000663 0.001216 0.000219
833 4.375962 0.000663 0.001215 0.000229
834 4.376625 0.000663 0.00092 0.000226
835 4.377288 0.000663 0.001563 0.000303
836 4.377951 0.000663 0.001009 0.000231
837 4.378614 0.000663 0.000668 0.000225
838 4.379277 0.000663 0.001299 0.000254
839 4.37994 0.000663 0.000874 0.00024
840 4.380603 0.000663 0.001315 0.000232
841 4.381266 0.000663 0.001204 0.000222
842 4.381929 0.000663 0.001365 0.00022
843 4.382592 0.000663 0.001275 0.00022
844 4.383255 0.000663 0.001008 0.000229
845 4.383918 0.000663 0.000815 0.00022
846 4.384581 0.000663 0.000861 0.000238
847 4.385244 0.000663 0.000568 0.000227
848 4.385907 0.000663 0.001217 0.000226
849 4.38657 0.000663 0.001618 0.000233
850 4.387233 0.000663 0.001472 0.000251
851 4.387896 0.000663 0.001502 0.000228
852 4.388559 0.000663 0.001075 0.000232
853 4.389222 0.000663 0.00085 0.000281
854 4.389885 0.000664 0.000954 0.00023
855 4.390549 0.000663 0.000934 0.000228
856 4.391212 0.000663 0.000865 0.000228
857 4.391875 0.000663 0.00084 0.000218
858 4.392538 0.000663 0.001265 0.000228
859 4.393201 0.000663 0.000647 0.000226
860 4.393864 0.000663 0.000706 0.000225
861 4.394527 0.000663 0.000735 0.000228
862 4.39519 0.000663 0.001158 0.000231
863 4.395853 0.000663 0.001184 0.000223
864 4.396516 0.000663 0.001218 0.000235
865 4.397179 0.000663 0.001063 0.000223
866 4.397842 0.000663 0.000773 0.00023
867 4.398505 0.000663 0.001259 0.00022
868 4.399168 0.000663 0.00117 0.000223
869 4.399831 0.000663 0.001063 0.000218
870 4.400494 0.000663 0.001059 0.000235
871 4.401157 0.000663 0.001092 0.000225
872 4.40182 0.000663 0.001037 0.000224
873 4.402483 0.000663 0.000876 0.000233
874 4.403146 0.000663 0.000806 0.00024
875 4.403809 0.000663 0.000968 0.000229
876 4.404472 0.000663 0.000972 0.00022
877 4.405135 0.000663 0.000804 0.000219
878 4.405798 0.000663 0.000939 0.000231
879 4.406461 0.000663 0.001291 0.000232
880 4.407124 0.000663 0.000916 0.000227
881 4.407787 0.000663 0.00107 0.000229
882 4.40845 0.000663 0.000993 0.000232
883 4.409113 0.000663 0.001037 0.000232
884 4.409776 0.000663 0.001107 0.000228
885 4.410439 0.000663 0.00113 0.000223
886 4.411102 0.000663 0.001199 0.000224
887 4.411765 0.000663 0.00116 0.000221
888 4.412428 0.000663 0.001136 0.000224
889 4.413091 0.000663 0.001138 0.000237
890 4.413754 0.000663 0.000811 0.00023
891 4.414417 0.000663 0.000577 0.000223
892 4.41508 0.000663 0.000886 0.000229
893 4.415743 0.000663 0.001273 0.000235
894 4.416406 0.000663 0.000817 0.000243
895 4.417069 0.000663 0.000315 0.000234
896 4.417732 0.000663 0.0008 0.000233
897 4.418395 0.000663 0.000999 0.000234
898 4.419058 0.000663 0.001071 0.000224
899 4.419721 0.000663 0.001331 0.000235
900 4.420384 0.000663 0.000415 0.000245
901 4.421047 0.000664 0.000669 0.000223
902 4.421711 0.000663 0.000985 0.00023
903 4.422374 0.000663 0.00129 0.000224
904 4.423037 0.000663 0.000956 0.000233
905 4.4237 0.000663 0.001153 0.000223
906 4.424363 0.000663 0.001275 0.000229
907 4.425026 0.000663 0.00134 0.000226
908 4.425689 0.000663 0.001457 0.00024
909 4.426352 0.000663 0.001291 0.000237
910 4.427015 0.000663 0.000906 0.000237
911 4.427678 0.000663 0.001031 0.000231
912 4.428341 0.000663 0.00112 0.000224
913 4.429004 0.000663 0.001164 0.000229
914 4.429667 0.000663 0.001155 0.000234
915 4.43033 0.000663 0.001395 0.000234
916 4.430993 0.000663 0.001374 0.000237
917 4.431656 0.000663 0.001284 0.000231
918 4.432319 0.000663 0.001063 0.000227
919 4.432982 0.000663 0.001224 0.000239
920 4.433645 0.000663 0.00098 0.000231
921 4.434308 0.000663 0.001097 0.000223
922 4.434971 0.000663 0.001085 0.000231
923 4.435634 0.000663 0.000568 0.000233
924 4.436297 0.000663 0.000564 0.000233
925 4.43696 0.000663 0.000831 0.000228
926 4.437623 0.000663 0.00095 0.000231
927 4.438286 0.000663 0.00098 0.00023
928 4.438949 0.000663 0.000736 0.000227
929 4.439612 0.000663 0.001178 0.000228
930 4.440275 0.000663 0.001748 0.000231
931 4.440938 0.000663 0.001378 0.000254
932 4.441601 0.000663 0.000601 0.000241
933 4.442264 0.000663 0.000799 0.000224
934 4.442927 0.000663 0.00101 0.000221
935 4.44359 0.000663 0.000821 0.000225
936 4.444253 0.000663 0.001255 0.000233
937 4.444916 0.000663 0.001232 0.000231
938 4.445579 0.000663 0.001153 0.000236
939 4.446242 0.000663 0.000985 0.000232
940 4.446905 0.000663 0.000624 0.000236
941 4.447568 0.000663 0.001134 0.000232
942 4.448231 0.000663 0.001198 0.000228
943 4.448894 0.000663 0.001258 0.000226
944 4.449557 0.000663 0.001088 0.00024
945 4.45022 0.000663 0.001287 0.000239
946 4.450883 0.000663 0.001279 0.000247
947 4.451546 0.000664 0.001013 0.000251
948 4.45221 0.000663 0.001013 0.000236
949 4.452873 0.000663 0.00099 0.000234
950 4.453536 0.000663 0.000971 0.000227
951 4.454199 0.000663 0.00107 0.000232
952 4.454862 0.000663 0.001588 0.000237
953 4.455525 0.000663 0.001226 0.000236
954 4.456188 0.000663 0.001291 0.000234
955 4.456851 0.000663 0.001047 0.000272
956 4.457514 0.000663 0.001055 0.000247
957 4.458177 0.000663 0.001009 0.000261
958 4.45884 0.000663 0.000915 0.000241
959 4.459503 0.000663 0.001296 0.000242
960 4.460166 0.000663 0.001187 0.000236
961 4.460829 0.000663 0.000963 0.000248
962 4.461492 0.000663 0.00093 0.000239
963 4.462155 0.000663 0.001191 0.000239
964 4.462818 0.000663 0.001072 0.000233
965 4.463481 0.000663 0.001162 0.00023
966 4.464144 0.000663 0.001448 0.000229
967 4.464807 0.000663 0.00121 0.000236
968 4.46547 0.000663 0.001168 0.000231
969 4.466133 0.000663 0.001357 0.000242
970 4.466796 0.000663 0.001044 0.000246
971 4.467459 0.000663 0.001053 0.000247
972 4.468122 0.000663 0.001077 0.00024
973 4.468785 0.000663 0.001137 0.00024
974 4.469448 0.000663 0.000975 0.000228
975 4.470111 0.000663 0.001152 0.00023
976 4.470774 0.000663 0.000595 0.000239
977 4.471437 0.000663 0.000993 0.000237
978 4.4721 0.000663 0.001315 0.000244
979 4.472763 0.000663 0.001059 0.000239
980 4.473426 0.000663 0.001016 0.000231
981 4.474089 0.000663 0.000886 0.000234
982 4.474752 0.000663 0.001301 0.000237
983 4.475415 0.000663 0.00147 0.000253
984 4.476078 0.000663 0.000979 0.00024
985 4.476741 0.000663 0.001148 0.000231
986 4.477404 0.000663 0.0008 0.000232
987 4.478067 0.000663 0.001113 0.000238
988 4.47873 0.000663 0.000657 0.000237
989 4.479393 0.000663 0.000639 0.000238
990 4.480056 0.000663 0.000971 0.000229
991 4.480719 0.000663 0.000976 0.000238
992 4.481382 0.000663 0.001113 0.000236
993 4.482045 0.000664 0.001091 0.00025
994 4.482709 0.000663 0.000934 0.000244
995 4.483372 0.000663 0.001176 0.000253
996 4.484035 0.000663 0.000973 0.000239
997 4.484698 0.000663 0.000583 0.000239
998 4.485361 0.000663 0.001088 0.000234
999 4.486024 0.000663 0.000848 0.000246
1000 4.486687 0.000663 0.001116 0.000234
1001 4.48735 0.000663 0.001323 0.000235
1002 4.488013 0.000663 0.001192 0.000239
1003 4.488676 0.000663 0.001324 0.000242
1004 4.489339 0.000663 0.001111 0.00025
1005 4.490002 0.000663 0.001085 0.000257
1006 4.490665 0.000663 0.001151 0.000234
1007 4.491328 0.000663 0.0013 0.000243
1008 4.491991 0.000663 0.001089 0.000236
1009 4.492654 0.000663 0.000738 0.000237
1010 4.493317 0.000663 0.001269 0.000256
1011 4.49398 0.000663 0.000639 0.000256
1012 4.494643 0.000663 0.000834 0.000241
1013 4.495306 0.000663 0.000733 0.000242
1014 4.495969 0.000663 0.000977 0.000293
1015 4.496632 0.000663 0.000634 0.000282
1016 4.497295 0.000663 0.000927 0.000241
1017 4.497958 0.000663 0.000689 0.000254
1018 4.498621 0.000663 0.0009 0.000233
1019 4.499284 0.000663 0.000735 0.000247
1020 4.499947 0.000663 0.001174 0.000244
1021 4.50061 0.000663 0.001313 0.000242
1022 4.501273 0.000663 0.001518 0.000257
1023 4.501936 0.000663 0.001572 0.000265
1024 4.502599 0.000663 0.00134 0.000236
1025 4.503262 0.000663 0.000928 0.000226
1026 4.503925 0.000663 0.001327 0.000254
1027 4.504588 0.000663 0.001192 0.000254
1028 4.505251 0.000663 0.000845 0.000249
1029 4.505914 0.000663 0.000676 0.000246
1030 4.506577 0.000663 0.000852 0.000274
1031 4.50724 0.000663 0.001125 0.000292
1032 4.507903 0.000663 0.000706 0.000245
1033 4.508566 0.000663 0.001009 0.000231
1034 4.509229 0.000663 0.000638 0.000231
1035 4.509892 0.000663 0.000631 0.000242
1036 4.510555 0.000663 0.001023 0.000243
1037 4.511218 0.000663 0.001084 0.000256
1038 4.511881 0.000663 0.001262 0.000262
1039 4.512544 0.000664 0.001367 0.000244
1040 4.513208 0.000663 0.001425 0.000248
1041 4.513871 0.000663 0.001463 0.000242
1042 4.514534 0.000663 0.001375 0.000244
1043 4.515197 0.000663 0.000748 0.000269
1044 4.51586 0.000663 0.000785 0.000238
1045 4.516523 0.000663 0.000849 0.000241
1046 4.517186 0.000663 0.000989 0.000243
1047 4.517849 0.000663 0.001317 0.000264
1048 4.518512 0.000663 0.001102 0.000239
1049 4.519175 0.000663 0.001045 0.000246
1050 4.519838 0.000663 0.000863 0.000244
1051 4.520501 0.000663 0.001393 0.000253
1052 4.521164 0.000663 0.001202 0.000247
1053 4.521827 0.000663 0.000608 0.000259
1054 4.52249 0.000663 0.00092 0.000252
1055 4.523153 0.000663 0.000884 0.000248
1056 4.523816 0.000663 0.001003 0.000243
1057 4.524479 0.000663 0.001354 0.000236
1058 4.525142 0.000663 0.001033 0.000238
1059 4.525805 0.000663 0.001135 0.000243
1060 4.526468 0.000663 0.001285 0.000253
1061 4.527131 0.000663 0.001139 0.00026
1062 4.527794 0.000663 0.000836 0.000252
1063 4.528457 0.000663 0.000837 0.000247
1064 4.52912 0.000663 0.00105 0.000249
1065 4.529783 0.000663 0.000876 0.000258
1066 4.530446 0.000663 0.001173 0.00025
1067 4.531109 0.000663 0.001011 0.000248
1068 4.531772 0.000663 0.001612 0.000257
1069 4.532435 0.000663 0.001732 0.000257
1070 4.533098 0.000663 0.001197 0.000256
1071 4.533761 0.000663 0.00099 0.000276
1072 4.534424 0.000663 0.000853 0.000246
1073 4.535087 0.000663 0.000999 0.000247
1074 4.53575 0.000663 0.001123 0.000243
1075 4.536413 0.000663 0.001318 0.000243
1076 4.537076 0.000663 0.001185 0.000246
1077 4.537739 0.000663 0.001322 0.000255
1078 4.538402 0.000663 0.001276 0.000243
1079 4.539065 0.000663 0.000782 0.000255
1080 4.539728 0.000663 0.001081 0.000249
1081 4.540391 0.000663 0.001459 0.000252
1082 4.541054 0.000663 0.001314 0.000241
1083 4.541717 0.000663 0.001497 0.000245
1084 4.54238 0.000663 0.001245 0.000254
1085 4.543043 0.000664 0.000918 0.000234
1086 4.543707 0.000663 0.001165 0.000247
1087 4.54437 0.000663 0.001008 0.000245
1088 4.545033 0.000663 0.001153 0.000251
1089 4.545696 0.000663 0.000909 0.000273
1090 4.546359 0.000663 0.001314 0.00026
1091 4.547022 0.000663 0.001335 0.000252
1092 4.547685 0.000663 0.000994 0.000242
1093 4.548348 0.000663 0.001226 0.000253
1094 4.549011 0.000663 0.001548 0.000245
1095 4.549674 0.000663 0.000471 0.000252
1096 4.550337 0.000663 0.000936 0.000246
1097 4.551 0.000663 0.000842 0.000272
1098 4.551663 0.000663 0.000599 0.000263
1099 4.552326 0.000663 0.001308 0.000257
1100 4.552989 0.000663 0.001277 0.00026
1101 4.553652 0.000663 0.001447 0.000244
1102 4.554315 0.000663 0.001398 0.000258
1103 4.554978 0.000663 0.000952 0.000249
1104 4.555641 0.000663 0.001516 0.00028
1105 4.556304 0.000663 0.000801 0.000247
1106 4.556967 0.000663 0.000707 0.000258
1107 4.55763 0.000663 0.000546 0.000253
1108 4.558293 0.000663 0.000977 0.000253
1109 4.558956 0.000663 0.00116 0.000255
1110 4.559619 0.000663 0.001051 0.000258
1111 4.560282 0.000663 0.001335 0.000514
1112 4.560945 0.000663 0.001275 0.000255
1113 4.561608 0.000663 0.001081 0.000253
1114 4.562271 0.000663 0.001009 0.000256
1115 4.562934 0.000663 0.001202 0.000351
1116 4.563597 0.000663 0.001581 0.000264
1117 4.56426 0.000663 0.000664 0.000242
1118 4.564923 0.000663 0.001015 0.000252
1119 4.565586 0.000663 0.00118 0.00025
1120 4.566249 0.000663 0.001138 0.000262
1121 4.566912 0.000663 0.00125 0.000255
1122 4.567575 0.000663 0.001337 0.000262
1123 4.568238 0.000663 0.00131 0.00025
1124 4.568901 0.000663 0.000965 0.000247
1125 4.569564 0.000663 0.001188 0.00026
1126 4.570227 0.000663 0.001209 0.00024
1127 4.57089 0.000663 0.000847 0.000248
1128 4.571553 0.000663 0.000834 0.000252
1129 4.572216 0.000663 0.001267 0.000243
1130 4.572879 0.000663 0.001136 0.000249
1131 4.573542 0.000663 0.001147 0.000252
1132 4.574205 0.000664 0.001282 0.000249
1133 4.574869 0.000663 0.000912 0.000253
1134 4.575532 0.000663 0.001003 0.000245
1135 4.576195 0.000663 0.001096 0.000254
1136 4.576858 0.000663 0.001326 0.000273
1137 4.577521 0.000663 0.000927 0.000265
1138 4.578184 0.000663 0.000965 0.000249
1139 4.578847 0.000663 0.000825 0.00025
1140 4.57951 0.000663 0.000953 0.000251
1141 4.580173 0.000663 0.001231 0.000263
1142 4.580836 0.000663 0.00115 0.000261
1143 4.581499 0.000663 0.000407 0.000254
1144 4.582162 0.000663 0.000967 0.000264
1145 4.582825 0.000663 0.000582 0.000252
1146 4.583488 0.000663 0.000921 0.000251
1147 4.584151 0.000663 0.000899 0.000259
1148 4.584814 0.000663 0.000419 0.000322
1149 4.585477 0.000663 0.000964 0.00031
1150 4.58614 0.000663 0.001672 0.000295
1151 4.586803 0.000663 0.001393 0.000282
1152 4.587466 0.000663 0.001041 0.000258
1153 4.588129 0.000663 0.000947 0.000263
1154 4.588792 0.000663 0.000602 0.000266
1155 4.589455 0.000663 0.000809 0.000273
1156 4.590118 0.000663 0.001468 0.000264
1157 4.590781 0.000663 0.00116 0.000252
1158 4.591444 0.000663 0.001239 0.000255
1159 4.592107 0.000663 0.000851 0.000256
1160 4.59277 0.000663 0.00094 0.00024
1161 4.593433 0.000663 0.001042 0.000245
1162 4.594096 0.000663 0.000764 0.000272
1163 4.594759 0.000663 0.001525 0.000361
1164 4.595422 0.000663 0.001248 0.000262
1165 4.596085 0.000663 0.001094 0.000263
1166 4.596748 0.000663 0.00107 0.000258
1167 4.597411 0.000663 0.001186 0.000259
1168 4.598074 0.000663 0.000822 0.000252
1169 4.598737 0.000663 0.001361 0.000254
1170 4.5994 0.000663 0.001321 0.000246
1171 4.600063 0.000663 0.001511 0.00026
1172 4.600726 0.000663 0.0015 0.000257
1173 4.601389 0.000663 0.001431 0.000266
1174 4.602052 0.000663 0.001316 0.000269
1175 4.602715 0.000663 0.000915 0.000277
1176 4.603378 0.000663 0.000714 0.000282
1177 4.604041 0.000663 0.000911 0.000257
1178 4.604704 0.000664 0.001262 0.00026
1179 4.605368 0.000663 0.001121 0.000265
1180 4.606031 0.000663 0.001545 0.000251
1181 4.606694 0.000663 0.001441 0.000245
1182 4.607357 0.000663 0.001027 0.000262
1183 4.60802 0.000663 0.00134 0.000255
1184 4.608683 0.000663 0.001826 0.000268
1185 4.609346 0.000663 0.001309 0.000272
1186 4.610009 0.000663 0.001132 0.000286
1187 4.610672 0.000663 0.001156 0.000267
1188 4.611335 0.000663 0.001679 0.000336
1189 4.611998 0.000663 0.001223 0.000255
1190 4.612661 0.000663 0.000955 0.000242
1191 4.613324 0.000663 0.001083 0.000251
1192 4.613987 0.000663 0.001411 0.000251
1193 4.61465 0.000663 0.001022 0.000267
1194 4.615313 0.000663 0.001424 0.000284
1195 4.615976 0.000663 0.001223 0.000257
1196 4.616639 0.000663 0.000925 0.000263
1197 4.617302 0.000663 0.000663 0.000265
1198 4.617965 0.000663 0.000992 0.000265
1199 4.618628 0.000663 0.000813 0.00026
1200 4.619291 0.000663 0.000886 0.00028
1201 4.619954 0.000663 0.001143 0.000257
1202 4.620617 0.000663 0.000753 0.000267
1203 4.62128 0.000663 0.001196 0.00027
1204 4.621943 0.000663 0.001497 0.000252
1205 4.622606 0.000663 0.001922 0.000259
1206 4.623269 0.000663 0.001599 0.000254
1207 4.623932 0.000663 0.001179 0.00027
1208 4.624595 0.000663 0.001271 0.00027
1209 4.625258 0.000663 0.000854 0.000258
1210 4.625921 0.000663 0.00086 0.000293
1211 4.626584 0.000663 0.000639 0.000269
1212 4.627247 0.000663 0.001633 0.00026
1213 4.62791 0.000663 0.001541 0.000259
1214 4.628573 0.000663 0.00102 0.000259
1215 4.629236 0.000663 0.000972 0.000258
1216 4.629899 0.000663 0.000911 0.000256
1217 4.630562 0.000663 0.001357 0.000279
1218 4.631225 0.000663 0.001039 0.000263
1219 4.631888 0.000663 0.000966 0.000262
1220 4.632551 0.000663 0.001199 0.000261
1221 4.633214 0.000663 0.001211 0.000273
1222 4.633877 0.000663 0.001143 0.000317
1223 4.63454 0.000663 0.001152 0.000363
1224 4.635203 0.000664 0.00081 0.000265
1225 4.635867 0.000663 0.000661 0.000253
1226 4.63653 0.000663 0.000753 0.000257
1227 4.637193 0.000663 0.000631 0.000286
1228 4.637856 0.000663 0.001008 0.000285
1229 4.638519 0.000663 0.001213 0.000271
1230 4.639182 0.000663 0.001647 0.000261
1231 4.639845 0.000663 0.00142 0.000257
1232 4.640508 0.000663 0.000976 0.00026
1233 4.641171 0.000663 0.000753 0.00026
1234 4.641834 0.000663 0.001136 0.000264
1235 4.642497 0.000663 0.000927 0.000298
1236 4.64316 0.000663 0.001259 0.000284
1237 4.643823 0.000663 0.001037 0.000254
1238 4.644486 0.000663 0.001621 0.00032
1239 4.645149 0.000663 0.001056 0.00027
1240 4.645812 0.000663 0.001195 0.000272
1241 4.646475 0.000663 0.001035 0.000265
1242 4.647138 0.000663 0.000789 0.000279
1243 4.647801 0.000663 0.001443 0.000396
1244 4.648464 0.000663 0.000691 0.000275
1245 4.649127 0.000663 0.001281 0.00031
1246 4.64979 0.000663 0.001642 0.000262
1247 4.650453 0.000663 0.000987 0.000281
1248 4.651116 0.000663 0.000917 0.000259
1249 4.651779 0.000663 0.001092 0.000275
1250 4.652442 0.000663 0.001495 0.000271
1251 4.653105 0.000663 0.001605 0.000272
1252 4.653768 0.000663 0.001238 0.000276
1253 4.654431 0.000663 0.000918 0.000264
1254 4.655094 0.000663 0.001199 0.000271
1255 4.655757 0.000663 0.0016 0.000256
1256 4.65642 0.000663 0.000967 0.000259
1257 4.657083 0.000663 0.000881 0.000248
1258 4.657746 0.000663 0.001547 0.000259
1259 4.658409 0.000663 0.001394 0.000274
1260 4.659072 0.000663 0.001536 0.000255
1261 4.659735 0.000663 0.001045 0.000273
1262 4.660398 0.000663 0.001263 0.000311
1263 4.661061 0.000663 0.001993 0.000401
1264 4.661724 0.000663 0.001032 0.000293
1265 4.662387 0.000663 0.000794 0.000259
1266 4.66305 0.000663 0.001108 0.000268
1267 4.663713 0.000663 0.001029 0.000254
1268 4.664376 0.000663 0.001115 0.000277
1269 4.665039 0.000663 0.00084 0.000263
1270 4.665702 0.000664 0.000881 0.000261
1271 4.666366 0.000663 0.000885 0.000297
1272 4.667029 0.000663 0.001187 0.000267
1273 4.667692 0.000663 0.000704 0.000277
1274 4.668355 0.000663 0.001299 0.000271
1275 4.669018 0.000663 0.001263 0.000265
1276 4.669681 0.000663 0.000963 0.000361
1277 4.670344 0.000663 0.000684 0.000252
1278 4.671007 0.000663 0.001151 0.000264
1279 4.67167 0.000663 0.001159 0.00026
1280 4.672333 0.000663 0.000994 0.000281
1281 4.672996 0.000663 0.001098 0.000272
1282 4.673659 0.000663 0.001327 0.000284
1283 4.674322 0.000663 0.001084 0.000275
1284 4.674985 0.000663 0.001249 0.00027
1285 4.675648 0.000663 0.001247 0.000272
1286 4.676311 0.000663 0.001228 0.000323
1287 4.676974 0.000663 0.001359 0.000259
1288 4.677637 0.000663 0.000803 0.00026
1289 4.6783 0.000663 0.00119 0.000271
1290 4.678963 0.000663 0.001184 0.000258
1291 4.679626 0.000663 0.0012 0.000269
1292 4.680289 0.000663 0.001074 0.000267
1293 4.680952 0.000663 0.001348 0.000275
1294 4.681615 0.000663 0.001215 0.000272
1295 4.682278 0.000663 0.001039 0.000272
1296 4.682941 0.000663 0.000809 0.000285
1297 4.683604 0.000663 0.001042 0.000274
1298 4.684267 0.000663 0.001388 0.000269
1299 4.68493 0.000663 0.001179 0.000284
1300 4.685593 0.000663 0.000981 0.000276
1301 4.686256 0.000663 0.001208 0.000277
1302 4.686919 0.000663 0.00081 0.000252
1303 4.687582 0.000663 0.001099 0.000253
1304 4.688245 0.000663 0.001246 0.000262
1305 4.688908 0.000663 0.001335 0.000264
1306 4.689571 0.000663 0.001107 0.000268
1307 4.690234 0.000663 0.000564 0.00027
1308 4.690897 0.000663 0.000742 0.00028
1309 4.69156 0.000663 0.001183 0.000272
1310 4.692223 0.000663 0.001107 0.000279
1311 4.692886 0.000663 0.001109 0.000268
1312 4.693549 0.000663 0.000819 0.00026
1313 4.694212 0.000663 0.00083 0.000315
1314 4.694875 0.000663 0.00061 0.000277
1315 4.695538 0.000663 0.001028 0.000256
1316 4.696201 0.000664 0.001489 0.000263
1317 4.696865 0.000663 0.000985 0.000277
1318 4.697528 0.000663 0.001102 0.000269
1319 4.698191 0.000663 0.001238 0.000284
1320 4.698854 0.000663 0.001342 0.000282
1321 4.699517 0.000663 0.000811 0.000274
1322 4.70018 0.000663 0.000808 0.000283
1323 4.700843 0.000663 0.001121 0.000278
1324 4.701506 0.000663 0.001123 0.000272
1325 4.702169 0.000663 0.001238 0.00027
1326 4.702832 0.000663 0.00167 0.000267
1327 4.703495 0.000663 0.001085 0.000282
1328 4.704158 0.000663 0.001251 0.00028
1329 4.704821 0.000663 0.0011 0.000276
1330 4.705484 0.000663 0.00138 0.00036
1331 4.706147 0.000663 0.001182 0.000274
1332 4.70681 0.000663 0.000655 0.000267
1333 4.707473 0.000663 0.001132 0.000274
1334 4.708136 0.000663 0.001095 0.000276
1335 4.708799 0.000663 0.001275 0.000385
1336 4.709462 0.000663 0.000916 0.000281
1337 4.710125 0.000663 0.000958 0.000273
1338 4.710788 0.000663 0.001149 0.000274
1339 4.711451 0.000663 0.001276 0.000277
1340 4.712114 0.000663 0.001079 0.000269
1341 4.712777 0.000663 0.000814 0.000271
1342 4.71344 0.000663 0.000552 0.000277
1343 4.714103 0.000663 0.00071 0.000294
1344 4.714766 0.000663 0.001029 0.000279
1345 4.715429 0.000663 0.000795 0.000277
1346 4.716092 0.000663 0.001048 0.000266
1347 4.716755 0.000663 0.001109 0.00027
1348 4.717418 0.000663 0.000969 0.000274
1349 4.718081 0.000663 0.00088 0.000285
1350 4.718744 0.000663 0.001163 0.000339
1351 4.719407 0.000663 0.000708 0.000286
1352 4.72007 0.000663 0.001125 0.000364
1353 4.720733 0.000663 0.000809 0.000277
1354 4.721396 0.000663 0.000435 0.000281
1355 4.722059 0.000663 0.000997 0.000333
1356 4.722722 0.000663 0.00107 0.000257
1357 4.723385 0.000663 0.001089 0.000308
1358 4.724048 0.000663 0.001509 0.000264
1359 4.724711 0.000663 0.001222 0.000268
1360 4.725374 0.000663 0.000889 0.000276
1361 4.726037 0.000663 0.001255 0.000279
1362 4.7267 0.000663 0.001073 0.0003
1363 4.727363 0.000664 0.001003 0.000282
1364 4.728027 0.000663 0.001067 0.000306
1365 4.72869 0.000663 0.00147 0.000278
1366 4.729353 0.000663 0.001254 0.000272
1367 4.730016 0.000663 0.000817 0.000269
1368 4.730679 0.000663 0.000767 0.000292
1369 4.731342 0.000663 0.001033 0.0003
1370 4.732005 0.000663 0.001069 0.000273
1371 4.732668 0.000663 0.001234 0.000271
1372 4.733331 0.000663 0.001167 0.000282
1373 4.733994 0.000663 0.00105 0.000268
1374 4.734657 0.000663 0.001159 0.000277
1375 4.73532 0.000663 0.001123 0.000275
1376 4.735983 0.000663 0.001401 0.000282
1377 4.736646 0.000663 0.001039 0.000271
1378 4.737309 0.000663 0.001175 0.000272
1379 4.737972 0.000663 0.001286 0.000282
1380 4.738635 0.000663 0.001163 0.000269
1381 4.739298 0.000663 0.00113 0.00027
1382 4.739961 0.000663 0.001203 0.000269
1383 4.740624 0.000663 0.000755 0.000281
1384 4.741287 0.000663 0.001021 0.000285
1385 4.74195 0.000663 0.001435 0.00029
1386 4.742613 0.000663 0.001056 0.000281
1387 4.743276 0.000663 0.001233 0.00027
1388 4.743939 0.000663 0.00094 0.000281
1389 4.744602 0.000663 0.000456 0.000275
1390 4.745265 0.000663 0.000547 0.000278
1391 4.745928 0.000663 0.000995 0.000315
1392 4.746591 0.000663 0.001068 0.000283
1393 4.747254 0.000663 0.00147 0.000321
1394 4.747917 0.000663 0.001277 0.000276
1395 4.74858 0.000663 0.001506 0.000321
1396 4.749243 0.000663 0.001614 0.000287
1397 4.749906 0.000663 0.001368 0.000283
1398 4.750569 0.000663 0.000598 0.00027
1399 4.751232 0.000663 0.000762 0.000289
1400 4.751895 0.000663 0.000653 0.000293
1401 4.752558 0.000663 0.000991 0.000395
1402 4.753221 0.000663 0.000961 0.000276
1403 4.753884 0.000663 0.000865 0.000274
1404 4.754547 0.000663 0.000558 0.0003
1405 4.75521 0.000663 0.001045 0.000305
1406 4.755873 0.000663 0.000977 0.000392
1407 4.756536 0.000663 0.000948 0.000276
1408 4.757199 0.000663 0.001708 0.000275
1409 4.757862 0.000664 0.001449 0.000276
1410 4.758526 0.000663 0.001158 0.000273
1411 4.759189 0.000663 0.001382 0.000277
1412 4.759852 0.000663 0.001595 0.000277
1413 4.760515 0.000663 0.001192 0.000278
1414 4.761178 0.000663 0.001281 0.000288
1415 4.761841 0.000663 0.000881 0.00028
1416 4.762504 0.000663 0.000897 0.000294
1417 4.763167 0.000663 0.001028 0.000293
1418 4.76383 0.000663 0.001066 0.000284
1419 4.764493 0.000663 0.001126 0.000292
1420 4.765156 0.000663 0.001108 0.000277
1421 4.765819 0.000663 0.000934 0.000289
1422 4.766482 0.000663 0.000872 0.000295
1423 4.767145 0.000663 0.001222 0.000285
1424 4.767808 0.000663 0.001003 0.000287
1425 4.768471 0.000663 0.00191 0.000334
1426 4.769134 0.000663 0.000583 0.000285
1427 4.769797 0.000663 0.000541 0.000279
1428 4.77046 0.000663 0.001102 0.000281
1429 4.771123 0.000663 0.000802 0.000281
1430 4.771786 0.000663 0.000985 0.000286
1431 4.772449 0.000663 0.001357 0.000287
1432 4.773112 0.000663 0.001593 0.000286
1433 4.773775 0.000663 0.001555 0.000292
1434 4.774438 0.000663 0.001242 0.000297
1435 4.775101 0.000663 0.0015 0.000286
1436 4.775764 0.000663 0.001108 0.000284
1437 4.776427 0.000663 0.001478 0.000282
1438 4.77709 0.000663 0.001344 0.000277
1439 4.777753 0.000663 0.000858 0.000288
1440 4.778416 0.000663 0.00154 0.00031
1441 4.779079 0.000663 0.001174 0.000311
1442 4.779742 0.000663 0.001394 0.00041
1443 4.780405 0.000663 0.000761 0.000289
1444 4.781068 0.000663 0.00224 0.000461
1445 4.781731 0.000663 0.001484 0.000297
1446 4.782394 0.000663 0.000721 0.000297
1447 4.783057 0.000663 0.000986 0.000295
1448 4.78372 0.000663 0.001124 0.000274
1449 4.784383 0.000663 0.000612 0.000295
1450 4.785046 0.000663 0.000745 0.000348
1451 4.785709 0.000663 0.001568 0.000283
1452 4.786372 0.000663 0.000925 0.000299
1453 4.787035 0.000663 0.000591 0.000298
1454 4.787698 0.000663 0.000826 0.000295
1455 4.788361 0.000664 0.001004 0.000298
1456 4.789025 0.000663 0.001349 0.000274
1457 4.789688 0.000663 0.00114 0.000277
1458 4.790351 0.000663 0.001291 0.000281
1459 4.791014 0.000663 0.001115 0.000303
1460 4.791677 0.000663 0.001044 0.000281
1461 4.79234 0.000663 0.000792 0.000319
1462 4.793003 0.000663 0.000723 0.000291
1463 4.793666 0.000663 0.000488 0.000322
1464 4.794329 0.000663 0.001044 0.000298
1465 4.794992 0.000663 0.000698 0.000292
1466 4.795655 0.000663 0.00145 0.000321
1467 4.796318 0.000663 0.001017 0.000348
1468 4.796981 0.000663 0.001263 0.000291
1469 4.797644 0.000663 0.000553 0.000287
1470 4.798307 0.000663 0.001166 0.000303
1471 4.79897 0.000663 0.000953 0.000277
1472 4.799633 0.000663 0.000681 0.000281
1473 4.800296 0.000663 0.000871 0.000271
1474 4.800959 0.000663 0.000815 0.000289
1475 4.801622 0.000663 0.001193 0.000293
1476 4.802285 0.000663 0.001115 0.000293
1477 4.802948 0.000663 0.000836 0.000287
1478 4.803611 0.000663 0.000981 0.000286
1479 4.804274 0.000663 0.000821 0.000292
1480 4.804937 0.000663 0.001251 0.000312
1481 4.8056 0.000663 0.001165 0.000292
1482 4.806263 0.000663 0.001041 0.000285
1483 4.806926 0.000663 0.000631 0.000279
1484 4.807589 0.000663 0.000763 0.000289
1485 4.808252 0.000663 0.001272 0.000284
1486 4.808915 0.000663 0.001352 0.000305
1487 4.809578 0.000663 0.000758 0.00028
1488 4.810241 0.000663 0.000984 0.000292
1489 4.810904 0.000663 0.001088 0.000297
1490 4.811567 0.000663 0.001092 0.000321
1491 4.81223 0.000663 0.001407 0.000316
1492 4.812893 0.000663 0.001162 0.000312
1493 4.813556 0.000663 0.00149 0.000317
1494 4.814219 0.000663 0.001362 0.000391
1495 4.814882 0.000663 0.000669 0.00038
1496 4.815545 0.000663 0.001229 0.0003
1497 4.816208 0.000663 0.001545 0.000305
1498 4.816871 0.000663 0.000534 0.000289
1499 4.817534 0.000663 0.001173 0.000292
1500 4.818197 0.000663 0.001024 0.000286
1501 4.81886 0.000664 0.001475 0.000292
1502 4.819524 0.000663 0.001277 0.000292
1503 4.820187 0.000663 0.00122 0.000288
1504 4.82085 0.000663 0.000987 0.000298
1505 4.821513 0.000663 0.001084 0.000288
1506 4.822176 0.000663 0.001261 0.00029
1507 4.822839 0.000663 0.001024 0.00028
1508 4.823502 0.000663 0.001711 0.000291
1509 4.824165 0.000663 0.000856 0.000305
1510 4.824828 0.000663 0.000882 0.000306
1511 4.825491 0.000663 0.000933 0.000332
1512 4.826154 0.000663 0.000958 0.000294
1513 4.826817 0.000663 0.00157 0.000312
1514 4.82748 0.000663 0.001024 0.000283
1515 4.828143 0.000663 0.001403 0.00029
1516 4.828806 0.000663 0.001936 0.000352
1517 4.829469 0.000663 0.001347 0.0003
1518 4.830132 0.000663 0.001457 0.000296
1519 4.830795 0.000663 0.001322 0.000278
1520 4.831458 0.000663 0.001164 0.000282
1521 4.832121 0.000663 0.000968 0.000286
1522 4.832784 0.000663 0.001342 0.000304
1523 4.833447 0.000663 0.001107 0.000294
1524 4.83411 0.000663 0.001179 0.000295
1525 4.834773 0.000663 0.001284 0.000359
1526 4.835436 0.000663 0.001029 0.00034
1527 4.836099 0.000663 0.000521 0.000311
1528 4.836762 0.000663 0.000916 0.000309
1529 4.837425 0.000663 0.001144 0.000306
1530 4.838088 0.000663 0.001288 0.000329
1531 4.838751 0.000663 0.001322 0.000301
1532 4.839414 0.000663 0.001108 0.000289
1533 4.840077 0.000663 0.001122 0.00029
1534 4.84074 0.000663 0.001369 0.000296
1535 4.841403 0.000663 0.000941 0.000301
1536 4.842066 0.000663 0.000966 0.000301
1537 4.842729 0.000663 0.001091 0.000303
1538 4.843392 0.000663 0.001115 0.000286
1539 4.844055 0.000663 0.001437 0.000336
1540 4.844718 0.000663 0.001159 0.00035
1541 4.845381 0.000663 0.001508 0.000296
1542 4.846044 0.000663 0.000815 0.000291
1543 4.846707 0.000663 0.000916 0.000283
1544 4.84737 0.000663 0.00096 0.000292
1545 4.848033 0.000663 0.00148 0.000298
1546 4.848696 0.000663 0.001166 0.000292
1547 4.849359 0.000664 0.001219 0.000297
1548 4.850023 0.000663 0.001049 0.000291
1549 4.850686 0.000663 0.000951 0.000301
1550 4.851349 0.000663 0.00054 0.000292
1551 4.852012 0.000663 0.000583 0.000293
1552 4.852675 0.000663 0.000457 0.000288
1553 4.853338 0.000663 0.001046 0.000299
1554 4.854001 0.000663 0.001268 0.000312
1555 4.854664 0.000663 0.001636 0.000298
1556 4.855327 0.000663 0.001453 0.000296
1557 4.85599 0.000663 0.000857 0.000301
1558 4.856653 0.000663 0.000928 0.000301
1559 4.857316 0.000663 0.001402 0.00032
1560 4.857979 0.000663 0.001018 0.000299
1561 4.858642 0.000663 0.001134 0.000308
1562 4.859305 0.000663 0.000769 0.000298
1563 4.859968 0.000663 0.001217 0.000289
1564 4.860631 0.000663 0.001152 0.000312
1565 4.861294 0.000663 0.001402 0.000292
1566 4.861957 0.000663 0.000797 0.000308
1567 4.86262 0.000663 0.000823 0.000333
1568 4.863283 0.000663 0.000813 0.0003
1569 4.863946 0.000663 0.00102 0.000297
1570 4.864609 0.000663 0.000688 0.000308
1571 4.865272 0.000663 0.001453 0.000353
1572 4.865935 0.000663 0.001392 0.000318
1573 4.866598 0.000663 0.000953 0.000312
1574 4.867261 0.000663 0.001297 0.000305
1575 4.867924 0.000663 0.001072 0.000304
1576 4.868587 0.000663 0.001086 0.000294
1577 4.86925 0.000663 0.001396 0.000291
1578 4.869913 0.000663 0.001292 0.000284
1579 4.870576 0.000663 0.001226 0.000297
1580 4.871239 0.000663 0.000682 0.000299
1581 4.871902 0.000663 0.000814 0.000311
1582 4.872565 0.000663 0.001505 0.000318
1583 4.873228 0.000663 0.001552 0.0003
1584 4.873891 0.000663 0.00134 0.000301
1585 4.874554 0.000663 0.001069 0.000319
1586 4.875217 0.000663 0.001594 0.000308
1587 4.87588 0.000663 0.00141 0.000305
1588 4.876543 0.000663 0.00131 0.00031
1589 4.877206 0.000663 0.001029 0.000337
1590 4.877869 0.000663 0.000861 0.000314
1591 4.878532 0.000663 0.000491 0.000304
1592 4.879195 0.000663 0.001098 0.000296
1593 4.879858 0.000663 0.001218 0.000291
1594 4.880521 0.000664 0.001399 0.000303
1595 4.881185 0.000663 0.00133 0.000286
1596 4.881848 0.000663 0.001379 0.000296
1597 4.882511 0.000663 0.001225 0.00033
1598 4.883174 0.000663 0.001012 0.000302
1599 4.883837 0.000663 0.001629 0.000303
1600 4.8845 0.000663 0.001368 0.000304
1601 4.885163 0.000663 0.00144 0.000304
1602 4.885826 0.000663 0.001079 0.00032
1603 4.886489 0.000663 0.001038 0.000318
1604 4.887152 0.000663 0.000767 0.0003
1605 4.887815 0.000663 0.0005 0.000321
1606 4.888478 0.000663 0.00129 0.000306
1607 4.889141 0.000663 0.001118 0.000298
1608 4.889804 0.000663 0.001111 0.000292
1609 4.890467 0.000663 0.000857 0.000293
1610 4.89113 0.000663 0.000563 0.000306
1611 4.891793 0.000663 0.001065 0.000307
1612 4.892456 0.000663 0.000929 0.000397
1613 4.893119 0.000663 0.001086 0.000407
1614 4.893782 0.000663 0.000948 0.000529
1615 4.894445 0.000663 0.001167 0.000441
1616 4.895108 0.000663 0.000989 0.000334
1617 4.895771 0.000663 0.000785 0.000304
1618 4.896434 0.000663 0.000791 0.000319
1619 4.897097 0.000663 0.00091 0.000335
1620 4.89776 0.000663 0.000833 0.000318
1621 4.898423 0.000663 0.001805 0.000339
1622 4.899086 0.000663 0.00136 0.000305
1623 4.899749 0.000663 0.001004 0.000317
1624 4.900412 0.000663 0.001574 0.000333
1625 4.901075 0.000663 0.001402 0.000304
1626 4.901738 0.000663 0.001231 0.000297
1627 4.902401 0.000663 0.001271 0.000294
1628 4.903064 0.000663 0.001154 0.000299
1629 4.903727 0.000663 0.001383 0.000304
1630 4.90439 0.000663 0.001357 0.000294
1631 4.905053 0.000663 0.001184 0.000294
1632 4.905716 0.000663 0.00118 0.000296
1633 4.906379 0.000663 0.000606 0.000306
1634 4.907042 0.000663 0.000777 0.000367
1635 4.907705 0.000663 0.001078 0.000308
1636 4.908368 0.000663 0.000985 0.000327
1637 4.909031 0.000663 0.000914 0.000323
1638 4.909694 0.000663 0.000514 0.000312
1639 4.910357 0.000663 0.000702 0.000311
1640 4.91102 0.000664 0.001488 0.000331
1641 4.911684 0.000663 0.001031 0.000339
1642 4.912347 0.000663 0.001044 0.000298
1643 4.91301 0.000663 0.001448 0.000319
1644 4.913673 0.000663 0.00126 0.000325
1645 4.914336 0.000663 0.001288 0.000348
1646 4.914999 0.000663 0.001197 0.000316
1647 4.915662 0.000663 0.001265 0.000313
1648 4.916325 0.000663 0.000954 0.000299
1649 4.916988 0.000663 0.001426 0.000307
1650 4.917651 0.000663 0.001899 0.000321
1651 4.918314 0.000663 0.001623 0.000319
1652 4.918977 0.000663 0.001586 0.000301
1653 4.91964 0.000663 0.001473 0.000335
1654 4.920303 0.000663 0.0021 0.00035
1655 4.920966 0.000663 0.001765 0.000324
1656 4.921629 0.000663 0.001017 0.000337
1657 4.922292 0.000663 0.000724 0.000312
1658 4.922955 0.000663 0.001532 0.000326
1659 4.923618 0.000663 0.000725 0.000297
1660 4.924281 0.000663 0.000868 0.000309
1661 4.924944 0.000663 0.001469 0.000291
1662 4.925607 0.000663 0.001177 0.000285
1663 4.92627 0.000663 0.001712 0.000306
1664 4.926933 0.000663 0.000518 0.000306
1665 4.927596 0.000663 0.001135 0.000303
1666 4.928259 0.000663 0.001322 0.000335
1667 4.928922 0.000663 0.001567 0.000444
1668 4.929585 0.000663 0.001279 0.000324
1669 4.930248 0.000663 0.000637 0.000313
1670 4.930911 0.000663 0.001578 0.000319
1671 4.931574 0.000663 0.001233 0.000334
1672 4.932237 0.000663 0.000928 0.000321
1673 4.9329 0.000663 0.001127 0.000315
1674 4.933563 0.000663 0.001121 0.000314
1675 4.934226 0.000663 0.00115 0.000306
1676 4.934889 0.000663 0.000972 0.000311
1677 4.935552 0.000663 0.001006 0.000339
1678 4.936215 0.000663 0.001677 0.000308
1679 4.936878 0.000663 0.001457 0.000311
1680 4.937541 0.000663 0.001167 0.000341
1681 4.938204 0.000663 0.000964 0.000305
1682 4.938867 0.000663 0.001376 0.000318
1683 4.93953 0.000663 0.000879 0.00033
1684 4.940193 0.000663 0.000801 0.000348
1685 4.940856 0.000663 0.000558 0.000361
1686 4.941519 0.000664 0.000792 0.000325
1687 4.942183 0.000663 0.001187 0.000425
1688 4.942846 0.000663 0.001014 0.000295
1689 4.943509 0.000663 0.000561 0.000302
1690 4.944172 0.000663 0.00103 0.000304
1691 4.944835 0.000663 0.001745 0.000367
1692 4.945498 0.000663 0.001615 0.000334
1693 4.946161 0.000663 0.001242 0.000301
1694 4.946824 0.000663 0.000653 0.000309
1695 4.947487 0.000663 0.000539 0.000306
1696 4.94815 0.000663 0.000637 0.000308
1697 4.948813 0.000663 0.000849 0.000409
1698 4.949476 0.000663 0.000971 0.000333
1699 4.950139 0.000663 0.001493 0.000318
1700 4.950802 0.000663 0.001594 0.000317
1701 4.951465 0.000663 0.001406 0.000315
1702 4.952128 0.000663 0.001057 0.000305
1703 4.952791 0.000663 0.001469 0.00031
1704 4.953454 0.000663 0.001407 0.000321
1705 4.954117 0.000663 0.001368 0.000307
1706 4.95478 0.000663 0.000842 0.000306
1707 4.955443 0.000663 0.001518 0.000412
1708 4.956106 0.000663 0.000827 0.000319
1709 4.956769 0.000663 0.000649 0.00032
1710 4.957432 0.000663 0.001167 0.00032
1711 4.958095 0.000663 0.001182 0.000321
1712 4.958758 0.000663 0.000685 0.000304
1713 4.959421 0.000663 0.001159 0.00032
1714 4.960084 0.000663 0.000907 0.000315
1715 4.960747 0.000663 0.000685 0.000314
1716 4.96141 0.000663 0.000988 0.000344
1717 4.962073 0.000663 0.000906 0.000314
1718 4.962736 0.000663 0.001128 0.000315
1719 4.963399 0.000663 0.000799 0.000349
1720 4.964062 0.000663 0.000736 0.000327
1721 4.964725 0.000663 0.000968 0.00032
1722 4.965388 0.000663 0.001092 0.000309
1723 4.966051 0.000663 0.001711 0.000306
1724 4.966714 0.000663 0.001018 0.000321
1725 4.967377 0.000663 0.000726 0.000307
1726 4.96804 0.000663 0.000914 0.000394
1727 4.968703 0.000663 0.000874 0.00035
1728 4.969366 0.000663 0.0008 0.000318
1729 4.970029 0.000663 0.001227 0.000422
1730 4.970692 0.000663 0.000953 0.000326
1731 4.971355 0.000663 0.001199 0.000333
1732 4.972018 0.000664 0.001049 0.000326
1733 4.972682 0.000663 0.001358 0.000321
1734 4.973345 0.000663 0.001388 0.000328
1735 4.974008 0.000663 0.000982 0.000357
1736 4.974671 0.000663 0.000867 0.000318
1737 4.975334 0.000663 0.001328 0.00031
1738 4.975997 0.000663 0.001229 0.00031
1739 4.97666 0.000663 0.001016 0.000327
1740 4.977323 0.000663 0.001295 0.000306
1741 4.977986 0.000663 0.000925 0.000323
1742 4.978649 0.000663 0.000943 0.000309
1743 4.979312 0.000663 0.000534 0.000321
1744 4.979975 0.000663 0.001741 0.000431
1745 4.980638 0.000663 0.000301 0.000342
1746 4.981301 0.000663 0.000646 0.000425
1747 4.981964 0.000663 0.001709 0.000391
1748 4.982627 0.000663 0.001218 0.000344
1749 4.98329 0.000663 0.001341 0.000321
1750 4.983953 0.000663 0.001296 0.000316
1751 4.984616 0.000663 0.000845 0.00031
1752 4.985279 0.000663 0.001523 0.000438
1753 4.985942 0.000663 0.001581 0.000338
1754 4.986605 0.000663 0.001835 0.000326
1755 4.987268 0.000663 0.000771 0.000305
1756 4.987931 0.000663 0.001315 0.000305
1757 4.988594 0.000663 0.000815 0.00031
1758 4.989257 0.000663 0.001396 0.000301
1759 4.98992 0.000663 0.001129 0.000314
1760 4.990583 0.000663 0.001122 0.000321
1761 4.991246 0.000663 0.0009 0.000373
1762 4.991909 0.000663 0.000682 0.000341
1763 4.992572 0.000663 0.001366 0.000346
1764 4.993235 0.000663 0.00163 0.000336
1765 4.993898 0.000663 0.000885 0.000329
1766 4.994561 0.000663 0.00105 0.000327
1767 4.995224 0.000663 0.001035 0.000343
1768 4.995887 0.000663 0.001202 0.000319
1769 4.99655 0.000663 0.000913 0.000344
1770 4.997213 0.000663 0.000918 0.000359
1771 4.997876 0.000663 0.001186 0.000324
1772 4.998539 0.000663 0.001656 0.000321
1773 4.999202 0.000663 0.001005 0.00032
1774 4.999865 0.000663 0.001094 0.000327
1775 5.000528 0.000663 0.001217 0.000382
1776 5.001191 0.000663 0.001065 0.00033
1777 5.001854 0.000663 0.001453 0.000335
1778 5.002517 0.000664 0.001054 0.00035
1779 5.003181 0.000663 0.001444 0.000346
1780 5.003844 0.000663 0.00141 0.000373
1781 5.004507 0.000663 0.001123 0.000335
1782 5.00517 0.000663 0.001276 0.000352
1783 5.005833 0.000663 0.001281 0.000342
1784 5.006496 0.000663 0.001288 0.00032
1785 5.007159 0.000663 0.000626 0.000322
1786 5.007822 0.000663 0.000751 0.000327
1787 5.008485 0.000663 0.001682 0.00043
1788 5.009148 0.000663 0.001065 0.000359
1789 5.009811 0.000663 0.001299 0.000334
1790 5.010474 0.000663 0.001069 0.000336
1791 5.011137 0.000663 0.001217 0.000326
1792 5.0118 0.000663 0.001115 0.000322
1793 5.012463 0.000663 0.000702 0.000333
1794 5.013126 0.000663 0.001046 0.00033
1795 5.013789 0.000663 0.001397 0.000327
1796 5.014452 0.000663 0.001202 0.000343
1797 5.015115 0.000663 0.001062 0.000323
1798 5.015778 0.000663 0.001026 0.000326
1799 5.016441 0.000663 0.001886 0.000336
1800 5.017104 0.000663 0.000737 0.000351
1801 5.017767 0.000663 0.001029 0.000367
1802 5.01843 0.000663 0.00105 0.000404
1803 5.019093 0.000663 0.001291 0.000367
1804 5.019756 0.000663 0.001312 0.000331
1805 5.020419 0.000663 0.001203 0.000346
1806 5.021082 0.000663 0.000729 0.000329
1807 5.021745 0.000663 0.000827 0.000429
1808 5.022408 0.000663 0.000771 0.000466
1809 5.023071 0.000663 0.001164 0.000338
1810 5.023734 0.000663 0.001415 0.000352
1811 5.024397 0.000663 0.001154 0.000326
1812 5.02506 0.000663 0.001376 0.000338
1813 5.025723 0.000663 0.001793 0.000352
1814 5.026386 0.000663 0.001126 0.000337
1815 5.027049 0.000663 0.001231 0.000333
1816 5.027712 0.000663 0.000919 0.000377
1817 5.028375 0.000663 0.000692 0.000324
1818 5.029038 0.000663 0.000842 0.000328
1819 5.029701 0.000663 0.001083 0.00034
1820 5.030364 0.000663 0.001189 0.000345
1821 5.031027 0.000663 0.001033 0.000427
1822 5.03169 0.000663 0.001638 0.000333
1823 5.032353 0.000663 0.001673 0.000332
1824 5.033016 0.000663 0.001481 0.000345
1825 5.033679 0.000664 0.00064 0.00039
1826 5.034343 0.000663 0.001171 0.000339
1827 5.035006 0.000663 0.001885 0.000327
1828 5.035669 0.000663 0.000928 0.000341
1829 5.036332 0.000663 0.001504 0.000338
1830 5.036995 0.000663 0.00154 0.000319
1831 5.037658 0.000663 0.000889 0.000332
1832 5.038321 0.000663 0.001001 0.000362
1833 5.038984 0.000663 0.000964 0.000408
1834 5.039647 0.000663 0.001633 0.000471
1835 5.04031 0.000663 0.001152 0.000347
1836 5.040973 0.000663 0.001344 0.000326
1837 5.041636 0.000663 0.000982 0.00032
1838 5.042299 0.000663 0.000932 0.000341
1839 5.042962 0.000663 0.000683 0.000352
1840 5.043625 0.000663 0.00029 0.00037
1841 5.044288 0.000663 0.000424 0.000456
1842 5.044951 0.000663 0.000585 0.000335
1843 5.045614 0.000663 0.00086 0.000339
1844 5.046277 0.000663 0.001291 0.000334
1845 5.04694 0.000663 0.000915 0.000343
1846 5.047603 0.000663 0.001179 0.000372
1847 5.048266 0.000663 0.002236 0.000399
1848 5.048929 0.000663 0.001418 0.000457
1849 5.049592 0.000663 0.000916 0.000332
1850 5.050255 0.000663 0.001562 0.000334
1851 5.050918 0.000663 0.00082 0.000339
1852 5.051581 0.000663 0.001191 0.000464
1853 5.052244 0.000663 0.001502 0.00033
1854 5.052907 0.000663 0.001541 0.000326
1855 5.05357 0.000663 0.000734 0.000322
1856 5.054233 0.000663 0.000868 0.000325
1857 5.054896 0.000663 0.001373 0.000403
1858 5.055559 0.000663 0.001176 0.000327
1859 5.056222 0.000663 0.001136 0.000342
1860 5.056885 0.000663 0.001095 0.000349
1861 5.057548 0.000663 0.001059 0.000355
1862 5.058211 0.000663 0.001165 0.000335
1863 5.058874 0.000663 0.001391 0.000356
1864 5.059537 0.000663 0.001199 0.000331
1865 5.0602 0.000663 0.000924 0.000317
1866 5.060863 0.000663 0.001008 0.000438
1867 5.061526 0.000663 0.001207 0.000354
1868 5.062189 0.000663 0.001181 0.000329
1869 5.062852 0.000663 0.001423 0.000334
1870 5.063515 0.000663 0.001134 0.000341
1871 5.064178 0.000664 0.001233 0.000403
1872 5.064842 0.000663 0.000854 0.000321
1873 5.065505 0.000663 0.001196 0.000332
1874 5.066168 0.000663 0.001061 0.000325
1875 5.066831 0.000663 0.001217 0.000334
1876 5.067494 0.000663 0.000428 0.000344
1877 5.068157 0.000663 0.001046 0.000359
1878 5.06882 0.000663 0.001212 0.000379
1879 5.069483 0.000663 0.001091 0.000359
1880 5.070146 0.000663 0.001117 0.000345
1881 5.070809 0.000663 0.001157 0.000452
1882 5.071472 0.000663 0.002354 0.000793
1883 5.072135 0.000663 0.001839 0.00036
1884 5.072798 0.000663 0.000751 0.000322
1885 5.073461 0.000663 0.000713 0.000322
1886 5.074124 0.000663 0.00081 0.00033
1887 5.074787 0.000663 0.00047 0.000324
1888 5.07545 0.000663 0.001087 0.000322
1889 5.076113 0.000663 0.000677 0.000318
1890 5.076776 0.000663 0.000958 0.00033
1891 5.077439 0.000663 0.001004 0.000326
1892 5.078102 0.000663 0.000654 0.000326
1893 5.078765 0.000663 0.001755 0.000457
1894 5.079428 0.000663 0.00151 0.000335
1895 5.080091 0.000663 0.000845 0.000331
1896 5.080754 0.000663 0.000781 0.000331
1897 5.081417 0.000663 0.000869 0.00035
1898 5.08208 0.000663 0.000724 0.000347
1899 5.082743 0.000663 0.000806 0.000331
1900 5.083406 0.000663 0.001065 0.000337
1901 5.084069 0.000663 0.001043 0.000361
1902 5.084732 0.000663 0.001213 0.000488
1903 5.085395 0.000663 0.000962 0.000392
1904 5.086058 0.000663 0.001227 0.000337
1905 5.086721 0.000663 0.000987 0.000464
1906 5.087384 0.000663 0.000917 0.000334
1907 5.088047 0.000663 0.000912 0.00033
1908 5.08871 0.000663 0.000896 0.000321
1909 5.089373 0.000663 0.001238 0.000333
1910 5.090036 0.000663 0.001633 0.00032
1911 5.090699 0.000663 0.000905 0.000355
1912 5.091362 0.000663 0.001425 0.000325
1913 5.092025 0.000663 0.000898 0.000334
1914 5.092688 0.000663 0.001428 0.000326
1915 5.093351 0.000663 0.001209 0.000328
1916 5.094014 0.000663 0.001146 0.000378
1917 5.094677 0.000664 0.001098 0.000333
1918 5.095341 0.000663 0.000982 0.000369
1919 5.096004 0.000663 0.001226 0.000378
1920 5.096667 0.000663 0.001158 0.000335
1921 5.09733 0.000663 0.001676 0.000337
1922 5.097993 0.000663 0.00201 0.000337
1923 5.098656 0.000663 0.001291 0.000339
1924 5.099319 0.000663 0.001206 0.000333
1925 5.099982 0.000663 0.001069 0.000323
1926 5.100645 0.000663 0.001195 0.000333
1927 5.101308 0.000663 0.001203 0.000328
1928 5.101971 0.000663 0.000972 0.000339
1929 5.102634 0.000663 0.001134 0.000321
1930 5.103297 0.000663 0.001467 0.000339
1931 5.10396 0.000663 0.001155 0.000351
1932 5.104623 0.000663 0.001079 0.000324
1933 5.105286 0.000663 0.00058 0.000314
1934 5.105949 0.000663 0.000895 0.000455
1935 5.106612 0.000663 0.000509 0.000324
1936 5.107275 0.000663 0.00089 0.000344
1937 5.107938 0.000663 0.001536 0.000362
1938 5.108601 0.000663 0.001155 0.000334
1939 5.109264 0.000663 0.001288 0.000347
1940 5.109927 0.000663 0.001494 0.000345
1941 5.11059 0.000663 0.000719 0.000343
1942 5.111253 0.000663 0.000683 0.000338
1943 5.111916 0.000663 0.000482 0.000337
1944 5.112579 0.000663 0.001378 0.000365
1945 5.113242 0.000663 0.001285 0.000349
1946 5.113905 0.000663 0.001132 0.000336
1947 5.114568 0.000663 0.00076 0.000355
1948 5.115231 0.000663 0.001203 0.000332
1949 5.115894 0.000663 0.001386 0.000326
1950 5.116557 0.000663 0.001393 0.000331
1951 5.11722 0.000663 0.001291 0.000343
1952 5.117883 0.000663 0.001497 0.000339
1953 5.118546 0.000663 0.001375 0.000323
1954 5.119209 0.000663 0.001599 0.000338
1955 5.119872 0.000663 0.001556 0.000337
1956 5.120535 0.000663 0.001309 0.000442
1957 5.121198 0.000663 0.000647 0.000318
1958 5.121861 0.000663 0.001026 0.000341
1959 5.122524 0.000663 0.000796 0.000358
1960 5.123187 0.000663 0.001193 0.00037
1961 5.12385 0.000663 0.001342 0.000347
1962 5.124513 0.000663 0.001122 0.000399
1963 5.125176 0.000664 0.00109 0.000349
1964 5.12584 0.000663 0.000782 0.000375
1965 5.126503 0.000663 0.001254 0.000347
1966 5.127166 0.000663 0.000805 0.000329
1967 5.127829 0.000663 0.000847 0.000389
1968 5.128492 0.000663 0.001083 0.000362
1969 5.129155 0.000663 0.001546 0.000347
1970 5.129818 0.000663 0.000861 0.000456
1971 5.130481 0.000663 0.000868 0.000318
1972 5.131144 0.000663 0.001224 0.000326
1973 5.131807 0.000663 0.000897 0.000335
1974 5.13247 0.000663 0.000655 0.000351
1975 5.133133 0.000663 0.002296 0.001042
1976 5.133796 0.000663 0.002447 0.000942
1977 5.134459 0.000663 0.001979 0.00084
1978 5.135122 0.000663 0.001016 0.000385
1979 5.135785 0.000663 0.00082 0.000361
1980 5.136448 0.000663 0.001265 0.000382
1981 5.137111 0.000663 0.000373 0.000368
1982 5.137774 0.000663 0.001272 0.000496
1983 5.138437 0.000663 0.001333 0.000338
1984 5.1391 0.000663 0.001011 0.000324
1985 5.139763 0.000663 0.001528 0.000385
1986 5.140426 0.000663 0.000864 0.000343
1987 5.141089 0.000663 0.000542 0.000344
1988 5.141752 0.000663 0.00065 0.000335
1989 5.142415 0.000663 0.000343 0.000345
1990 5.143078 0.000663 0.001031 0.000351
1991 5.143741 0.000663 0.00114 0.00033
1992 5.144404 0.000663 0.000638 0.00033
1993 5.145067 0.000663 0.001634 0.000338
1994 5.14573 0.000663 0.000963 0.000335
1995 5.146393 0.000663 0.001126 0.000332
1996 5.147056 0.000663 0.000815 0.000352
1997 5.147719 0.000663 0.001084 0.00035
1998 5.148382 0.000663 0.000906 0.000357
1999 5.149045 0.000663 0.001331 0.000358
2000 5.149708 0.000663 0.001307 0.000443
